Gene,Variant,Mislocalized,esm2_delta_score
LDHA,LDHA K222E,0.0,0.00015074015
PTEN,PTEN K6N,0.0,0.00012266636
ASS1,ASS1 K310Q,0.0,1.5079975e-05
EPHX2,EPHX2 K55R,0.0,6.198883e-06
FTH1,FTH1 K54R,0.0,0.00015097857
GNPTAB,GNPTAB K4Q,1.0,3.0994415e-06
HRAS,HRAS K117R,0.0,0.0003515482
OPTN,OPTN K435R,0.0,5.3048134e-06
IRF4,IRF4 K123R,0.0,4.887581e-06
MAP2K1,MAP2K1 K57T,0.0,3.671646e-05
APOC3,APOC3 T74A,0.0,6.401539e-05
AHCY,AHCY Y143C,0.0,1.92523e-05
ANTXR2,ANTXR2 Y381C,0.0,8.302927e-05
BBS12,BBS12 T501M,0.0,4.5895576e-06
BMP15,BMP15 Y235C,0.0,4.7266483e-05
BMP4,BMP4 S91C,0.0,1.8775463e-05
CD44,CD44 T163K,0.0,1.603365e-05
CHST6,CHST6 Y358D,0.0,3.5107136e-05
CYB5A,CYB5A T60A,0.0,9.804964e-05
DCX,DCX S47R,1.0,2.3841858e-05
DPM1,DPM1 S248P,0.0,8.571148e-05
ELF4,ELF4 S369P,0.0,3.695488e-06
ETHE1,ETHE1 Y38C,1.0,0.00018817186
GDNF,GDNF T154S,0.0,0.00022101402
MCFD2,MCFD2 Y135N,1.0,0.0010920763
MPI,MPI S102L,0.0,8.136034e-05
MSX2,MSX2 S63C,0.0,4.6014786e-05
NME1,NME1 S120G,0.0,4.684925e-05
NR3C1,NR3C1 S651F,0.0,4.5895576e-06
OPTN,OPTN T202R,0.0,2.7000904e-05
PKP2,PKP2 S140F,0.0,6.67572e-06
RDH12,RDH12 T49M,0.0,3.7312508e-05
SBDS,SBDS S143W,0.0,3.9041042e-05
SORBS1,SORBS1 T237A,0.0,2.9802322e-06
SPINT2,SPINT2 Y163C,0.0,0.0001077652
SYN3,SYN3 S470N,0.0,2.4557114e-05
TEK,TEK Y897S,0.0,5.185604e-06
TUBB2B,TUBB2B S172P,1.0,8.6426735e-06
VHL,VHL S38P,0.0,0.0001283884
KRT6A,KRT6A T552S,0.0,4.5895576e-06
B2M,B2M Y30H,0.0,0.00023543835
ERBB2,ERBB2 T182I,0.0,7.390976e-06
GPR141,GPR141 T6N,0.0,1.257658e-05
NRAS,NRAS Y64D,0.0,0.0005119443
RHOA,RHOA Y42C,0.0,0.00040268898
RHOA,RHOA Y42S,0.0,0.00056678057
SERPINB4,SERPINB4 T347N,0.0,0.00010609627
TP53,TP53 S215I,0.0,2.6226044e-05
FSHR,FSHR N191I,0.0,9.6678734e-05
CRYAA,CRYAA R21W,0.0,0.00047504902
DDX20,DDX20 R693S,0.0,5.7816505e-05
LDHB,LDHB R172H,0.0,0.00028073788
NOP10,NOP10 R34W,0.0,0.001455307
PGAM2,PGAM2 R90W,0.0,0.0001783967
TP53,TP53 R337H,0.0,3.2186508e-05
RBM10,RBM10 R171W,0.0,3.8146973e-06
GALNS,GALNS N204K,0.0,5.877018e-05
KRT8,KRT8 K464N,0.0,2.4795532e-05
MYL2,MYL2 K104E,0.0,0.00012880564
BRAF,BRAF K601E,0.0,1.5497208e-05
A2M,A2M C972Y,0.0,1.1861324e-05
A4GALT,A4GALT A219V,0.0,6.407499e-05
A4GALT,A4GALT C96Y,0.0,7.379055e-05
A4GALT,A4GALT M183K,0.0,5.030632e-05
A4GALT,A4GALT S100L,0.0,7.843971e-05
ABAT,ABAT R220K,0.0,1.4066696e-05
ABCG8,ABCG8 E423D,0.0,9.059906e-06
ABCG8,ABCG8 P231T,0.0,1.7404556e-05
ABHD5,ABHD5 E260K,0.0,5.352497e-05
ABHD5,ABHD5 E7K,0.0,0.00019961596
ACADM,ACADM A27V,0.0,1.3887882e-05
ACADM,ACADM K304E,0.0,0.00015580654
ACADM,ACADM M249V,0.0,3.4928322e-05
ACADM,ACADM R181C,0.0,5.853176e-05
ACADS,ACADS G274S,0.0,2.1278858e-05
ACADS,ACADS R46W,0.0,3.3140182e-05
ACADS,ACADS W177R,0.0,7.4863434e-05
ACADSB,ACADSB E354K,0.0,0.00012856722
ACADSB,ACADSB T115I,0.0,3.0517578e-05
ACADSB,ACADSB Y250C,0.0,5.042553e-05
ACAT2,ACAT2 I254T,0.0,3.3140182e-05
ACSM3,ACSM3 K367N,0.0,2.8789043e-05
ACTA2,ACTA2 R292G,0.0,0.00017017126
ACTB,ACTB E364K,1.0,9.441376e-05
ACTB,ACTB R183W,1.0,3.015995e-05
ACTC1,ACTC1 S273F,0.0,4.6670437e-05
ACTN4,ACTN4 K255E,1.0,1.7464161e-05
ACVR1,ACVR1 G328R,0.0,3.105402e-05
ACVR1,ACVR1 G356D,0.0,1.1861324e-05
ACVR1,ACVR1 R206H,0.0,1.7225742e-05
ACVR2B,ACVR2B R40H,0.0,1.8298626e-05
ACVR2B,ACVR2B V494I,0.0,1.090765e-05
ACVRL1,ACVRL1 C344P,1.0,3.0100346e-05
ACVRL1,ACVRL1 D330N,0.0,0.00015509129
ACVRL1,ACVRL1 E206G,0.0,2.2470951e-05
ACVRL1,ACVRL1 E215K,1.0,4.7385693e-05
ACVRL1,ACVRL1 E224K,0.0,4.7922134e-05
ACVRL1,ACVRL1 G48E,1.0,2.7954578e-05
ACVRL1,ACVRL1 K487T,0.0,2.7239323e-05
ACVRL1,ACVRL1 L337P,1.0,1.1622906e-05
ACVRL1,ACVRL1 M376R,1.0,4.4107437e-05
ACVRL1,ACVRL1 P449L,1.0,2.5331974e-05
ACVRL1,ACVRL1 R374W,1.0,1.8298626e-05
ACVRL1,ACVRL1 R484Q,0.0,8.171797e-05
ACVRL1,ACVRL1 V380G,1.0,2.8848648e-05
ADH1C,ADH1C I350V,0.0,2.5093555e-05
ADIPOQ,ADIPOQ G15G,1.0,0.0
ADIPOQ,ADIPOQ I164T,0.0,0.00020760298
ADIPOQ,ADIPOQ R112C,1.0,0.0004658699
ADORA3,ADORA3 I248L,0.0,3.7014484e-05
ADRB2,ADRB2 A119D,1.0,1.9907951e-05
AGA,AGA G302R,0.0,6.5386295e-05
AGA,AGA G60D,0.0,6.347895e-05
AGER,AGER G82S,0.0,2.8133392e-05
AGPAT2,AGPAT2 A239V,0.0,0.00017434359
AHCY,AHCY A89V,1.0,9.775162e-06
AHCY,AHCY D86G,0.0,1.0669231e-05
AHCY,AHCY R49C,1.0,3.761053e-05
AIPL1,AIPL1 M79T,0.0,3.862381e-05
AIPL1,AIPL1 R270H,0.0,2.5808811e-05
AIPL1,AIPL1 R302L,0.0,2.5570393e-05
AK2,AK2 D165G,0.0,0.0001705885
AK2,AK2 R103W,0.0,6.604195e-05
AK2,AK2 R186C,0.0,0.00015240908
AKR1C3,AKR1C3 H5Q,0.0,3.3676624e-05
AKR1C4,AKR1C4 L311V,0.0,2.1100044e-05
AKR1D1,AKR1D1 P133R,0.0,9.292364e-05
AKR1D1,AKR1D1 P198L,0.0,5.7041645e-05
AKR1D1,AKR1D1 R261C,0.0,0.0003001094
AKT1,AKT1 E242E,0.0,0.0
AKT2,AKT2 R274H,0.0,2.0563602e-05
ALAS2,ALAS2 I289T,0.0,2.8967857e-05
ALAS2,ALAS2 I476N,0.0,1.8656254e-05
ALAS2,ALAS2 R448Q,0.0,2.8729439e-05
ALDH4A1,ALDH4A1 S352L,0.0,2.2232533e-05
ALDH6A1,ALDH6A1 G446R,0.0,6.7949295e-05
ALDOA,ALDOA C338Y,0.0,1.7046928e-05
ALDOA,ALDOA D128G,0.0,2.4139881e-05
ALG12,ALG12 F142V,0.0,1.6987324e-05
ALG12,ALG12 R146Q,0.0,4.529953e-05
ALG12,ALG12 R311C,0.0,6.6399574e-05
ALG12,ALG12 T67M,0.0,3.4451485e-05
ALOX5,ALOX5 E254K,0.0,1.6272068e-05
AMACR,AMACR L107P,0.0,0.00019645691
AMACR,AMACR S52P,0.0,3.7372112e-05
AMHR2,AMHR2 D426G,0.0,1.5497208e-05
AMHR2,AMHR2 D491H,0.0,1.9609928e-05
AMHR2,AMHR2 G142V,0.0,7.5101852e-06
AMHR2,AMHR2 H282Q,1.0,7.8082085e-06
AMHR2,AMHR2 R504C,0.0,2.014637e-05
AMHR2,AMHR2 R54C,1.0,3.939867e-05
AMHR2,AMHR2 V458A,0.0,8.940697e-06
AMT,AMT G269D,0.0,8.434057e-05
AMT,AMT N145I,0.0,0.00016754866
AMT,AMT R320H,0.0,6.66976e-05
AMT,AMT V212A,0.0,5.0902367e-05
ANG,ANG G86G,0.0,5.9604645e-08
ANG,ANG P112L,1.0,0.00011605024
ANG,ANG Q12L,1.0,0.00010639429
ANGPTL3,ANGPTL3 D41N,0.0,2.3424625e-05
ANGPTL3,ANGPTL3 L164F,0.0,2.336502e-05
ANGPTL3,ANGPTL3 Y417C,0.0,5.4895878e-05
ANKRD1,ANKRD1 T116M,0.0,3.1650066e-05
ANTXR2,ANTXR2 V386F,0.0,2.3782253e-05
ANTXR2,ANTXR2 V394A,0.0,3.939867e-05
ANXA11,ANXA11 R230C,0.0,6.67572e-05
AOAH,AOAH D28N,0.0,5.066395e-06
APBB3,APBB3 T318T,0.0,5.9604645e-08
APEX1,APEX1 E126D,0.0,2.6643276e-05
APEX1,APEX1 G306A,0.0,7.241964e-05
APEX1,APEX1 Q51H,0.0,6.651878e-05
APOC3,APOC3 D45N,0.0,9.560585e-05
APOC3,APOC3 Q38K,0.0,0.00016641617
APOD,APOD F36V,0.0,0.000192523
APOD,APOD T158K,0.0,0.00012105703
APOH,APOH C306G,1.0,0.00013923645
APOH,APOH W316S,0.0,7.2836876e-05
AQP1,AQP1 N192K,1.0,2.3722649e-05
AQP1,AQP1 P38L,1.0,5.966425e-05
AQP1,AQP1 Q47R,0.0,7.343292e-05
AQP2,AQP2 G64R,1.0,0.000116705894
AQP2,AQP2 R187H,1.0,9.119511e-05
AQP2,AQP2 T126M,1.0,6.747246e-05
AQP4,AQP4 D184E,0.0,2.7120113e-05
AQP4,AQP4 I128T,0.0,4.696846e-05
AQP4,AQP4 M224T,0.0,3.9577484e-05
AQP4,AQP4 M278T,0.0,2.8371811e-05
ARG1,ARG1 T290S,0.0,2.7239323e-05
ARHGEF9,ARHGEF9 G55A,1.0,2.5391579e-05
ARL11,ARL11 C148R,0.0,0.000115692616
ARL13B,ARL13B R200C,1.0,2.9087067e-05
ARSE,ARSE G245R,0.0,1.4960766e-05
ARSE,ARSE G317R,0.0,3.9339066e-05
ARSE,ARSE P578S,0.0,1.4603138e-05
ARSE,ARSE R12S,0.0,8.225441e-06
ASPA,ASPA E285A,0.0,5.465746e-05
ASPA,ASPA I143F,0.0,0.00017523766
ASPA,ASPA M195R,0.0,7.367134e-05
ASS1,ASS1 G14S,0.0,3.170967e-05
ASS1,ASS1 V345G,0.0,1.0192394e-05
ATCAY,ATCAY S301R,0.0,1.4960766e-05
ATF6,ATF6 A145P,0.0,1.8298626e-05
ATF6,ATF6 P157S,0.0,4.172325e-06
ATP2B2,ATP2B2 G293S,0.0,8.821487e-06
ATPAF2,ATPAF2 W94R,0.0,0.000259161
AVPR2,AVPR2 N55D,0.0,2.2232533e-05
AXIN2,AXIN2 V539M,0.0,6.0796738e-06
B4GALT7,B4GALT7 A186D,0.0,6.747246e-05
BAAT,BAAT M76V,0.0,2.3186207e-05
BANK1,BANK1 A383T,0.0,5.364418e-06
BANK1,BANK1 R61H,0.0,7.1525574e-06
BBS10,BBS10 C91W,0.0,4.351139e-06
BBS12,BBS12 G540V,0.0,2.8669834e-05
BBS12,BBS12 P159L,0.0,1.7285347e-05
BBS7,BBS7 T211I,0.0,8.177757e-05
BCAM,BCAM R175Q,0.0,1.2695789e-05
BCAM,BCAM R77H,0.0,8.34465e-06
BCAM,BCAM T539A,0.0,3.8146973e-06
BCHE,BCHE L330I,0.0,3.874302e-06
BCHE,BCHE Q518L,0.0,3.0100346e-05
BCHE,BCHE Y128C,0.0,3.182888e-05
BCKDHB,BCKDHB H156R,0.0,6.7949295e-05
BCL10,BCL10 A5S,0.0,2.4676323e-05
BCL10,BCL10 L8L,0.0,5.9604645e-08
BCS1L,BCS1L P99L,0.0,3.7372112e-05
BCS1L,BCS1L Q302E,0.0,6.6161156e-05
BCS1L,BCS1L R144Q,0.0,4.196167e-05
BDNF,BDNF T2I,0.0,4.607439e-05
BEST1,BEST1 L567F,0.0,1.0371208e-05
BEST1,BEST1 R218G,0.0,1.3649464e-05
BEST1,BEST1 R92C,0.0,2.3722649e-05
BEST1,BEST1 Y85H,0.0,7.033348e-06
BHMT,BHMT R239Q,0.0,0.00016474724
BLMH,BLMH I443V,0.0,1.5437603e-05
BMI1,BMI1 C18Y,0.0,6.520748e-05
BMP15,BMP15 N196K,0.0,2.0861626e-05
BMP15,BMP15 R61Q,0.0,1.92523e-05
BMP15,BMP15 R76C,0.0,5.966425e-05
BMP4,BMP4 G168A,0.0,1.7285347e-05
BMP4,BMP4 S367T,0.0,6.4373016e-06
BMP4,BMP4 T225A,0.0,1.50203705e-05
BMP7,BMP7 R303C,0.0,0.000100553036
BMPR1B,BMPR1B I200K,0.0,3.9339066e-05
BMPR1B,BMPR1B R486Q,0.0,9.173155e-05
BMPR1B,BMPR1B R486W,0.0,0.00014430285
BMPR2,BMPR2 R491Q,0.0,2.1457672e-06
BPGM,BPGM R62Q,0.0,8.3208084e-05
BPGM,BPGM R90C,0.0,0.00034540892
BRIP1,BRIP1 P47A,0.0,9.119511e-06
BSND,BSND G284D,0.0,3.33786e-05
BSND,BSND G47R,0.0,7.510185e-05
BSND,BSND R8W,1.0,0.00010448694
BSND,BSND V43I,1.0,1.424551e-05
BST1,BST1 R125H,0.0,2.604723e-05
BTC,BTC C7G,0.0,6.03199e-05
BTK,BTK C154S,0.0,0.00032120943
BTK,BTK I56T,1.0,2.1874905e-05
BTK,BTK K430E,0.0,2.2947788e-05
BTK,BTK L358F,0.0,7.987022e-06
BTK,BTK M509I,0.0,1.9490719e-05
BTK,BTK P565L,0.0,1.090765e-05
BTK,BTK R307T,0.0,1.6331673e-05
BTK,BTK V219V,0.0,0.0
BTK,BTK V64F,0.0,3.1232834e-05
BTK,BTK Y591S,0.0,1.8298626e-05
C1QA,C1QA G70G,0.0,5.9604645e-08
C1QB,C1QB G15D,0.0,2.8431416e-05
C1QB,C1QB G217R,0.0,5.7518482e-05
C1QC,C1QC G6R,0.0,0.00028973818
C2,C2 C111Y,0.0,7.987022e-06
C2,C2 E298D,0.0,5.364418e-06
C2,C2 G444R,0.0,1.5497208e-05
C2,C2 S189F,0.0,7.867813e-06
CA1,CA1 R246H,0.0,4.416704e-05
CA4,CA4 R14W,0.0,8.416176e-05
CA4,CA4 R219S,0.0,0.00011920929
CA4,CA4 R69H,0.0,4.2140484e-05
CABP4,CABP4 R124C,0.0,3.0219555e-05
CACNB4,CACNB4 C104F,0.0,0.00019234419
CACNB4,CACNB4 R468Q,0.0,5.5730343e-05
CADM1,CADM1 H246N,0.0,2.8967857e-05
CADM1,CADM1 Y251S,0.0,8.3863735e-05
CAPN3,CAPN3 A798E,0.0,2.3245811e-05
CAPN3,CAPN3 T706K,1.0,1.1563301e-05
CARTPT,CARTPT L34F,0.0,0.00031334162
CAT,CAT D54E,0.0,3.8146973e-06
CAT,CAT E67D,0.0,2.026558e-06
CAT,CAT R354H,0.0,1.168251e-05
CAV3,CAV3 D28E,1.0,0.000111460686
CAV3,CAV3 G56S,0.0,0.00028139353
CAV3,CAV3 S141R,0.0,0.00012737513
CAV3,CAV3 T78M,0.0,0.00029456615
CCKBR,CCKBR E288K,0.0,0.000105798244
CCKBR,CCKBR V125I,0.0,2.95043e-05
CCM2,CCM2 L198R,0.0,0.0002578497
CCT5,CCT5 H147R,0.0,2.5749207e-05
CD151,CD151 R171C,0.0,0.0036818981
CD151,CD151 R178H,0.0,0.00031739473
CD38,CD38 R140W,0.0,4.3153763e-05
CD40,CD40 P227A,0.0,2.1457672e-05
CD44,CD44 R46P,0.0,1.6510487e-05
CD79B,CD79B G137S,0.0,0.00019866228
CD96,CD96 T280M,0.0,2.5451183e-05
CDA,CDA A70T,0.0,0.0006006956
CDC73,CDC73 L64P,0.0,0.00020676851
CDC73,CDC73 R91P,0.0,1.7046928e-05
CDKN1B,CDKN1B E172K,0.0,6.657839e-05
CDKN1B,CDKN1B I119T,0.0,5.763769e-05
CDKN1B,CDKN1B P95S,0.0,3.582239e-05
CER1,CER1 R19W,1.0,2.8312206e-05
CERKL,CERKL R106S,0.0,1.3411045e-05
CETP,CETP D442G,0.0,1.8715858e-05
CETP,CETP L151P,0.0,2.9921532e-05
CETP,CETP L296Q,0.0,2.4080276e-05
CETP,CETP S332Y,0.0,2.193451e-05
CFH,CFH A307A,0.0,-1.1920929e-07
CFH,CFH Q400K,0.0,3.6358833e-06
CFH,CFH R127L,0.0,5.2452087e-05
CFHR5,CFHR5 K144N,0.0,1.8298626e-05
CFHR5,CFHR5 M514R,0.0,1.847744e-05
CFHR5,CFHR5 P46S,0.0,1.2814999e-05
CFHR5,CFHR5 R356H,0.0,1.6212463e-05
CFP,CFP R319C,1.0,9.429455e-05
CFP,CFP R73W,0.0,5.9604645e-06
CFP,CFP W294S,1.0,3.0994415e-05
CHGA,CHGA G382S,0.0,7.867813e-06
CHGA,CHGA P388L,0.0,1.21593475e-05
CHIT1,CHIT1 A442V,0.0,1.6510487e-05
CHIT1,CHIT1 E74K,0.0,0.00011050701
CHMP2B,CHMP2B D148Y,0.0,5.0604343e-05
CHMP2B,CHMP2B N143S,0.0,1.9609928e-05
CHMP2B,CHMP2B Q206H,0.0,3.8266182e-05
CHRNA3,CHRNA3 Y215Y,0.0,0.0
CHRNA4,CHRNA4 L258V,0.0,3.46303e-05
CHRNA4,CHRNA4 S248F,0.0,3.7550926e-05
CHRNA4,CHRNA4 S252L,0.0,5.877018e-05
CHRNA4,CHRNA4 T261I,0.0,6.496906e-05
CHRNB1,CHRNB1 L262M,0.0,1.92523e-05
CHRNB1,CHRNB1 V266M,0.0,2.926588e-05
CHRND,CHRND E381K,0.0,2.9683113e-05
CHRND,CHRND I58K,0.0,6.425381e-05
CHRND,CHRND L42P,0.0,1.859665e-05
CHRND,CHRND Q267E,0.0,6.937981e-05
CHRNG,CHRNG R86C,0.0,5.8412552e-05
CHRNG,CHRNG V107G,0.0,3.916025e-05
CHST6,CHST6 H249P,0.0,2.3901463e-05
CHST6,CHST6 Y110C,0.0,6.0141087e-05
CIDEA,CIDEA V115F,0.0,4.4703484e-05
CIRH1A,CIRH1A R565W,0.0,2.0384789e-05
CLCN2,CLCN2 G715E,0.0,1.0550022e-05
CLCN2,CLCN2 R577Q,0.0,2.0802021e-05
CLCNKB,CLCNKB A61D,0.0,1.424551e-05
CLCNKB,CLCNKB P124L,0.0,0.00011104345
CLCNKB,CLCNKB R438H,0.0,2.5749207e-05
CLCNKB,CLCNKB T481S,0.0,7.8082085e-06
CLDN19,CLDN19 G20D,1.0,9.346008e-05
CLDN19,CLDN19 L90P,1.0,0.000108361244
CLRN1,CLRN1 C40G,1.0,0.00037389994
CLRN1,CLRN1 S105P,1.0,9.548664e-05
CLU,CLU Q433P,0.0,6.67572e-06
CNGA3,CNGA3 C191Y,1.0,2.2053719e-05
CNGA3,CNGA3 P163L,1.0,2.8967857e-05
CNGA3,CNGA3 R563C,1.0,6.1929226e-05
CNGA3,CNGA3 S401P,1.0,1.50203705e-05
COLQ,COLQ D342E,1.0,3.540516e-05
COMT,COMT A72S,0.0,3.9219856e-05
COMT,COMT V158M,0.0,9.083748e-05
COX10,COX10 D336V,0.0,0.00026649237
COX10,COX10 N204K,0.0,5.0902367e-05
COX10,COX10 P225L,0.0,0.00019866228
COX10,COX10 T196K,1.0,3.1888485e-05
COX4I2,COX4I2 E138K,0.0,0.00019615889
COX6B1,COX6B1 R19H,0.0,0.00033342838
CPA4,CPA4 G303C,0.0,6.7949295e-05
CPN1,CPN1 G178D,1.0,1.1742115e-05
CPT1A,CPT1A D454G,0.0,1.7523766e-05
CPT1A,CPT1A E360G,0.0,1.4781952e-05
CPT1A,CPT1A G709E,0.0,9.596348e-06
CPT1A,CPT1A R123C,1.0,2.348423e-05
CRISP2,CRISP2 C196R,0.0,0.00031161308
CRYAA,CRYAA R116C,0.0,0.00037032366
CRYAA,CRYAA R12C,0.0,0.0006760955
CRYAA,CRYAA R49C,0.0,0.00094515085
CRYAB,CRYAB D140N,0.0,0.00063335896
CRYAB,CRYAB P20S,0.0,0.00052922964
CRYAB,CRYAB R120G,1.0,0.0003167987
CRYAB,CRYAB R56W,0.0,0.0002836585
CRYBB1,CRYBB1 S228P,1.0,6.2942505e-05
CRYGC,CRYGC R168W,0.0,0.00011944771
CRYGC,CRYGC T5P,1.0,0.00016134977
CRYGD,CRYGD E106A,1.0,0.00038087368
CRYGD,CRYGD G60C,0.0,0.0005096793
CRYGD,CRYGD P23T,0.0,0.0004184842
CRYGD,CRYGD R14C,1.0,0.0013089776
CRYGS,CRYGS G18V,0.0,0.00027698278
CRYGS,CRYGS S39C,0.0,0.0001977086
CRYM,CRYM K314T,0.0,0.00018137693
CSNK1D,CSNK1D R324H,0.0,7.086992e-05
CSNK1D,CSNK1D T44A,0.0,2.4199486e-05
CSRP3,CSRP3 L44P,0.0,8.6545944e-05
CSRP3,CSRP3 Q91L,0.0,0.00022119284
CSRP3,CSRP3 R100H,0.0,0.00023561716
CSRP3,CSRP3 W4R,0.0,0.00057274103
CTLA4,CTLA4 I53M,0.0,2.592802e-05
CTRC,CTRC M200V,1.0,0.0003347993
CTSG,CTSG N125S,0.0,0.00035470724
CTSK,CTSK G146R,0.0,0.00011360645
CTSK,CTSK G79R,0.0,0.00010073185
CTSK,CTSK I249T,0.0,3.0696392e-05
CUL4B,CUL4B R572C,0.0,1.5437603e-05
CUL4B,CUL4B T213I,0.0,0.00026106834
CXCL16,CXCL16 A200V,0.0,1.7225742e-05
CYBB,CYBB C244S,0.0,0.0001654625
CYBB,CYBB P415H,0.0,0.00010126829
CYBB,CYBB R54G,0.0,0.0001052618
CYBRD1,CYBRD1 R226H,0.0,6.0141087e-05
CYCS,CYCS G42S,1.0,0.00014823675
CYP19A1,CYP19A1 M127R,0.0,2.4080276e-05
CYP19A1,CYP19A1 R435C,0.0,2.0742416e-05
CYP19A1,CYP19A1 V370M,0.0,5.3048134e-06
CYP19A1,CYP19A1 W39R,0.0,1.6629696e-05
CYP1A1,CYP1A1 I462V,0.0,1.9788742e-05
CYP1A1,CYP1A1 T461N,0.0,2.336502e-05
CYP1A2,CYP1A2 F186L,1.0,7.790327e-05
CYP1A2,CYP1A2 R377Q,0.0,3.6418438e-05
CYP1A2,CYP1A2 R456H,1.0,6.467104e-05
CYP27B1,CYP27B1 D164N,0.0,2.2292137e-05
CYP27B1,CYP27B1 E189G,0.0,6.2823296e-05
CYP27B1,CYP27B1 Q65H,0.0,5.5015087e-05
CYP27B1,CYP27B1 R107H,0.0,0.00011694431
CYP2A6,CYP2A6 G479V,0.0,5.4359436e-05
CYP2A6,CYP2A6 L160H,0.0,4.7564507e-05
CYP2A6,CYP2A6 V110L,0.0,1.21593475e-05
CYP2A6,CYP2A6 V365M,0.0,3.0636787e-05
CYP2C9,CYP2C9 I359L,0.0,2.4318695e-05
CYP2C9,CYP2C9 V490F,0.0,3.182888e-05
CYP2E1,CYP2E1 R76H,0.0,8.636713e-05
CYP2J2,CYP2J2 G312R,0.0,1.4662743e-05
CYP2J2,CYP2J2 I192N,0.0,1.7821789e-05
CYP2J2,CYP2J2 N404Y,0.0,4.351139e-05
CYP3A4,CYP3A4 I118V,0.0,8.34465e-06
CYP3A4,CYP3A4 L373F,0.0,2.3782253e-05
CYP3A4,CYP3A4 P467S,0.0,2.5331974e-05
CYP3A4,CYP3A4 R130Q,0.0,1.1384487e-05
CYP3A5,CYP3A5 A337T,0.0,3.248453e-05
CYP3A5,CYP3A5 F446S,0.0,3.0219555e-05
CYP4F12,CYP4F12 V90I,0.0,1.3589859e-05
D2HGDH,D2HGDH D375Y,0.0,7.081032e-05
D2HGDH,D2HGDH N439D,0.0,7.5280666e-05
D2HGDH,D2HGDH V444A,0.0,6.0915947e-05
DARS2,DARS2 C152F,0.0,0.0001103282
DARS2,DARS2 S45G,0.0,3.9100647e-05
DARS2,DARS2 Y629C,0.0,0.00016242266
DCK,DCK A119G,0.0,6.830692e-05
DCK,DCK I24V,0.0,1.5199184e-05
DCK,DCK P122S,0.0,5.1796436e-05
DCLRE1C,DCLRE1C G118V,0.0,1.001358e-05
DCLRE1C,DCLRE1C H35D,0.0,7.277727e-05
DCX,DCX G253D,0.0,2.6285648e-05
DCX,DCX L43S,1.0,2.5570393e-05
DCX,DCX R178C,0.0,6.043911e-05
DDB2,DDB2 K244E,0.0,0.00013542175
DDB2,DDB2 L350P,0.0,9.846687e-05
DDB2,DDB2 R273H,0.0,0.00011008978
DFNB59,DFNB59 G292R,0.0,3.6478043e-05
DFNB59,DFNB59 R265C,0.0,2.771616e-05
DFNB59,DFNB59 T54I,0.0,1.5258789e-05
DGUOK,DGUOK D255Y,0.0,3.7372112e-05
DGUOK,DGUOK K51Q,0.0,9.953976e-06
DGUOK,DGUOK R142K,0.0,5.2571297e-05
DGUOK,DGUOK S107P,0.0,2.4616718e-05
DISC1,DISC1 R37W,0.0,8.523464e-06
DKC1,DKC1 F36V,1.0,0.00010704994
DKC1,DKC1 R158W,0.0,8.821487e-06
DLD,DLD E340K,0.0,3.2246113e-05
DLD,DLD G194C,0.0,1.8239021e-05
DLD,DLD I358T,0.0,2.4497509e-05
DLD,DLD K37E,0.0,1.680851e-05
DMC1,DMC1 M200V,0.0,1.3411045e-05
DMD,DMD A3421V,0.0,2.682209e-06
DMD,DMD C3207R,1.0,6.0796738e-06
DMD,DMD D3187G,1.0,8.940697e-06
DMD,DMD D3335H,0.0,1.1920929e-05
DNM2,DNM2 E368K,1.0,1.41859055e-05
DPM1,DPM1 R92G,0.0,0.0010048747
DPYS,DPYS G278D,0.0,3.0517578e-05
DPYS,DPYS Q334R,0.0,5.3167343e-05
DPYS,DPYS R412M,0.0,6.300211e-05
DRD1,DRD1 A229T,0.0,1.347065e-05
DRD1,DRD1 S199A,0.0,1.2874603e-05
DRD1,DRD1 T37P,1.0,1.9729137e-05
DRD1,DRD1 T37R,1.0,2.259016e-05
DRD2,DRD2 P310S,0.0,2.2292137e-05
DRD2,DRD2 P319P,0.0,0.0
DRD2,DRD2 S311C,0.0,5.1021576e-05
DRD2,DRD2 V154I,0.0,1.424551e-05
DTNBP1,DTNBP1 P272S,0.0,1.4305115e-05
DYM,DYM C542R,0.0,1.3530254e-05
DYM,DYM E87K,0.0,1.6510487e-05
DYM,DYM N469Y,0.0,1.8954277e-05
EBP,EBP E80K,1.0,3.415346e-05
EBP,EBP G157S,1.0,0.0001680851
EBP,EBP L18P,1.0,5.376339e-05
EBP,EBP W196S,0.0,0.0003221631
EDN3,EDN3 A17T,0.0,2.6464462e-05
EDN3,EDN3 A224T,1.0,3.325939e-05
EDN3,EDN3 C159F,0.0,0.00036895275
EDN3,EDN3 E48D,0.0,3.3915043e-05
EDNRB,EDNRB M132I,0.0,0.00010550022
EDNRB,EDNRB R434C,0.0,9.4115734e-05
EDNRB,EDNRB V111E,0.0,2.6762486e-05
EDNRB,EDNRB W276C,0.0,0.00055933
EFEMP1,EFEMP1 R345W,0.0,7.498264e-05
EFHC1,EFHC1 P77T,0.0,6.198883e-06
EFHC1,EFHC1 R221H,1.0,1.2993813e-05
EFHC1,EFHC1 T508R,0.0,8.106232e-06
EGR2,EGR2 E412K,0.0,6.747246e-05
EGR2,EGR2 I268N,0.0,3.3199787e-05
EIF2B1,EIF2B1 P278R,0.0,0.00012135506
EIF2B1,EIF2B1 V183F,0.0,4.9114227e-05
EIF2B1,EIF2B1 Y275C,0.0,0.00014102459
EIF2B2,EIF2B2 E213G,0.0,0.00014096498
EIF2B2,EIF2B2 G200A,0.0,5.0902367e-05
EIF2B2,EIF2B2 V316D,0.0,4.786253e-05
EIF2B4,EIF2B4 A389D,0.0,4.220009e-05
ELANE,ELANE A32V,1.0,0.00020033121
ELANE,ELANE C122S,1.0,0.0014880896
ELANE,ELANE G181V,1.0,0.00018906593
EPB42,EPB42 A142T,0.0,6.2584877e-06
EPB42,EPB42 R310Q,0.0,4.1902065e-05
EPB42,EPB42 R317C,0.0,1.21593475e-05
EPHX1,EPHX1 H139R,1.0,5.6743622e-05
EPHX1,EPHX1 R43T,0.0,9.715557e-05
EPHX1,EPHX1 Y113H,0.0,2.8789043e-05
EPHX2,EPHX2 C154Y,0.0,2.1576881e-05
EPHX2,EPHX2 E470G,0.0,1.168251e-05
EPHX2,EPHX2 R287Q,0.0,3.761053e-05
EPM2A,EPM2A G279S,0.0,0.00029796362
EPM2A,EPM2A L310W,0.0,6.2048435e-05
EPM2A,EPM2A Y294N,0.0,0.00013464689
ERAP1,ERAP1 I276M,0.0,4.4107437e-06
ERCC1,ERCC1 F231L,0.0,0.00023883581
ERCC3,ERCC3 K449R,0.0,1.1861324e-05
ERMAP,ERMAP E47K,0.0,5.8591366e-05
ERMAP,ERMAP G57R,0.0,1.9133091e-05
ERMAP,ERMAP P60A,0.0,3.4987926e-05
ETFA,ETFA F144S,0.0,0.00019049644
ETFA,ETFA L212P,0.0,2.1994114e-05
ETFA,ETFA T266M,0.0,1.0073185e-05
ETHE1,ETHE1 L55P,1.0,0.00013524294
EXT1,EXT1 D164H,0.0,2.2232533e-05
EXT1,EXT1 G339D,0.0,0.00010955334
EXT1,EXT1 P496L,0.0,7.200241e-05
EXT1,EXT1 Q27K,0.0,1.4483929e-05
EXT2,EXT2 A150T,0.0,3.540516e-05
EXT2,EXT2 D227N,0.0,7.390976e-06
EXT2,EXT2 E576K,0.0,2.1398067e-05
EXT2,EXT2 I380T,0.0,9.357929e-06
EYA1,EYA1 R440Q,0.0,1.5735626e-05
EYA1,EYA1 T55M,0.0,4.1663647e-05
EYA1,EYA1 Y527N,0.0,1.4066696e-05
F10,F10 E14G,0.0,1.4722347e-05
F10,F10 R142M,0.0,0.000112473965
F10,F10 R326C,0.0,3.9339066e-05
F10,F10 V342A,0.0,2.2470951e-05
F11,F11 F283L,0.0,1.7940998e-05
F11,F11 L342P,0.0,1.9848347e-05
F11,F11 Q29H,0.0,1.1444092e-05
F11,F11 V498M,0.0,1.13248825e-05
F12,F12 C571S,0.0,2.8550625e-05
F12,F12 W486C,0.0,3.6656857e-05
F9,F9 C124Y,0.0,2.014637e-05
F9,F9 C361R,0.0,1.7464161e-05
F9,F9 E27K,0.0,2.95043e-05
F9,F9 I210T,0.0,7.134676e-05
FABP1,FABP1 T94A,1.0,0.0002452135
FANCD2,FANCD2 L231R,0.0,3.6358833e-06
FANCG,FANCG G546R,0.0,6.1392784e-06
FANCG,FANCG T297I,0.0,1.5854836e-05
FAS,FAS E256G,0.0,0.00013071299
FAS,FAS H95P,0.0,8.21352e-05
FAS,FAS T58T,0.0,5.9604645e-08
FASLG,FASLG R156G,0.0,4.4465065e-05
FBLN5,FBLN5 G412E,0.0,2.4318695e-05
FBLN5,FBLN5 Q124P,0.0,5.364418e-05
FBLN5,FBLN5 S227P,1.0,2.9981136e-05
FBLN5,FBLN5 V60L,1.0,4.9591064e-05
FBP1,FBP1 G260R,0.0,2.69413e-05
FBXO7,FBXO7 R378G,0.0,7.867813e-06
FCAR,FCAR D113N,0.0,3.1411648e-05
FCAR,FCAR R108R,0.0,-1.1920929e-07
FCGR2B,FCGR2B I232T,0.0,4.9471855e-05
FCGR3A,FCGR3A L102H,0.0,4.9233437e-05
FCGR3A,FCGR3A L102R,0.0,5.1140785e-05
FECH,FECH E178K,1.0,5.4121017e-05
FECH,FECH G55C,0.0,5.185604e-05
FECH,FECH S264L,0.0,1.7523766e-05
FECH,FECH V362G,0.0,2.3663044e-05
FFAR1,FFAR1 D175N,0.0,5.6624413e-05
FFAR1,FFAR1 G180S,0.0,1.9729137e-05
FGA,FGA E540V,0.0,5.9604645e-06
FGA,FGA S434N,0.0,1.6391277e-05
FGB,FGB A335T,0.0,1.7046928e-05
FGB,FGB H67L,0.0,1.7523766e-05
FGB,FGB L172Q,0.0,4.7683716e-05
FGB,FGB L353R,0.0,1.013279e-05
FGF10,FGF10 C106F,1.0,0.00037151575
FGF10,FGF10 G138E,1.0,0.00031644106
FGF10,FGF10 I156R,1.0,9.524822e-05
FGF10,FGF10 R80S,0.0,0.00055241585
FGF14,FGF14 F145S,1.0,7.277727e-05
FGF8,FGF8 H14N,0.0,4.285574e-05
FGF8,FGF8 P197R,0.0,8.606911e-05
FGFR1,FGFR1 R622G,0.0,2.8073788e-05
FGFR1,FGFR1 V607M,1.0,3.7550926e-06
FGFR1,FGFR1 W666R,0.0,1.5318394e-05
FGFR2,FGFR2 A648T,0.0,5.841255e-06
FGFR2,FGFR2 E565G,0.0,1.5616417e-05
FGFR2,FGFR2 K641R,0.0,5.1259995e-06
FGFR2,FGFR2 N549H,0.0,4.827976e-06
FGFR2,FGFR2 Q174P,1.0,1.347065e-05
FGFR2,FGFR2 S267F,1.0,1.5616417e-05
FGFR2,FGFR2 Y328C,0.0,1.7881393e-05
FGG,FGG A82G,0.0,1.8775463e-05
FGG,FGG C139Y,0.0,3.629923e-05
FGG,FGG D330V,0.0,8.702278e-06
FGG,FGG G292V,0.0,1.0669231e-05
FHL1,FHL1 C101F,0.0,2.2530556e-05
FHL1,FHL1 C153Y,0.0,9.405613e-05
FHL1,FHL1 C224W,0.0,0.00014281273
FHL1,FHL1 W122S,0.0,0.00010240078
FKBP6,FKBP6 F72L,0.0,8.714199e-05
FLCN,FLCN R239C,0.0,8.8214874e-05
FLT4,FLT4 H1035R,1.0,4.351139e-06
FLT4,FLT4 L1044P,1.0,2.861023e-06
FLT4,FLT4 P1114L,1.0,6.6161156e-06
FMO1,FMO1 I303T,0.0,3.129244e-05
FMO1,FMO1 I303V,0.0,1.21593475e-05
FMO2,FMO2 D36G,0.0,3.963709e-05
FMO2,FMO2 F182S,0.0,3.1888485e-05
FMO2,FMO2 R238Q,0.0,3.6597252e-05
FMO2,FMO2 R391T,0.0,5.1558018e-05
FMO3,FMO3 D132H,0.0,8.016825e-05
FMO3,FMO3 G503R,0.0,3.8564205e-05
FMO3,FMO3 L360P,0.0,5.8054924e-05
FMO3,FMO3 P153L,0.0,4.4941902e-05
FOXA3,FOXA3 G91R,0.0,4.428625e-05
FOXD4,FOXD4 W148R,0.0,5.364418e-05
FOXI1,FOXI1 G335V,0.0,3.552437e-05
FOXP3,FOXP3 I363V,0.0,1.424551e-05
FOXP3,FOXP3 L242P,0.0,0.00023329258
FOXP3,FOXP3 P187L,0.0,2.0980835e-05
FOXP3,FOXP3 Q70H,0.0,2.43783e-05
FPR1,FPR1 C126W,0.0,7.2300434e-05
FPR1,FPR1 F110S,0.0,9.286404e-05
FPR1,FPR1 I11T,0.0,2.5331974e-05
FPR1,FPR1 V101L,0.0,1.3947487e-05
FSHB,FSHB C51G,1.0,0.001416564
FSHB,FSHB C82R,0.0,0.0001810193
FSHR,FSHR A419T,1.0,2.0861626e-05
FSHR,FSHR D567N,0.0,1.8179417e-05
FSHR,FSHR T449I,1.0,6.252527e-05
FSHR,FSHR V221G,0.0,2.6643276e-05
FTL,FTL A96T,0.0,0.0001013875
FTL,FTL H133P,0.0,0.00010204315
FTL,FTL R40G,0.0,0.00052702427
FTL,FTL T30I,0.0,0.00020736456
FUCA1,FUCA1 G60D,0.0,2.5212765e-05
FUCA1,FUCA1 L405R,0.0,1.1146069e-05
FUCA1,FUCA1 N329Y,0.0,4.8696995e-05
FUCA1,FUCA1 S63L,0.0,2.7179718e-05
FUT1,FUT1 G90V,0.0,0.00010693073
FUT1,FUT1 L164H,0.0,2.4616718e-05
FUT3,FUT3 I356K,0.0,2.8431416e-05
FUT3,FUT3 L20R,0.0,6.0379505e-05
FUT3,FUT3 S124A,0.0,2.5093555e-05
FUT7,FUT7 R110Q,0.0,7.659197e-05
FXN,FXN L106S,0.0,0.00017279387
FXN,FXN R165C,0.0,7.086992e-05
FZD4,FZD4 M105V,0.0,7.31349e-05
FZD4,FZD4 R417Q,0.0,9.11355e-05
FZD4,FZD4 W335C,0.0,0.00011610985
G6PC,G6PC G222R,0.0,3.3438206e-05
G6PC,G6PC P113L,1.0,0.00012862682
G6PC,G6PC R83C,1.0,6.812811e-05
G6PC,G6PC V338F,1.0,0.0001681447
G6PC3,G6PC3 G260R,1.0,5.686283e-05
G6PC3,G6PC3 G262R,0.0,9.3221664e-05
GABBR1,GABBR1 G489S,0.0,1.9907951e-05
GABRA6,GABRA6 R46W,0.0,0.00010770559
GABRD,GABRD R220C,0.0,5.5491924e-05
GABRG2,GABRG2 K328M,1.0,0.00011855364
GABRG2,GABRG2 R177G,0.0,9.214878e-05
GAD1,GAD1 S12C,0.0,0.00013238192
GALE,GALE G319E,0.0,5.608797e-05
GALE,GALE G90E,0.0,8.714199e-05
GALE,GALE N34S,0.0,2.7239323e-05
GALNS,GALNS G116S,0.0,8.3982944e-05
GALNS,GALNS S295F,0.0,0.00018131733
GALT,GALT G175D,0.0,6.681681e-05
GALT,GALT H319Q,0.0,8.159876e-05
GALT,GALT R272H,0.0,6.300211e-05
GALT,GALT Y34N,0.0,6.341934e-05
GAMT,GAMT D135Y,0.0,0.0006348491
GAMT,GAMT T209M,0.0,0.00018078089
GAN,GAN A51P,0.0,2.0980835e-05
GAN,GAN C570Y,0.0,4.8279762e-05
GAN,GAN E169K,0.0,3.7431717e-05
GAN,GAN E486K,0.0,4.1484833e-05
GAN,GAN G368R,0.0,0.00013023615
GAN,GAN I182N,0.0,6.854534e-06
GAN,GAN I423T,0.0,1.8656254e-05
GAN,GAN I86F,0.0,4.7802925e-05
GAN,GAN L309R,0.0,2.5331974e-05
GAN,GAN L75H,0.0,3.7431717e-05
GAN,GAN P315L,0.0,3.9935112e-05
GAN,GAN R15S,0.0,4.440546e-05
GAN,GAN R269Q,0.0,3.796816e-05
GAN,GAN Y299C,0.0,5.1140785e-05
GATA1,GATA1 D218G,0.0,2.682209e-05
GATA1,GATA1 V205M,0.0,1.1980534e-05
GBA,GBA L185F,0.0,2.5689602e-05
GBA,GBA L444P,0.0,5.2154064e-05
GBA,GBA R257Q,0.0,5.6803226e-05
GBA,GBA V15L,0.0,2.6881695e-05
GC,GC D416E,0.0,4.351139e-06
GC,GC T420K,0.0,1.0728836e-05
GCDH,GCDH E181Q,0.0,4.1782856e-05
GCDH,GCDH R402Q,0.0,0.00012493134
GCDH,GCDH W50C,0.0,0.000107228756
GCDH,GCDH Y295H,0.0,7.033348e-05
GCKR,GCKR R518Q,0.0,1.6570091e-05
GCLC,GCLC H370L,0.0,1.4841557e-05
GCLC,GCLC P158L,0.0,6.03199e-05
GCLC,GCLC P414L,0.0,6.2584877e-06
GCLC,GCLC R127C,0.0,1.5974045e-05
GCNT2,GCNT2 G348E,0.0,7.6293945e-06
GCNT2,GCNT2 R383H,0.0,1.7225742e-05
GDAP1,GDAP1 L239F,0.0,4.9054623e-05
GDAP1,GDAP1 M116T,0.0,2.7418137e-05
GDAP1,GDAP1 R161H,0.0,6.222725e-05
GDAP1,GDAP1 R310Q,0.0,4.1902065e-05
GDF5,GDF5 C400Y,0.0,9.417534e-06
GDF5,GDF5 M173V,0.0,1.5854836e-05
GDF9,GDF9 P103S,0.0,7.033348e-06
GDF9,GDF9 P374L,0.0,7.724762e-05
GDF9,GDF9 T238A,0.0,3.71933e-05
GDF9,GDF9 V216M,0.0,1.7344952e-05
GDI1,GDI1 L92P,0.0,6.866455e-05
GDI1,GDI1 R423P,0.0,5.054474e-05
GDNF,GDNF D150N,0.0,0.00024735928
GDNF,GDNF P21S,0.0,0.000121593475
GFAP,GFAP E207Q,0.0,1.013279e-05
GFAP,GFAP E374G,1.0,2.2470951e-05
GFAP,GFAP P47L,0.0,1.4364719e-05
GFAP,GFAP R258P,1.0,2.759695e-05
GGCX,GGCX L394R,1.0,1.23381615e-05
GGCX,GGCX W157R,1.0,2.2351742e-05
GGH,GGH T127I,0.0,8.8989735e-05
GIF,GIF I220T,0.0,2.4974346e-05
GIF,GIF S46L,0.0,8.612871e-05
GJA1,GJA1 E352G,0.0,1.835823e-05
GJA1,GJA1 I130T,0.0,1.9013882e-05
GJD2,GJD2 S196S,0.0,0.0
GK,GK C256R,0.0,3.260374e-05
GK,GK D440V,0.0,7.4863434e-05
GK,GK T278M,0.0,3.415346e-05
GLE1,GLE1 I684T,0.0,1.8000603e-05
GLE1,GLE1 R569H,0.0,3.0398369e-05
GLE1,GLE1 V617M,0.0,1.8239021e-05
GLUL,GLUL R324C,0.0,4.1902065e-05
GLUL,GLUL R341C,0.0,6.681681e-05
GNAT1,GNAT1 G38D,0.0,0.0003887415
GNAT1,GNAT1 Q200E,0.0,2.4497509e-05
GNMT,GNMT H176N,0.0,0.00011110306
GNMT,GNMT L49P,0.0,0.00015848875
GNMT,GNMT N140S,0.0,0.00046217442
GNRHR,GNRHR Q106R,1.0,6.574392e-05
GNRHR,GNRHR Q11K,0.0,4.5776367e-05
GNRHR,GNRHR S217R,1.0,6.788969e-05
GNRHR,GNRHR Y284C,0.0,0.00038266182
GPAM,GPAM E131G,0.0,6.854534e-06
GPC3,GPC3 G556R,0.0,3.4987926e-05
GPC3,GPC3 W296R,0.0,7.0631504e-05
GPIHBP1,GPIHBP1 G56R,0.0,4.965067e-05
GPIHBP1,GPIHBP1 Q115P,0.0,0.00014609098
GPX1,GPX1 P200L,0.0,0.0003310442
GRN,GRN P248L,0.0,2.1219254e-05
GRPR,GRPR C6S,0.0,0.00012207031
GSS,GSS R283C,0.0,4.0590763e-05
GSTA2,GSTA2 P110S,0.0,2.3663044e-05
GSTO1,GSTO1 A236V,0.0,0.00018465519
GSTT1,GSTT1 D43N,0.0,0.00016194582
GSTT1,GSTT1 T104P,0.0,0.00015157461
GSTT1,GSTT1 T65M,0.0,6.759167e-05
GTF2H5,GTF2H5 L21P,0.0,0.0011962652
GUSB,GUSB L243P,0.0,1.591444e-05
GUSB,GUSB P148S,0.0,2.0444393e-05
GUSB,GUSB R382C,0.0,1.7404556e-05
GUSB,GUSB Y626H,0.0,1.2636185e-05
HABP2,HABP2 G534E,0.0,9.298325e-06
HADHA,HADHA E474Q,0.0,1.0848045e-05
HADHA,HADHA R640C,0.0,3.2305717e-05
HADHA,HADHA V246D,0.0,1.5318394e-05
HADHB,HADHB A326P,0.0,1.5854836e-05
HADHB,HADHB H379R,1.0,3.8802624e-05
HADHB,HADHB R61H,1.0,7.56979e-06
HADHB,HADHB T133P,0.0,3.9577484e-05
HAL,HAL R322P,0.0,4.0352345e-05
HBB,HBB A115D,0.0,0.00022894144
HBB,HBB D52G,0.0,0.00017094612
HBB,HBB L32P,0.0,0.00017488003
HCCS,HCCS E159K,0.0,9.381771e-05
HCCS,HCCS R217C,0.0,0.00015461445
HCRTR1,HCRTR1 I408V,0.0,1.7285347e-05
HEXA,HEXA L484P,0.0,1.0430813e-05
HEXA,HEXA R178H,0.0,2.3186207e-05
HEXA,HEXA S4P,0.0,9.715557e-05
HFE,HFE E168Q,0.0,1.3411045e-05
HFE,HFE H63D,0.0,4.7504902e-05
HFE,HFE Q283P,0.0,4.6789646e-05
HIF1AN,HIF1AN P41A,0.0,3.5583973e-05
HK1,HK1 L529S,0.0,7.2717667e-06
HK1,HK1 T680S,0.0,2.2292137e-05
HLA-DPB1,HLA-DPB1 K69E,0.0,1.6748905e-05
HLCS,HLCS E42D,0.0,1.1563301e-05
HLCS,HLCS L237P,0.0,3.129244e-05
HLCS,HLCS V547G,0.0,2.3066998e-05
HMBS,HMBS D61N,0.0,4.87566e-05
HMBS,HMBS D99G,0.0,7.8737736e-05
HMBS,HMBS E209K,0.0,0.00026351213
HMBS,HMBS G274R,0.0,0.00015938282
HMGCL,HMGCL R165Q,0.0,0.00014048815
HMGCL,HMGCL S142F,0.0,2.1338463e-05
HMGCL,HMGCL V70L,0.0,1.758337e-05
HMGCS2,HMGCS2 F174L,0.0,1.5854836e-05
HMGCS2,HMGCS2 V54M,1.0,2.4020672e-05
HNF4A,HNF4A C93W,0.0,8.285046e-06
HNF4A,HNF4A D215Y,0.0,2.5331974e-05
HNF4A,HNF4A E285D,0.0,1.0967255e-05
HNF4A,HNF4A M373R,0.0,1.5735626e-05
HNF4A,HNF4A R324H,0.0,9.059906e-06
HNF4A,HNF4A V264M,0.0,4.5895576e-06
HNMT,HNMT T105I,0.0,3.3020973e-05
HPD,HPD A268V,0.0,4.476309e-05
HPD,HPD Y160C,0.0,0.00019913912
HPGD,HPGD A140P,0.0,0.00014430285
HPGD,HPGD S193P,0.0,0.00011861324
HPS1,HPS1 L239P,0.0,4.553795e-05
HPS5,HPS5 L624R,0.0,6.1392784e-06
HRAS,HRAS A146V,0.0,0.00027924776
HRAS,HRAS E63K,0.0,0.001942277
HRAS,HRAS H27H,0.0,-1.1920929e-07
HRH2,HRH2 N217D,0.0,3.629923e-05
HSD17B10,HSD17B10 L122V,0.0,7.4625015e-05
HSD17B10,HSD17B10 N247S,0.0,7.56979e-05
HSD17B10,HSD17B10 R130C,0.0,0.0009277463
HSD17B3,HSD17B3 A56T,0.0,0.000120162964
HSD17B3,HSD17B3 G289S,0.0,1.7285347e-05
HSD17B3,HSD17B3 Q176P,0.0,5.6684017e-05
HSD17B3,HSD17B3 R80Q,0.0,0.00012916327
HSD17B4,HSD17B4 G242E,0.0,2.6106834e-05
HSD17B4,HSD17B4 R506H,0.0,2.3126602e-05
HSD17B4,HSD17B4 S153L,0.0,2.1159649e-05
HSPB8,HSPB8 K141E,0.0,0.0004618764
HSPB8,HSPB8 T194T,0.0,0.0
HTR1B,HTR1B F124C,1.0,0.00015366077
HTR3A,HTR3A A33T,0.0,2.3305416e-05
HTR3A,HTR3A M257I,0.0,0.00011044741
HTR3A,HTR3A P391R,0.0,0.00010985136
HTR3A,HTR3A R344H,0.0,4.5716763e-05
HYLS1,HYLS1 D211G,0.0,3.3795834e-05
ICAM1,ICAM1 G214R,0.0,2.8133392e-05
ICK,ICK R272Q,1.0,1.9669533e-05
IDH3B,IDH3B L132P,0.0,2.6881695e-05
IFNA17,IFNA17 I184R,0.0,0.00018250942
IFNAR1,IFNAR1 V168L,0.0,1.2516975e-05
IFT80,IFT80 H105Q,0.0,8.702278e-06
IGFBP5,IGFBP5 R138W,0.0,2.9802322e-05
IHH,IHH E131K,0.0,7.170439e-05
IHH,IHH T154I,0.0,0.00026082993
IHH,IHH V190A,0.0,0.00019848347
IL10,IL10 G15R,0.0,6.681681e-05
IL10RA,IL10RA S159G,0.0,5.1259995e-06
IL12RB1,IL12RB1 C186S,1.0,4.6491623e-05
IL12RB1,IL12RB1 C198R,0.0,3.08156e-05
IL12RB1,IL12RB1 L77P,0.0,1.92523e-05
IL12RB1,IL12RB1 R173P,1.0,1.0073185e-05
IL18,IL18 S35S,0.0,5.9604645e-08
IL1A,IL1A S113A,0.0,9.536743e-06
IL1B,IL1B F105F,0.0,0.0
IL2RG,IL2RG R285Q,0.0,2.4974346e-05
IL2RG,IL2RG S108P,1.0,3.33786e-05
IL2RG,IL2RG W237R,1.0,0.00011307001
IL7R,IL7R C74Y,1.0,2.0623207e-05
IL7R,IL7R L55Q,1.0,1.8298626e-05
IL7R,IL7R P132S,1.0,2.259016e-05
IL9,IL9 T117M,0.0,6.943941e-05
IMPDH2,IMPDH2 L263F,0.0,1.013279e-05
INHA,INHA A182D,0.0,0.0001412034
INHA,INHA A257T,0.0,5.0246716e-05
INS,INS F24L,0.0,0.00069898367
INS,INS G60R,0.0,0.0003965497
INS,INS G66C,0.0,0.0005751848
INS,INS R31C,0.0,0.0013102889
INSL3,INSL3 R78C,0.0,0.0003131628
INSL3,INSL3 R81H,0.0,0.000628829
INSR,INSR A1161T,0.0,2.9802322e-06
INSR,INSR R1201Q,0.0,9.000301e-06
INSR,INSR W1227S,1.0,8.881092e-06
ISYNA1,ISYNA1 L343L,0.0,-1.1920929e-07
ITGB2,ITGB2 C590R,0.0,5.2452087e-06
ITGB2,ITGB2 S138P,0.0,1.0371208e-05
ITIH3,ITIH3 P36P,0.0,-1.1920929e-07
ITK,ITK R335W,0.0,6.6161156e-06
JAK2,JAK2 V617F,0.0,4.708767e-06
KCNA1,KCNA1 F414C,0.0,3.7431717e-05
KCNA1,KCNA1 V174F,0.0,2.3722649e-05
KCNE1,KCNE1 D76N,0.0,8.767843e-05
KCNE1,KCNE1 W87R,0.0,0.00031536818
KCNE2,KCNE2 F60L,0.0,0.00041604042
KCNE2,KCNE2 Q9E,0.0,0.00010061264
KCNE2,KCNE2 V65M,0.0,0.00012588501
KCNE3,KCNE3 R83H,0.0,0.00058317184
KCNE3,KCNE3 T4A,0.0,0.00015974045
KCNE3,KCNE3 V17M,0.0,0.0004939437
KCNJ1,KCNJ1 A214V,0.0,4.839897e-05
KCNJ1,KCNJ1 I142T,0.0,7.814169e-05
KCNJ1,KCNJ1 K45E,0.0,7.3730946e-05
KCNJ1,KCNJ1 R311Q,0.0,8.624792e-05
KCNJ10,KCNJ10 G77R,0.0,4.273653e-05
KCNJ10,KCNJ10 P194H,0.0,9.6559525e-05
KCNJ10,KCNJ10 R348C,0.0,0.00016182661
KCNJ10,KCNJ10 R65P,0.0,0.00012224913
KCNJ11,KCNJ11 L147P,0.0,7.56979e-05
KCNJ11,KCNJ11 R201H,0.0,5.4180622e-05
KCNJ11,KCNJ11 V59A,0.0,1.6748905e-05
KCNJ13,KCNJ13 R162W,0.0,2.4557114e-05
KCNK9,KCNK9 G236R,0.0,3.671646e-05
KCNQ2,KCNQ2 A196V,0.0,8.702278e-06
KCNQ2,KCNQ2 S122L,0.0,7.033348e-06
KCNQ2,KCNQ2 Y284C,0.0,1.5318394e-05
KCNV2,KCNV2 G459D,0.0,1.13248825e-05
KCNV2,KCNV2 L126Q,0.0,2.336502e-05
KCNV2,KCNV2 R213P,0.0,2.6524067e-05
KEL,KEL L597P,1.0,1.0788441e-05
KEL,KEL R130W,0.0,2.1398067e-05
KEL,KEL R406Q,0.0,9.715557e-06
KEL,KEL T193M,0.0,9.119511e-06
KERA,KERA N131D,0.0,1.1742115e-05
KERA,KERA N247S,0.0,9.149313e-05
KERA,KERA T215K,0.0,2.2828579e-05
KHK,KHK A43T,0.0,7.104874e-05
KHK,KHK G40R,0.0,0.00016182661
KIF6,KIF6 W719R,0.0,1.8656254e-05
KLHL10,KLHL10 A313T,0.0,2.5451183e-05
KLHL10,KLHL10 Q216P,0.0,1.7881393e-05
KLK1,KLK1 R53H,0.0,4.416704e-05
KLKB1,KLKB1 A210E,0.0,1.2516975e-05
KLKB1,KLKB1 C548Y,0.0,2.3961067e-05
KLKB1,KLKB1 G123R,0.0,2.0205975e-05
KNG1,KNG1 M178T,0.0,1.2278557e-05
KRIT1,KRIT1 D137G,0.0,0.0006145239
KRT13,KRT13 L115P,1.0,3.796816e-05
KRT18,KRT18 G339R,0.0,2.9742718e-05
KRT18,KRT18 H127L,0.0,3.4570694e-05
KRT18,KRT18 Q284R,0.0,1.0311604e-05
KRT18,KRT18 T102A,0.0,1.3411045e-05
KRT2,KRT2 I477N,1.0,2.1576881e-05
KRT2,KRT2 N186K,1.0,2.1278858e-05
KRT2,KRT2 Q181P,1.0,7.56979e-06
KRT6A,KRT6A A463P,1.0,1.6450882e-05
KRT6A,KRT6A F174V,1.0,0.00010985136
KRT6A,KRT6A N171K,1.0,3.5107136e-05
KRT8,KRT8 R341H,1.0,1.7106533e-05
KRT8,KRT8 V380I,0.0,5.185604e-06
L2HGDH,L2HGDH G211V,0.0,8.046627e-05
L2HGDH,L2HGDH G55D,0.0,1.1861324e-05
L2HGDH,L2HGDH H98R,0.0,0.000105917454
LARS2,LARS2 H324Q,0.0,5.4836273e-06
LBR,LBR N547D,0.0,2.2888184e-05
LDHB,LDHB W325R,0.0,0.00020503998
LDLRAP1,LDLRAP1 R238W,0.0,4.36306e-05
LEP,LEP R105W,0.0,0.00013405085
LEP,LEP S141C,0.0,0.00039350986
LEP,LEP V110M,0.0,4.36306e-05
LFNG,LFNG F188L,0.0,0.00020176172
LHFPL5,LHFPL5 T165M,0.0,8.517504e-05
LHFPL5,LHFPL5 Y127C,0.0,0.0001796484
LHX4,LHX4 L190R,0.0,4.1484833e-05
LHX4,LHX4 P389T,0.0,1.9490719e-05
LHX4,LHX4 R84C,0.0,4.8577785e-05
LIPA,LIPA G321W,0.0,3.4749508e-05
LIPA,LIPA Q64R,0.0,8.916855e-05
LIPC,LIPC N193S,0.0,3.916025e-05
LIPC,LIPC T383M,0.0,2.1338463e-05
LIPG,LIPG I239T,0.0,6.908178e-05
LIPG,LIPG M342V,0.0,6.145239e-05
LIPG,LIPG N396S,0.0,2.6524067e-05
LIPG,LIPG T111I,0.0,3.6418438e-05
LRAT,LRAT S175R,0.0,0.00024420023
LRRK2,LRRK2 G2019S,0.0,2.682209e-06
LTA,LTA T26N,0.0,5.5909157e-05
LYZ,LYZ I56T,0.0,0.00013184547
MAGT1,MAGT1 V311G,0.0,5.340576e-05
MAP2K1,MAP2K1 Y130C,0.0,8.255243e-05
MAT1A,MAT1A A55D,0.0,9.298325e-06
MAT1A,MAT1A I322M,0.0,9.894371e-06
MAT1A,MAT1A R199C,0.0,2.4735928e-05
MBD4,MBD4 E346K,0.0,8.940697e-06
MBL2,MBL2 R52C,0.0,0.000169456
MC2R,MC2R C251F,1.0,0.00016570091
MC2R,MC2R H139Y,1.0,7.146597e-05
MC2R,MC2R L198P,1.0,7.802248e-05
MC2R,MC2R S74I,1.0,7.623434e-05
MCCC1,MCCC1 A289V,0.0,5.2452087e-06
MCCC1,MCCC1 E134K,0.0,1.7404556e-05
MCCC1,MCCC1 L437P,0.0,1.3291836e-05
MCCC1,MCCC1 Q123H,0.0,3.8146973e-06
MCFD2,MCFD2 D81Y,1.0,0.00023508072
MCOLN1,MCOLN1 D362Y,1.0,5.77569e-05
MCOLN1,MCOLN1 F465L,0.0,4.6670437e-05
MECP2,MECP2 R306H,0.0,4.1127205e-05
MECP2,MECP2 S134F,0.0,6.914139e-05
MEF2A,MEF2A G283D,0.0,9.357929e-06
MEF2A,MEF2A P279L,0.0,1.4424324e-05
MFSD8,MFSD8 G52R,0.0,1.2278557e-05
MFSD8,MFSD8 R233G,0.0,4.440546e-05
MFSD8,MFSD8 T294K,0.0,2.9146671e-05
MID1,MID1 C266R,0.0,7.355213e-05
MID1,MID1 K370E,0.0,3.1650066e-05
MID1,MID1 P151L,0.0,3.361702e-05
MLC1,MLC1 A275D,1.0,6.097555e-05
MLC1,MLC1 G130R,1.0,0.00010609627
MLH1,MLH1 A586D,0.0,1.9133091e-05
MLH1,MLH1 G244D,0.0,2.8550625e-05
MLH1,MLH1 R472I,0.0,6.979704e-05
MLH1,MLH1 S44F,0.0,9.298325e-06
MMAA,MMAA G188R,0.0,4.0769577e-05
MMAA,MMAA L89P,0.0,4.3094158e-05
MMAA,MMAA R359Q,0.0,5.352497e-05
MMAB,MMAB A135T,0.0,2.5093555e-05
MMAB,MMAB I96T,0.0,0.00015991926
MMAB,MMAB R186Q,0.0,6.67572e-05
MMACHC,MMACHC H122R,0.0,0.0004891753
MMACHC,MMACHC L116P,0.0,6.979704e-05
MMACHC,MMACHC L193P,0.0,0.0001462102
MMACHC,MMACHC R206P,0.0,0.00012749434
MMP10,MMP10 G65R,0.0,3.20673e-05
MMP13,MMP13 F56S,0.0,5.5730343e-05
MMP2,MMP2 R101H,0.0,5.9604645e-06
MPDU1,MPDU1 G73E,1.0,0.00019693375
MPDU1,MPDU1 L119P,1.0,0.00046539307
MPDU1,MPDU1 L74S,1.0,0.00025844574
MPG,MPG R60C,1.0,6.1392784e-05
MPI,MPI M51T,0.0,0.00012868643
MPI,MPI R418H,0.0,0.00010210276
MSR1,MSR1 D174Y,0.0,2.7894974e-05
MSR1,MSR1 K430R,0.0,1.770258e-05
MSR1,MSR1 P36A,0.0,2.3186207e-05
MSR1,MSR1 S41Y,0.0,1.9133091e-05
MST1,MST1 R689C,0.0,1.9431114e-05
MTM1,MTM1 H469R,0.0,6.508827e-05
MTM1,MTM1 N189S,0.0,8.761883e-06
MTM1,MTM1 V49F,0.0,3.015995e-05
MTNR1A,MTNR1A A157V,0.0,2.5510788e-05
MUSK,MUSK V790M,0.0,5.722046e-06
MVK,MVK H20Q,0.0,4.452467e-05
MVK,MVK N205D,0.0,2.7954578e-05
MVK,MVK N301T,1.0,6.7293644e-05
MVK,MVK P167L,0.0,7.8082085e-05
MYD88,MYD88 L93P,1.0,7.212162e-05
MYD88,MYD88 R196C,1.0,9.769201e-05
MYF6,MYF6 A112S,0.0,7.742643e-05
MYF6,MYF6 A90D,0.0,2.95043e-05
MYL2,MYL2 A13T,0.0,4.798174e-05
MYL2,MYL2 G162R,0.0,8.589029e-05
MYL2,MYL2 R58Q,0.0,0.000117242336
MYO1F,MYO1F K552N,0.0,1.2874603e-05
MYOZ2,MYOZ2 S48P,0.0,0.00011241436
NAT1,NAT1 V149I,0.0,1.579523e-05
NCF1,NCF1 G262S,0.0,8.946657e-05
NCF2,NCF2 G78E,0.0,4.827976e-06
NCF2,NCF2 N419I,0.0,4.4941902e-05
NCF2,NCF2 R395W,0.0,1.1622906e-05
NCF2,NCF2 R77Q,0.0,5.4359436e-05
NDP,NDP C128R,0.0,9.852648e-05
NDP,NDP I18K,1.0,0.00029069185
NDP,NDP S101F,0.0,0.00019162893
NDP,NDP Y44C,0.0,0.0010235906
NDUFA13,NDUFA13 K88N,0.0,6.181002e-05
NDUFAF1,NDUFAF1 T207P,0.0,5.054474e-05
NDUFAF4,NDUFAF4 L65P,0.0,0.00035250187
NDUFS3,NDUFS3 P223L,0.0,0.008485556
NDUFS7,NDUFS7 R145H,0.0,2.6524067e-05
NDUFS7,NDUFS7 V122M,0.0,7.170439e-05
NDUFV1,NDUFV1 C206G,1.0,4.440546e-05
NDUFV1,NDUFV1 T423M,0.0,1.4364719e-05
NELL1,NELL1 R354W,0.0,2.43783e-05
NEU1,NEU1 G136E,0.0,2.3722649e-05
NEU1,NEU1 L231H,0.0,2.104044e-05
NEU1,NEU1 L91R,0.0,2.3663044e-05
NEU1,NEU1 R341G,0.0,3.671646e-05
NEU2,NEU2 R41Q,1.0,3.5703182e-05
NEUROD1,NEUROD1 H241Q,0.0,3.1113625e-05
NEUROD1,NEUROD1 R111L,0.0,0.00019162893
NF2,NF2 L535P,1.0,1.859665e-05
NF2,NF2 N220Y,0.0,1.3291836e-05
NF2,NF2 R418C,0.0,5.90086e-06
NGF,NGF R221W,0.0,0.0001296997
NHLRC1,NHLRC1 C26S,0.0,6.818771e-05
NHLRC1,NHLRC1 G194C,0.0,2.5331974e-05
NHLRC1,NHLRC1 P366L,0.0,0.00013893843
NIPA1,NIPA1 A100T,0.0,2.515316e-05
NIPA1,NIPA1 G106R,0.0,5.3703785e-05
NLGN3,NLGN3 R451C,1.0,2.3424625e-05
NOD1,NOD1 E266K,0.0,5.841255e-06
NODAL,NODAL R183Q,0.0,1.4364719e-05
NPC2,NPC2 N111K,0.0,0.0002681613
NPC2,NPC2 S67P,0.0,0.00029712915
NPC2,NPC2 V30M,0.0,0.00024706125
NPPA,NPPA V32M,0.0,4.607439e-05
NR0B1,NR0B1 I361T,0.0,2.783537e-05
NR0B1,NR0B1 L381P,1.0,2.9027462e-05
NR0B1,NR0B1 N440I,1.0,2.092123e-05
NR0B1,NR0B1 R425T,1.0,1.3291836e-05
NR0B1,NR0B1 W105C,0.0,4.053116e-05
NR0B1,NR0B1 W291C,0.0,0.0003157854
NR1H3,NR1H3 S99S,0.0,5.9604645e-08
NR1I2,NR1I2 A370T,0.0,1.6212463e-05
NR1I2,NR1I2 Q158K,0.0,2.1576881e-05
NR1I2,NR1I2 R122Q,0.0,1.1622906e-05
NR1I2,NR1I2 R98C,0.0,1.8119812e-05
NR1I3,NR1I3 H246R,0.0,6.937981e-05
NR1I3,NR1I3 L308P,0.0,2.69413e-05
NR3C1,NR3C1 D401H,0.0,5.841255e-06
NR3C1,NR3C1 D641V,0.0,5.4240227e-06
NR3C1,NR3C1 F737L,0.0,1.3113022e-06
NR3C1,NR3C1 I747M,0.0,5.1259995e-06
NR3C1,NR3C1 R23K,0.0,6.4969063e-06
NR3C1,NR3C1 V571A,0.0,4.1127205e-06
NR3C1,NR3C1 V729I,0.0,1.5497208e-06
NR5A1,NR5A1 R84H,0.0,5.4240227e-06
NR5A1,NR5A1 R92Q,0.0,1.4603138e-05
NR5A1,NR5A1 V355M,0.0,3.2782555e-06
NSDHL,NSDHL A105V,0.0,0.00033670664
NSDHL,NSDHL G205S,0.0,6.3061714e-05
NUDT6,NUDT6 R209Q,0.0,4.0709972e-05
OLFM2,OLFM2 A226A,0.0,-1.1920929e-07
OLR1,OLR1 K167N,0.0,6.6161156e-05
OPRM1,OPRM1 R265H,0.0,9.196997e-05
OPTC,OPTC E66G,0.0,0.000120937824
OPTC,OPTC F162F,0.0,-1.1920929e-07
OPTN,OPTN A336G,0.0,7.5101852e-06
OPTN,OPTN E50K,0.0,3.8206577e-05
OR13G1,OR13G1 I132V,0.0,4.6610832e-05
OTC,OTC F316S,0.0,9.775162e-05
OTC,OTC G197E,0.0,6.80089e-05
OTC,OTC R40H,0.0,4.172325e-05
OTX2,OTX2 N225S,0.0,2.425909e-05
OTX2,OTX2 P133T,0.0,6.8724155e-05
OTX2,OTX2 P134A,0.0,2.1338463e-05
OTX2,OTX2 R89G,0.0,0.00016093254
OXCT1,OXCT1 C456F,0.0,1.8000603e-05
OXCT1,OXCT1 G219E,0.0,1.8060207e-05
OXCT1,OXCT1 V133E,0.0,1.1563301e-05
PAFAH1B1,PAFAH1B1 C356R,0.0,3.8981438e-05
PAFAH1B1,PAFAH1B1 D155H,0.0,0.000108242035
PAFAH1B1,PAFAH1B1 F31S,0.0,8.171797e-05
PAFAH1B1,PAFAH1B1 H149R,0.0,4.1127205e-05
PAFAH1B1,PAFAH1B1 H277P,0.0,6.2942505e-05
PAFAH1B1,PAFAH1B1 R241P,0.0,4.941225e-05
PAFAH1B1,PAFAH1B1 S167P,0.0,3.0994415e-05
PAFAH1B1,PAFAH1B1 S399R,0.0,3.3915043e-05
PAFAH1B1,PAFAH1B1 V383F,0.0,5.9843063e-05
PANK2,PANK2 F440L,0.0,3.695488e-06
PANK2,PANK2 G411R,0.0,9.715557e-06
PC,PC A610T,0.0,1.1205673e-05
PCBD1,PCBD1 C82R,0.0,0.0003874898
PCBD1,PCBD1 E58K,0.0,0.0004028678
PCBD1,PCBD1 E97K,0.0,0.0005978346
PCBD1,PCBD1 T79I,0.0,0.00036245584
PCCA,PCCA A75P,0.0,1.180172e-05
PCCA,PCCA L417W,0.0,2.861023e-06
PCCA,PCCA V360G,0.0,1.23381615e-05
PCCB,PCCB G112D,0.0,1.3649464e-05
PCCB,PCCB G131R,0.0,2.7120113e-05
PCCB,PCCB R165W,0.0,1.7940998e-05
PCCB,PCCB Y439C,0.0,2.7775764e-05
PCSK1,PCSK1 G483R,0.0,9.119511e-06
PCSK1,PCSK1 N111D,0.0,4.708767e-06
PCSK1,PCSK1 S197L,0.0,5.1259995e-06
PDHA1,PDHA1 L216F,0.0,3.8325787e-05
PDHA1,PDHA1 R127W,0.0,3.284216e-05
PDHA1,PDHA1 R378H,0.0,4.5478344e-05
PDHA1,PDHA1 R88C,0.0,0.00020062923
PDHB,PDHB C306R,0.0,0.000243783
PDHB,PDHB I142M,0.0,2.2411346e-05
PDHB,PDHB R36C,0.0,5.1259995e-05
PDHB,PDHB Y132C,0.0,3.8146973e-05
PEMT,PEMT V175M,0.0,0.00015956163
PENK,PENK G247D,1.0,3.7372112e-05
PEPD,PEPD D276N,0.0,6.657839e-05
PEPD,PEPD G448R,0.0,1.835823e-05
PEPD,PEPD R184Q,0.0,3.9458275e-05
PEPD,PEPD S202F,0.0,3.2782555e-05
PEX13,PEX13 I326T,0.0,3.427267e-05
PEX13,PEX13 W313G,0.0,0.0002452731
PEX2,PEX2 E55K,0.0,4.643202e-05
PEX7,PEX7 D134N,0.0,6.467104e-05
PEX7,PEX7 G217R,0.0,0.00017988682
PEX7,PEX7 H110R,0.0,0.00017517805
PEX7,PEX7 S164P,0.0,8.5651875e-05
PEX7,PEX7 S25F,0.0,0.00022190809
PEX7,PEX7 S262L,0.0,8.195639e-05
PGAM2,PGAM2 E89A,0.0,0.00018298626
PGK1,PGK1 C315R,0.0,4.053116e-05
PGK1,PGK1 D267N,0.0,0.00018954277
PGK1,PGK1 R205P,0.0,0.00016373396
PHEX,PHEX C77S,0.0,2.8014183e-05
PHEX,PHEX G579V,0.0,2.9444695e-05
PHEX,PHEX L206W,0.0,1.2099743e-05
PHEX,PHEX P558R,0.0,4.863739e-05
PHKG2,PHKG2 D215N,0.0,4.9173832e-05
PHKG2,PHKG2 G189E,0.0,2.2649765e-05
PHKG2,PHKG2 H145Y,0.0,1.9729137e-05
PHKG2,PHKG2 L226R,0.0,3.9875507e-05
PHKG2,PHKG2 V106E,0.0,4.053116e-05
PHYH,PHYH I199F,0.0,5.0902367e-05
PHYH,PHYH N83Y,0.0,5.1558018e-05
PIGR,PIGR A580V,0.0,5.841255e-06
PIK3CD,PIK3CD E1021K,0.0,1.8179417e-05
PIK3R1,PIK3R1 M326I,0.0,1.9192696e-05
PIK3R1,PIK3R1 R409Q,0.0,4.2796135e-05
PIP4K2A,PIP4K2A N251S,0.0,3.8266182e-05
PITX1,PITX1 E130K,0.0,9.894371e-05
PKP2,PKP2 G328R,0.0,1.5377998e-05
PLG,PLG C765G,0.0,1.9669533e-05
PLOD3,PLOD3 N223S,0.0,2.0384789e-05
PLP1,PLP1 A247E,1.0,6.41942e-05
PLP1,PLP1 L86P,1.0,0.00025224686
PLP1,PLP1 P14L,1.0,0.0002862215
PLP1,PLP1 W162L,1.0,0.00047969818
PLTP,PLTP R235W,0.0,1.8000603e-05
PLTP,PLTP R476Q,0.0,1.2099743e-05
PMP22,PMP22 C109R,1.0,6.234646e-05
PMP22,PMP22 L16P,1.0,0.00210917
PMP22,PMP22 L80P,1.0,0.00072413683
PMP22,PMP22 R157G,0.0,0.0008839965
PMS1,PMS1 M394T,0.0,2.5689602e-05
PNKD,PNKD A7V,0.0,3.4749508e-05
PNKD,PNKD A9V,0.0,2.5868416e-05
PNMT,PNMT N9S,0.0,0.0001911521
PNP,PNP E89K,0.0,7.0631504e-05
PNP,PNP G156A,0.0,3.8564205e-05
PNP,PNP G51S,0.0,4.3570995e-05
PNP,PNP H257D,0.0,0.00015962124
PNPLA3,PNPLA3 S453I,1.0,7.8737736e-05
PNPO,PNPO R229W,0.0,4.5120716e-05
PNPO,PNPO R95C,0.0,6.0081482e-05
PNPO,PNPO R95H,0.0,4.2021275e-05
POLB,POLB R137Q,0.0,8.684397e-05
POLG2,POLG2 G451E,0.0,7.843971e-05
POU4F3,POU4F3 L223P,0.0,3.7789345e-05
PPARA,PPARA R127Q,0.0,4.87566e-05
PPARA,PPARA V227A,0.0,1.21593475e-05
PPARG,PPARG D424N,0.0,1.2516975e-05
PPARG,PPARG P113Q,0.0,2.2351742e-05
PPARG,PPARG V318M,1.0,7.033348e-06
PPT1,PPT1 E184K,0.0,8.98242e-05
PPT1,PPT1 H39Q,0.0,5.054474e-05
PPT1,PPT1 R122W,0.0,0.00012624264
PPT1,PPT1 Y247H,0.0,6.222725e-05
PQBP1,PQBP1 Y65C,0.0,4.4584274e-05
PRKAG3,PRKAG3 R225W,0.0,2.5212765e-05
PRKAR1A,PRKAR1A A213D,0.0,2.5749207e-05
PRKAR1A,PRKAR1A G289W,0.0,3.9756298e-05
PRKAR1A,PRKAR1A R74C,0.0,0.00023597479
PRKAR1A,PRKAR1A S147G,0.0,0.00025200844
PRKRA,PRKRA P222L,0.0,0.00015300512
PROC,PROC G72R,0.0,2.193451e-05
PROC,PROC H134N,0.0,2.527237e-05
PROC,PROC Q290L,0.0,2.6524067e-05
PRODH,PRODH A167V,0.0,1.9192696e-05
PRODH,PRODH D426N,0.0,7.31349e-05
PRODH,PRODH L289M,1.0,8.6426735e-06
PROK2,PROK2 C34Y,0.0,0.00038176775
PROK2,PROK2 G32R,0.0,9.459257e-05
PROZ,PROZ E30K,0.0,2.4855137e-05
PROZ,PROZ E30Q,0.0,1.1920929e-05
PROZ,PROZ L224P,0.0,3.260374e-05
PRPS1,PRPS1 N113S,0.0,4.673004e-05
PRSS2,PRSS2 D153H,0.0,0.00021111965
PRSS2,PRSS2 G191R,0.0,0.00017595291
PSAT1,PSAT1 D100A,0.0,9.8347664e-05
PSEN2,PSEN2 M239V,0.0,5.4836273e-06
PSEN2,PSEN2 N141I,0.0,1.1622906e-05
PSEN2,PSEN2 R71W,0.0,1.9669533e-05
PSEN2,PSEN2 T430M,0.0,1.001358e-05
PSMB9,PSMB9 V32I,0.0,5.221367e-05
PSPH,PSPH M52T,0.0,0.0008907914
PTAFR,PTAFR A224D,0.0,3.7133694e-05
PTCH1,PTCH1 G110R,0.0,7.033348e-06
PTCH1,PTCH1 T230P,0.0,1.180172e-05
PTH,PTH C18R,1.0,0.0018292665
PTH1R,PTH1R H223R,1.0,2.3782253e-05
PTH1R,PTH1R P132L,1.0,2.1457672e-05
PVRL1,PVRL1 S112T,0.0,2.6285648e-05
PVRL1,PVRL1 T131A,0.0,1.04904175e-05
PVRL1,PVRL1 V360G,0.0,4.8160553e-05
PYCRL,PYCRL V105M,0.0,6.318092e-05
RAC2,RAC2 D57N,0.0,0.00097310543
RAG2,RAG2 M285R,0.0,3.2544136e-05
RAG2,RAG2 N474S,0.0,5.90086e-06
RAG2,RAG2 R229Q,0.0,9.953976e-05
RAG2,RAG2 T77N,0.0,1.8835068e-05
RAPSN,RAPSN A189V,0.0,4.9173832e-05
RAPSN,RAPSN F139S,0.0,9.739399e-05
RAPSN,RAPSN L14P,1.0,2.759695e-05
RBM28,RBM28 L351P,0.0,5.4836273e-06
RBP4,RBP4 G75D,0.0,0.00014060736
RDH12,RDH12 C285Y,0.0,9.417534e-05
RDH12,RDH12 L99I,0.0,6.181002e-05
RDH12,RDH12 P230A,0.0,9.125471e-05
REEP1,REEP1 A20E,0.0,4.631281e-05
REEP1,REEP1 L107P,0.0,0.00012356043
REEP1,REEP1 P19R,1.0,7.998943e-05
REN,REN D104N,0.0,3.707409e-05
REN,REN R230K,0.0,1.8119812e-05
REN,REN S135Y,0.0,3.3140182e-05
REN,REN V351I,0.0,1.013279e-05
RFX5,RFX5 R149Q,0.0,2.7954578e-05
RFXANK,RFXANK D121V,1.0,0.00044232607
RFXANK,RFXANK L195P,1.0,0.00035089254
RGR,RGR A234T,0.0,4.631281e-05
RGR,RGR H152N,0.0,0.00017231703
RGR,RGR V132L,0.0,4.506111e-05
RGS2,RGS2 Q2L,0.0,3.272295e-05
RGS2,RGS2 Q2R,0.0,1.6748905e-05
RGS2,RGS2 R44H,1.0,8.702278e-05
RGS9,RGS9 W299R,0.0,6.2823296e-05
RLBP1,RLBP1 G145D,0.0,6.335974e-05
RLBP1,RLBP1 I200T,0.0,9.7334385e-05
RLBP1,RLBP1 M225K,1.0,9.089708e-05
RLBP1,RLBP1 R150Q,0.0,6.0260296e-05
RNASEH2C,RNASEH2C P76L,0.0,0.00020474195
RNASEH2C,RNASEH2C R69W,0.0,0.00019198656
RP2,RP2 C86Y,1.0,0.00010192394
RP2,RP2 L253R,0.0,5.9068203e-05
RP2,RP2 R118H,0.0,0.0001243949
RP2,RP2 R282W,0.0,5.2809715e-05
RPA4,RPA4 A33T,0.0,1.680851e-05
RPE65,RPE65 E148D,0.0,3.170967e-05
RPE65,RPE65 G104D,0.0,2.771616e-05
RPE65,RPE65 P363T,1.0,2.7120113e-05
RPE65,RPE65 T457N,0.0,2.771616e-05
RPIA,RPIA A135V,0.0,0.0003337264
RPL11,RPL11 L20H,1.0,0.00031143427
RPS19,RPS19 G127E,1.0,0.00031882524
RPS19,RPS19 R101H,1.0,3.9100647e-05
RPS19,RPS19 R62W,1.0,5.2452087e-05
RPS19,RPS19 V15F,1.0,8.648634e-05
RPS6KA3,RPS6KA3 D193N,0.0,5.340576e-05
RPS6KA3,RPS6KA3 E260D,0.0,1.4841557e-05
RPS6KA3,RPS6KA3 F68C,0.0,1.0967255e-05
RPS6KA3,RPS6KA3 G431D,0.0,1.5377998e-05
RPS6KA3,RPS6KA3 G75V,0.0,1.2636185e-05
RPS6KA3,RPS6KA3 I189K,0.0,8.821487e-06
RPS6KA3,RPS6KA3 L467R,0.0,2.4974346e-05
RPS6KA3,RPS6KA3 N544K,0.0,1.6510487e-05
RPS6KA3,RPS6KA3 N620D,0.0,1.3291836e-05
RPS6KA3,RPS6KA3 R667S,0.0,1.6748905e-05
RRM2B,RRM2B L317V,0.0,0.00031518936
RRM2B,RRM2B W64R,0.0,6.41942e-05
RTN4R,RTN4R L347R,0.0,2.092123e-05
RTN4R,RTN4R R196H,0.0,2.9742718e-05
RTN4R,RTN4R R227C,0.0,7.176399e-05
RTN4R,RTN4R R377W,0.0,3.4332275e-05
RTN4R,RTN4R R399W,0.0,3.963709e-05
RXRG,RXRG G14S,0.0,7.5101852e-06
SALL4,SALL4 H888R,0.0,2.5629997e-06
SALL4,SALL4 V754M,0.0,5.4836273e-06
SART3,SART3 V591M,0.0,4.887581e-06
SBDS,SBDS N8K,0.0,6.80089e-05
SBDS,SBDS R126T,0.0,0.00014609098
SCARB1,SCARB1 A350A,0.0,-1.1920929e-07
SCARB2,SCARB2 H363N,1.0,2.2351742e-05
SCN1B,SCN1B C121W,0.0,0.00030076504
SCN1B,SCN1B E87Q,0.0,0.000115036964
SCN1B,SCN1B R85C,0.0,0.00014585257
SCN1B,SCN1B R85H,0.0,5.7041645e-05
SCNN1B,SCNN1B P616L,0.0,2.926588e-05
SCNN1G,SCNN1G E197K,0.0,1.2397766e-05
SCNN1G,SCNN1G G183S,0.0,5.90086e-06
SCNN1G,SCNN1G L609F,0.0,1.2934208e-05
SCNN1G,SCNN1G N530S,0.0,1.2636185e-05
SCO1,SCO1 P174L,0.0,0.00012737513
SCO2,SCO2 C133Y,0.0,0.0001385808
SCO2,SCO2 E140K,0.0,4.339218e-05
SCO2,SCO2 L151P,0.0,6.377697e-05
SCO2,SCO2 S225F,0.0,3.5345554e-05
SDHA,SDHA A524V,0.0,1.7344952e-05
SDHA,SDHA A83V,0.0,1.50203705e-05
SDHA,SDHA R451C,0.0,6.0498714e-05
SDHB,SDHB C186Y,0.0,5.8233738e-05
SDHB,SDHB G53R,0.0,5.6564808e-05
SDHB,SDHB L87S,0.0,4.0650368e-05
SDHB,SDHB R230L,0.0,6.92606e-05
SDHD,SDHD G12S,0.0,0.0001116395
SDHD,SDHD G148D,0.0,0.00013929605
SDHD,SDHD L101P,1.0,0.0004054904
SEMA3E,SEMA3E S703L,0.0,5.3048134e-06
SEMA4A,SEMA4A D345H,0.0,8.523464e-06
SEMA4A,SEMA4A F350C,1.0,9.655952e-06
SEMA4A,SEMA4A R713Q,0.0,6.9737434e-06
SERPINA10,SERPINA10 F124L,0.0,2.9802322e-05
SERPINA10,SERPINA10 Q363R,0.0,2.4735928e-05
SERPINA10,SERPINA10 S122Y,0.0,4.36306e-05
SERPINA3,SERPINA3 L241L,0.0,0.0
SERPINA3,SERPINA3 L53P,0.0,0.000119268894
SERPINA3,SERPINA3 M389V,0.0,2.5689602e-05
SERPINA3,SERPINA3 P227A,0.0,4.4107437e-05
SERPINA7,SERPINA7 A113P,0.0,0.00011616945
SERPINC1,SERPINC1 L126P,0.0,3.5762787e-05
SERPINC1,SERPINC1 N405K,0.0,2.3245811e-05
SERPINC1,SERPINC1 P16H,0.0,2.6166439e-05
SERPINC1,SERPINC1 R47C,0.0,7.259846e-05
SERPIND1,SERPIND1 E428K,0.0,4.3809414e-05
SERPIND1,SERPIND1 P443L,0.0,6.145239e-05
SERPIND1,SERPIND1 R189H,0.0,0.0001103282
SETX,SETX L1976R,0.0,8.285046e-06
SFTPA2,SFTPA2 A91P,0.0,6.2823296e-05
SFTPA2,SFTPA2 F198S,0.0,4.8935413e-05
SFTPA2,SFTPA2 G231V,0.0,0.00015312433
SFTPA2,SFTPA2 Q223K,0.0,3.7252903e-05
SFTPC,SFTPC C189G,0.0,0.0001488328
SFTPC,SFTPC H64P,0.0,0.00020647049
SFTPC,SFTPC P30L,0.0,0.00032305717
SFTPC,SFTPC Y104H,0.0,0.00014430285
SFTPD,SFTPD T160A,0.0,1.9133091e-05
SGSH,SGSH D273N,0.0,2.169609e-05
SGSH,SGSH D444G,0.0,2.1278858e-05
SGSH,SGSH F193L,0.0,8.046627e-06
SH2D1A,SH2D1A G93D,0.0,9.316206e-05
SH2D1A,SH2D1A P101L,0.0,0.0002529025
SH2D1A,SH2D1A R32T,0.0,0.00039744377
SHBG,SHBG D327N,0.0,3.1650066e-05
SHBG,SHBG P156L,0.0,7.677078e-05
SHMT1,SHMT1 S394N,0.0,9.596348e-06
SIX2,SIX2 L43F,0.0,2.2828579e-05
SIX2,SIX2 P241L,0.0,3.6537647e-05
SLC10A2,SLC10A2 L243P,0.0,0.00012886524
SLC10A2,SLC10A2 P290S,0.0,0.00020515919
SLC10A2,SLC10A2 T262M,0.0,0.0001001358
SLC14A1,SLC14A1 N74K,1.0,2.0086765e-05
SLC14A1,SLC14A1 S291P,1.0,4.3809414e-05
SLC15A1,SLC15A1 P586L,0.0,4.965067e-05
SLC17A8,SLC17A8 A211V,0.0,3.0457973e-05
SLC19A3,SLC19A3 E320Q,0.0,2.926588e-05
SLC19A3,SLC19A3 G23V,0.0,2.3007393e-05
SLC19A3,SLC19A3 K44E,0.0,6.335974e-05
SLC19A3,SLC19A3 T422A,0.0,1.6748905e-05
SLC22A11,SLC22A11 E278K,0.0,2.8789043e-05
SLC22A12,SLC22A12 H86H,0.0,0.0
SLC22A12,SLC22A12 M430T,1.0,7.414818e-05
SLC22A12,SLC22A12 Q297E,0.0,0.00017428398
SLC22A12,SLC22A12 T217M,1.0,2.2530556e-05
SLC22A2,SLC22A2 M165I,0.0,1.4126301e-05
SLC22A2,SLC22A2 T199I,0.0,3.159046e-05
SLC22A2,SLC22A2 T201M,0.0,2.169609e-05
SLC22A6,SLC22A6 R454Q,0.0,5.9068203e-05
SLC25A15,SLC25A15 E180K,0.0,0.000795722
SLC25A15,SLC25A15 T32R,0.0,0.00020343065
SLC26A2,SLC26A2 N425D,0.0,4.6491623e-06
SLC28A1,SLC28A1 V189I,0.0,3.6358833e-06
SLC28A2,SLC28A2 E385K,0.0,8.285046e-06
SLC28A2,SLC28A2 F355S,0.0,1.50203705e-05
SLC29A3,SLC29A3 G427S,0.0,4.6908855e-05
SLC29A3,SLC29A3 G437R,0.0,6.2286854e-05
SLC29A3,SLC29A3 M116R,0.0,1.5079975e-05
SLC29A3,SLC29A3 T449R,0.0,3.540516e-05
SLC2A1,SLC2A1 P485L,1.0,7.456541e-05
SLC2A1,SLC2A1 R212H,0.0,5.209446e-05
SLC2A1,SLC2A1 S66F,1.0,5.8412552e-05
SLC2A2,SLC2A2 G318R,0.0,1.3947487e-05
SLC2A2,SLC2A2 V197I,0.0,6.020069e-06
SLC2A2,SLC2A2 W444R,0.0,3.0457973e-05
SLC30A2,SLC30A2 H54R,0.0,0.00035220385
SLC30A8,SLC30A8 R325W,0.0,2.9027462e-05
SLC35C1,SLC35C1 R147C,0.0,0.00022268295
SLC35C1,SLC35C1 T308R,0.0,3.3438206e-05
SLC36A2,SLC36A2 G87V,0.0,0.00027292967
SLC39A4,SLC39A4 P200L,1.0,9.357929e-06
SLC45A2,SLC45A2 G198D,0.0,2.9802322e-05
SLC45A2,SLC45A2 L361P,0.0,7.402897e-05
SLC45A2,SLC45A2 P58A,0.0,5.2332878e-05
SLC45A2,SLC45A2 T302S,0.0,5.90086e-06
SLC47A1,SLC47A1 A310V,0.0,1.4722347e-05
SLC47A1,SLC47A1 D328A,0.0,2.4080276e-05
SLC47A1,SLC47A1 G64D,0.0,3.6478043e-05
SLC47A1,SLC47A1 N474S,0.0,1.2636185e-05
SLC4A1,SLC4A1 G455E,0.0,1.013279e-05
SLC4A1,SLC4A1 R646W,0.0,1.6629696e-05
SLC5A2,SLC5A2 K311R,0.0,2.6226044e-06
SLC5A2,SLC5A2 R368W,0.0,3.1232834e-05
SLC5A2,SLC5A2 T51P,0.0,1.4066696e-05
SLC5A2,SLC5A2 V116M,0.0,2.18153e-05
SLC5A5,SLC5A5 G543E,1.0,1.5854836e-05
SLC5A5,SLC5A5 G93R,1.0,1.424551e-05
SLC5A5,SLC5A5 Q267E,1.0,1.8775463e-05
SLC5A5,SLC5A5 T354P,1.0,1.8000603e-05
SLC5A7,SLC5A7 I89V,0.0,6.67572e-06
SLC6A20,SLC6A20 T199M,0.0,7.8082085e-06
SLC7A10,SLC7A10 E112D,0.0,1.4662743e-05
SLC7A9,SLC7A9 G105R,1.0,5.209446e-05
SLC7A9,SLC7A9 N227D,0.0,1.6629696e-05
SLC7A9,SLC7A9 V330M,0.0,0.00010818243
SLC9A3R1,SLC9A3R1 L110V,0.0,3.0219555e-05
SLC9A3R1,SLC9A3R1 R153Q,0.0,3.951788e-05
SLCO2B1,SLCO2B1 S486F,0.0,2.0563602e-05
SLURP1,SLURP1 C77R,0.0,0.0010221004
SLURP1,SLURP1 L98P,0.0,0.00036925077
SLURP1,SLURP1 R71H,0.0,0.0001167655
SLURP1,SLURP1 W15R,1.0,0.00015240908
SMARCA2,SMARCA2 D1546E,1.0,1.1742115e-05
SMPD1,SMPD1 D51V,0.0,2.7060509e-05
SMPD1,SMPD1 G244R,0.0,1.8835068e-05
SMPD1,SMPD1 P332R,0.0,6.264448e-05
SNCA,SNCA A30P,0.0,8.136034e-05
SNCA,SNCA A53T,0.0,5.9127808e-05
SOD1,SOD1 G37R,0.0,0.0002938509
SOD1,SOD1 G41S,0.0,0.00024056435
SOD1,SOD1 L126S,0.0,0.0001912117
SPINK1,SPINK1 N34S,0.0,7.355213e-05
SPINK1,SPINK1 P55S,0.0,0.00015628338
SPINK1,SPINK1 R65Q,0.0,0.00017112494
SPP1,SPP1 D94D,0.0,-1.1920929e-07
SPRY2,SPRY2 D20A,0.0,2.3722649e-05
SPRY2,SPRY2 K68N,0.0,2.604723e-05
SQSTM1,SQSTM1 A381V,0.0,8.46386e-06
SQSTM1,SQSTM1 P387L,0.0,9.775162e-06
SQSTM1,SQSTM1 P392L,0.0,1.7642975e-05
SQSTM1,SQSTM1 S399P,0.0,1.8119812e-05
SRPX2,SRPX2 N327S,0.0,2.0086765e-05
SSH1,SSH1 S63N,0.0,9.536743e-07
STAR,STAR A218V,0.0,8.350611e-05
STAR,STAR M144R,0.0,0.00018912554
STAT1,STAT1 E320Q,0.0,1.591444e-05
STAT1,STAT1 L600P,0.0,3.20673e-05
STAT1,STAT1 L706S,0.0,9.351969e-05
STAT1,STAT1 Q463H,0.0,3.6358833e-06
STAT3,STAT3 N472D,0.0,7.355213e-05
STAT3,STAT3 R382L,0.0,4.4584274e-05
STAT3,STAT3 R382W,0.0,1.5377998e-05
STK11,STK11 F354L,0.0,4.595518e-05
STK11,STK11 K108R,0.0,5.5849552e-05
STK11,STK11 L183L,0.0,0.0
STK11,STK11 L67P,1.0,0.00015670061
STK11,STK11 L67R,0.0,0.00026249886
STK11,STK11 M136R,0.0,0.00032514334
STK11,STK11 N181Y,0.0,4.339218e-05
STK11,STK11 S232P,0.0,8.678436e-05
STK11,STK11 W239C,0.0,0.00010287762
STK11,STK11 W308C,0.0,9.727478e-05
STOX1,STOX1 E608D,0.0,3.874302e-06
STOX1,STOX1 N825I,0.0,4.708767e-06
STRA6,STRA6 Q438R,0.0,1.4603138e-05
STS,STS R432C,0.0,9.971857e-05
STS,STS S319L,0.0,3.2901764e-05
STS,STS W350R,0.0,2.6464462e-05
STXBP1,STXBP1 C180Y,0.0,2.682209e-05
STXBP1,STXBP1 M443R,1.0,1.3113022e-05
STXBP1,STXBP1 V84D,1.0,9.834766e-06
SULT1A1,SULT1A1 H149Y,0.0,4.3690205e-05
SULT1C2,SULT1C2 R73Q,0.0,3.7908554e-05
SULT1C2,SULT1C2 S111F,0.0,4.4584274e-05
SULT2B1,SULT2B1 D191N,0.0,3.385544e-05
SULT2B1,SULT2B1 R230H,0.0,4.7504902e-05
SUN2,SUN2 G671S,0.0,2.4616718e-05
SUOX,SUOX Q396R,0.0,6.318092e-05
SUOX,SUOX R268Q,0.0,1.0550022e-05
SUOX,SUOX W450R,0.0,6.246567e-05
SURF1,SURF1 G124R,0.0,0.00023287535
SURF1,SURF1 L203P,0.0,8.481741e-05
SURF1,SURF1 Y274D,0.0,0.0001975298
SYNGR1,SYNGR1 K99E,0.0,8.9108944e-05
TAC3,TAC3 M90T,0.0,0.0009992719
TACR3,TACR3 G93D,1.0,4.0352345e-05
TALDO1,TALDO1 R192C,0.0,3.7312508e-05
TALDO1,TALDO1 R192H,0.0,3.159046e-05
TAP2,TAP2 M577V,0.0,2.2351742e-05
TAS2R38,TAS2R38 A49P,0.0,1.2695789e-05
TAS2R38,TAS2R38 I296V,0.0,8.46386e-06
TAT,TAT L273P,0.0,4.0233135e-05
TAT,TAT P220S,0.0,9.2446804e-05
TAT,TAT R119W,0.0,2.8192997e-05
TAT,TAT R433W,0.0,3.373623e-05
TBX20,TBX20 A63T,0.0,1.5974045e-05
TBX20,TBX20 I121F,0.0,7.516146e-05
TBX20,TBX20 I152M,0.0,1.2099743e-05
TBX20,TBX20 T262M,0.0,2.0503998e-05
TBX22,TBX22 G118C,0.0,1.7881393e-05
TBX22,TBX22 R120W,0.0,5.1259995e-06
TBX22,TBX22 R151L,0.0,2.5749207e-05
TCAP,TCAP E132Q,0.0,0.0041920543
TCAP,TCAP R18Q,0.0,0.00035452843
TCAP,TCAP R70W,0.0,0.0073461533
TCAP,TCAP R87Q,0.0,0.00028818846
TCF4,TCF4 G358V,0.0,1.9550323e-05
TCF4,TCF4 R578H,0.0,4.4226646e-05
TCF4,TCF4 R578P,0.0,7.0393085e-05
TDGF1,TDGF1 P125L,0.0,0.00017678738
TDGF1,TDGF1 V110L,0.0,4.0233135e-05
TEK,TEK R849W,0.0,1.758337e-05
TEKT2,TEKT2 A229V,0.0,2.0205975e-05
TFAP2A,TFAP2A G262E,1.0,3.5464764e-05
TFAP2A,TFAP2A R254W,1.0,6.3717365e-05
TFPI,TFPI P151L,0.0,2.360344e-05
TGFBI,TGFBI L509R,0.0,8.821487e-06
TGFBR2,TGFBR2 A329T,0.0,2.4676323e-05
TGFBR2,TGFBR2 L308P,0.0,4.9591064e-05
TGFBR2,TGFBR2 R254H,0.0,5.197525e-05
THAP1,THAP1 F81L,0.0,5.6803226e-05
THRB,THRB A268G,0.0,1.2278557e-05
THRB,THRB C446R,0.0,1.5497208e-05
THRB,THRB L330S,0.0,4.3451786e-05
THRB,THRB M442V,0.0,9.4771385e-06
THRB,THRB N343K,0.0,5.4001808e-05
THRB,THRB P453L,0.0,1.9311905e-05
THRB,THRB Q374K,0.0,3.5583973e-05
THRB,THRB S314C,0.0,1.8417835e-05
TIMM44,TIMM44 A424A,0.0,0.0
TIMM44,TIMM44 P308Q,0.0,0.00010353327
TIMM8A,TIMM8A C66W,1.0,0.00020033121
TIMP3,TIMP3 G167C,0.0,0.00030177832
TIMP3,TIMP3 S170C,0.0,0.00018930435
TIMP3,TIMP3 S181C,0.0,0.0001450181
TIMP3,TIMP3 Y168C,0.0,0.00025200844
TINF2,TINF2 E281K,0.0,2.8073788e-05
TINF2,TINF2 L287P,0.0,2.9742718e-05
TINF2,TINF2 P236S,0.0,1.1742115e-05
TINF2,TINF2 S245Y,0.0,2.4676323e-05
TIRAP,TIRAP S180L,0.0,0.00021719933
TLR2,TLR2 R753Q,0.0,4.196167e-05
TLR2,TLR2 T411I,0.0,5.9604645e-06
TLR3,TLR3 L412F,0.0,5.4240227e-06
TLR6,TLR6 T255I,0.0,2.0682812e-05
TMEM43,TMEM43 S358L,0.0,2.9861927e-05
TMPRSS3,TMPRSS3 A306T,0.0,3.528595e-05
TMPRSS3,TMPRSS3 C407R,0.0,0.00010627508
TMPRSS3,TMPRSS3 R109W,0.0,6.824732e-05
TMPRSS3,TMPRSS3 R216L,0.0,4.4882298e-05
TMPRSS5,TMPRSS5 A317S,0.0,1.7940998e-05
TNFAIP3,TNFAIP3 F127C,0.0,1.6868114e-05
TNFRSF11B,TNFRSF11B C87Y,0.0,6.210804e-05
TNFRSF13B,TNFRSF13B A149T,0.0,2.3782253e-05
TNFRSF13B,TNFRSF13B C104R,0.0,0.0004892945
TNFRSF13B,TNFRSF13B L171R,0.0,3.4093857e-05
TNFRSF13B,TNFRSF13B V246F,0.0,3.3140182e-05
TNFRSF1B,TNFRSF1B M196R,0.0,4.9591064e-05
TNNC1,TNNC1 C84Y,0.0,0.00023192167
TNNC1,TNNC1 D75Y,0.0,0.00017142296
TNNC1,TNNC1 E134D,0.0,2.6881695e-05
TNNC1,TNNC1 L29Q,0.0,7.18236e-05
TNNI2,TNNI2 R174Q,0.0,0.00064462423
TOR1A,TOR1A D216H,0.0,4.9710274e-05
TOR1A,TOR1A R288Q,0.0,3.7550926e-05
TP53,TP53 G245C,0.0,2.1278858e-05
TP53,TP53 P152L,0.0,2.0444393e-05
TP53,TP53 V31I,0.0,7.0929527e-06
TP63,TP63 D312N,0.0,1.4781952e-05
TP63,TP63 I510T,0.0,1.1861324e-05
TPH2,TPH2 P206S,0.0,1.9788742e-05
TPH2,TPH2 P312P,0.0,5.9604645e-08
TPH2,TPH2 R303W,0.0,1.6748905e-05
TPH2,TPH2 R441H,0.0,1.6331673e-05
TPM1,TPM1 D175N,0.0,6.0796738e-05
TPM1,TPM1 E40K,0.0,9.524822e-05
TPM1,TPM1 M281T,0.0,2.9444695e-05
TPM1,TPM1 V95A,0.0,5.6266785e-05
TPM2,TPM2 E117K,0.0,6.169081e-05
TPM2,TPM2 Q147P,0.0,3.8683414e-05
TPM2,TPM2 R91G,0.0,8.3982944e-05
TPM3,TPM3 L100M,0.0,5.853176e-05
TPM3,TPM3 M9R,0.0,9.2327595e-05
TPM3,TPM3 R168G,0.0,4.6908855e-05
TPM3,TPM3 R245G,0.0,6.479025e-05
TPMT,TPMT A80P,0.0,9.351969e-05
TPMT,TPMT G144R,0.0,0.00014555454
TPMT,TPMT L49S,0.0,0.00022614002
TPMT,TPMT R215H,0.0,0.00010603666
TPO,TPO A53P,0.0,9.596348e-06
TPO,TPO S131P,0.0,1.8417835e-05
TPP1,TPP1 G77R,0.0,1.6331673e-05
TPP1,TPP1 P544S,0.0,1.9669533e-05
TPP1,TPP1 R206H,0.0,1.6868114e-05
TRIB3,TRIB3 Q84R,0.0,5.2928925e-05
TRIM37,TRIM37 C109S,0.0,6.6161156e-05
TRIM5,TRIM5 H43Y,0.0,8.380413e-05
TRIM5,TRIM5 R136Q,0.0,2.5987625e-05
TSFM,TSFM R333W,1.0,1.6510487e-05
TSHR,TSHR A204V,0.0,1.2397766e-05
TSHR,TSHR G132R,0.0,3.5345554e-05
TSHR,TSHR K183R,0.0,6.854534e-06
TSHR,TSHR P27T,0.0,1.23381615e-05
TSHR,TSHR R109Q,0.0,1.4305115e-05
TSSK4,TSSK4 V227I,0.0,2.3126602e-05
TSSK4,TSSK4 V255V,0.0,0.0
TTR,TTR C10R,0.0,9.775162e-05
TTR,TTR I73V,0.0,4.7147274e-05
TTR,TTR R103S,0.0,0.00028848648
TTR,TTR V30M,0.0,0.00020837784
TUBA1A,TUBA1A E55K,0.0,3.2305717e-05
TUBA1A,TUBA1A I188L,0.0,6.3180923e-06
TUBA1A,TUBA1A L286F,0.0,9.000301e-06
TUBA1A,TUBA1A R402L,1.0,3.3676624e-05
TUBB1,TUBB1 R318W,0.0,7.6293945e-06
TUBB2B,TUBB2B F265L,0.0,1.23381615e-05
TUBB2B,TUBB2B I210T,0.0,1.7821789e-05
TUBB2B,TUBB2B L228P,0.0,1.9609928e-05
TUFM,TUFM R339Q,0.0,3.5107136e-05
TULP1,TULP1 F382S,0.0,1.40070915e-05
TULP1,TULP1 R420P,0.0,6.556511e-06
TULP1,TULP1 R482W,0.0,7.1525574e-06
UBE3A,UBE3A R506C,0.0,3.7550926e-05
UCHL1,UCHL1 I93M,0.0,0.00041872263
UCHL1,UCHL1 S18Y,0.0,0.0002886057
UCP1,UCP1 A64T,0.0,3.6120415e-05
UCP1,UCP1 K257N,0.0,5.453825e-05
UCP1,UCP1 M229L,0.0,1.9550323e-05
UCP2,UCP2 A268G,0.0,8.124113e-05
UCP2,UCP2 A55V,0.0,8.189678e-05
UCP2,UCP2 L175V,0.0,0.00013846159
UGT1A10,UGT1A10 I211T,0.0,5.4836273e-05
UGT1A10,UGT1A10 Q331R,0.0,7.557869e-05
UGT1A10,UGT1A10 R403C,0.0,0.00017875433
UMPS,UMPS G429R,0.0,6.341934e-05
UQCRQ,UQCRQ S45F,0.0,0.00037544966
UROD,UROD P62L,0.0,0.00013130903
UROD,UROD S219F,0.0,0.00014418364
UROD,UROD Y182C,1.0,0.00021624565
UROS,UROS A69T,0.0,2.1278858e-05
UROS,UROS G188R,0.0,0.000101566315
UROS,UROS L237P,0.0,0.00015491247
UROS,UROS P53L,0.0,9.036064e-05
USH1G,USH1G L48P,1.0,1.591444e-05
VANGL1,VANGL1 M328T,0.0,1.0848045e-05
VANGL1,VANGL1 R274Q,0.0,1.1622906e-05
VAPB,VAPB P56S,1.0,0.0004979372
VCAM1,VCAM1 G413A,0.0,9.179115e-06
VCP,VCP A439S,0.0,1.8239021e-05
VCP,VCP T262A,0.0,6.914139e-06
VHL,VHL L198R,0.0,0.00056678057
VHL,VHL S65W,0.0,6.3717365e-05
VKORC1,VKORC1 L128R,1.0,0.00093883276
VKORC1,VKORC1 R98W,1.0,0.00016248226
VKORC1,VKORC1 V45A,1.0,0.000118911266
WISP3,WISP3 C114Y,0.0,0.00016885996
WISP3,WISP3 C145Y,0.0,0.00015258789
WISP3,WISP3 C78R,0.0,0.0001257658
WISP3,WISP3 S334P,0.0,3.516674e-05
WNT4,WNT4 A114V,0.0,2.783537e-05
WNT4,WNT4 E216G,0.0,7.2956085e-05
WNT7A,WNT7A A109T,0.0,2.7477741e-05
WNT7A,WNT7A G204S,0.0,5.4895878e-05
WNT7A,WNT7A R292C,0.0,5.298853e-05
WRAP53,WRAP53 R68G,0.0,1.2934208e-05
XRCC4,XRCC4 I134T,0.0,0.00018405914
YARS,YARS E196K,0.0,0.00022011995
YARS,YARS G41R,0.0,4.7504902e-05
ZCCHC12,ZCCHC12 R7C,0.0,5.030632e-05
ZCCHC12,ZCCHC12 T344I,0.0,1.6152859e-05
ZDHHC9,ZDHHC9 P150S,0.0,3.9815903e-05
ZDHHC9,ZDHHC9 R148W,0.0,6.4730644e-05
ZFYVE27,ZFYVE27 G191V,0.0,4.9471855e-05
ZNF624,ZNF624 K135N,0.0,2.5749207e-05
CD207,CD207 A55V,0.0,2.3961067e-05
CD207,CD207 E114V,0.0,3.4570694e-05
CD207,CD207 R66Q,0.0,5.453825e-05
CRYBA4,CRYBA4 V36M,0.0,5.6147575e-05
EFHC1,EFHC1 M448T,0.0,5.00679e-06
EFHC1,EFHC1 R159W,0.0,8.821487e-06
EIF2B4,EIF2B4 R306G,0.0,3.0457973e-05
FKBP6,FKBP6 R202H,0.0,4.464388e-05
FMO1,FMO1 K373R,0.0,2.2172928e-05
FMO3,FMO3 G180V,0.0,2.9683113e-05
FMO3,FMO3 V277A,0.0,9.536743e-06
FOXP3,FOXP3 G52V,0.0,1.8000603e-05
GFAP,GFAP D295N,0.0,1.9729137e-05
KRT2,KRT2 G219D,0.0,7.2717667e-06
KRT6A,KRT6A F249L,0.0,4.2021275e-05
KRT6A,KRT6A N21S,0.0,1.424551e-05
KRT6A,KRT6A V523F,0.0,2.9206276e-05
LTA,LTA H51P,0.0,3.5107136e-05
MCEE,MCEE A76V,0.0,6.067753e-05
MCEE,MCEE R143H,0.0,7.95722e-05
OAS1,OAS1 R242Q,0.0,4.2021275e-05
PGBD1,PGBD1 H806D,0.0,3.695488e-06
PGBD1,PGBD1 I678V,0.0,1.9073486e-06
PGBD1,PGBD1 P256L,0.0,1.591444e-05
PGBD1,PGBD1 Q248E,0.0,8.46386e-06
PITX1,PITX1 G299A,0.0,1.1146069e-05
PNPO,PNPO R116Q,0.0,7.9751015e-05
RPGR,RPGR Q184H,0.0,1.0728836e-06
RPGR,RPGR R425K,0.0,5.6028366e-06
SERPING1,SERPING1 V56A,0.0,1.2755394e-05
SMAD3,SMAD3 I170V,0.0,1.6987324e-05
TINF2,TINF2 G237D,0.0,1.5735626e-05
TNFRSF13B,TNFRSF13B K142M,0.0,4.2557716e-05
TNFRSF13B,TNFRSF13B P205L,0.0,1.7881393e-05
TNFRSF13B,TNFRSF13B V174A,0.0,2.8431416e-05
TUFM,TUFM G149S,0.0,3.6478043e-05
VANGL1,VANGL1 E347A,0.0,9.059906e-06
ALK,ALK F1174L,1.0,3.7431717e-05
ALK,ALK G1202R,0.0,3.6001205e-05
ALK,ALK R1275Q,1.0,3.916025e-05
ALK,ALK S1206Y,0.0,8.326769e-05
ALK,ALK T1151M,0.0,5.6028366e-06
BRAF,BRAF A727V,0.0,1.21593475e-05
BRAF,BRAF D594V,0.0,1.6212463e-05
BRAF,BRAF E586K,0.0,1.0788441e-05
BRAF,BRAF G464V,0.0,1.6748905e-05
BRAF,BRAF G466A,0.0,2.2768974e-05
BRAF,BRAF G466E,0.0,1.6570091e-05
BRAF,BRAF G466V,0.0,1.8894672e-05
BRAF,BRAF G469A,0.0,6.198883e-05
BRAF,BRAF G469E,0.0,1.2218952e-05
BRAF,BRAF G596R,0.0,1.1086464e-05
BRAF,BRAF V600E,0.0,7.390976e-06
EGFR,EGFR G719S,0.0,2.8550625e-05
EGFR,EGFR L858R,0.0,1.8656254e-05
EGFR,EGFR T790M,0.0,9.000301e-06
ERBB2,ERBB2 V842I,0.0,3.0994415e-06
ERBB4,ERBB4 E872K,0.0,3.772974e-05
FLT3,FLT3 D835Y,0.0,5.3048134e-06
PDGFRA,PDGFRA D842V,0.0,5.066395e-06
PDGFRA,PDGFRA T674M,0.0,4.23193e-06
A4GALT,A4GALT A272V,0.0,3.3557415e-05
ACVR1B,ACVR1B D335N,0.0,0.00015860796
ACVR1B,ACVR1B E412D,0.0,4.029274e-05
AKT1,AKT1 D44N,1.0,3.2424927e-05
AKT1,AKT1 E17K,0.0,0.00022006035
AKT1,AKT1 E267G,1.0,3.0696392e-05
AKT1,AKT1 L52R,0.0,0.00037795305
AKT1,AKT1 Q79K,0.0,0.00014519691
AKT1,AKT1 R370C,1.0,0.00020736456
AKT1,AKT1 V201I,0.0,1.8835068e-05
ARSI,ARSI P228L,0.0,0.0001628995
ARSI,ARSI V373M,0.0,2.6643276e-05
B2M,B2M A6V,1.0,0.00023794174
B2M,B2M D54N,0.0,0.00022029877
BTC,BTC P70S,0.0,0.0003311634
C15orf23,C15orf23 P26L,0.0,1.603365e-05
C15orf23,C15orf23 P26S,1.0,1.335144e-05
C20orf72,C20orf72 P102S,0.0,2.1457672e-05
CBFB,CBFB R151H,0.0,0.000341177
CCNG1,CCNG1 E167K,0.0,0.00015002489
CD3E,CD3E E189Q,1.0,0.00015383959
CD70,CD70 D165Y,1.0,0.00022929907
CDK4,CDK4 A23S,0.0,5.9902668e-05
CDKN1B,CDKN1B C29F,0.0,0.00012075901
CHD2,CHD2 E287Q,0.0,3.2186508e-06
CHD2,CHD2 E412K,0.0,5.9604645e-06
CHD2,CHD2 P195L,0.0,2.002716e-05
COPS2,COPS2 G68R,0.0,0.00016885996
CPXCR1,CPXCR1 A56S,0.0,0.00047916174
CPXCR1,CPXCR1 E73K,0.0,0.00010538101
CPXCR1,CPXCR1 S102P,0.0,2.5749207e-05
CTNNB1,CTNNB1 G34R,0.0,0.00022763014
CTNNB1,CTNNB1 H36Y,0.0,2.6166439e-05
CTNNB1,CTNNB1 I35S,0.0,0.00014048815
CTNNB1,CTNNB1 R535Q,0.0,5.2690506e-05
CTNNB1,CTNNB1 T257I,0.0,1.3411045e-05
CYP3A5,CYP3A5 D336N,0.0,2.783537e-05
CYP3A5,CYP3A5 G177R,0.0,0.00013053417
DNAJC12,DNAJC12 R178C,0.0,0.0002296567
DNASE2,DNASE2 Y182H,0.0,1.8954277e-05
EDNRB,EDNRB F292L,0.0,0.000118136406
EGFR,EGFR A289V,0.0,1.8775463e-05
ELF1,ELF1 P32S,0.0,8.106232e-06
ERBB2,ERBB2 R897Q,0.0,1.4781952e-05
EYS,EYS N269H,0.0,1.5556812e-05
EYS,EYS Q172L,0.0,8.523464e-06
FAM196A,FAM196A Q46R,1.0,0.0004079342
FAM196A,FAM196A R399Q,0.0,2.18153e-05
FBXW7,FBXW7 A502V,0.0,1.0550022e-05
FBXW7,FBXW7 I347M,0.0,1.0967255e-05
FBXW7,FBXW7 R465C,0.0,0.00017350912
FBXW7,FBXW7 R465H,0.0,0.00010770559
FBXW7,FBXW7 R505C,0.0,0.00012409687
FBXW7,FBXW7 R658Q,0.0,1.6093254e-05
FBXW7,FBXW7 R689Q,0.0,4.3988228e-05
FBXW7,FBXW7 S462Y,0.0,1.5735626e-05
FTH1,FTH1 A161T,0.0,6.842613e-05
GABRA6,GABRA6 G175R,0.0,0.000118136406
GABRA6,GABRA6 G212R,0.0,0.00024920702
GABRA6,GABRA6 P345S,0.0,4.4941902e-05
GALNT14,GALNT14 R336Q,0.0,2.5689602e-05
GALNT14,GALNT14 V534F,0.0,1.0311604e-05
GALNTL5,GALNTL5 D221E,0.0,8.165836e-06
GALNTL5,GALNTL5 G309E,0.0,2.4497509e-05
GATA3,GATA3 R330K,0.0,7.212162e-06
GATA3,GATA3 S118F,0.0,4.017353e-05
GATA3,GATA3 S140F,0.0,4.7385693e-05
GPR141,GPR141 E267K,0.0,0.00013816357
GPR141,GPR141 Q224K,0.0,0.00013107061
GZMA,GZMA G210E,0.0,9.793043e-05
GZMA,GZMA H38N,0.0,0.00011873245
H2AFX,H2AFX K134N,0.0,0.00014460087
HERPUD2,HERPUD2 P46L,0.0,5.5491924e-05
HERPUD2,HERPUD2 R285Q,0.0,8.606911e-05
HIST1H1E,HIST1H1E A60D,1.0,4.9114227e-05
HIST1H3B,HIST1H3B A48S,0.0,8.165836e-05
HIST1H3B,HIST1H3B L101W,0.0,0.00015598536
HRAS,HRAS A11D,0.0,0.00061935186
HRAS,HRAS A59T,0.0,0.0008608699
HRAS,HRAS G12A,0.0,0.00054359436
HRAS,HRAS G12C,0.0,0.00068825483
HRAS,HRAS G12D,0.0,0.00039803982
HRAS,HRAS Q61K,0.0,0.0008133054
HRAS,HRAS Q61L,0.0,0.0007404685
HRAS,HRAS Q61R,0.0,0.00053429604
HRH4,HRH4 S170L,0.0,1.9907951e-05
IDH1,IDH1 E190K,0.0,4.5359135e-05
IDH1,IDH1 P33S,0.0,4.196167e-05
IDH1,IDH1 R132H,0.0,1.1026859e-05
IDH2,IDH2 A416V,0.0,1.0848045e-05
IDH2,IDH2 A47V,0.0,2.7954578e-05
IDH2,IDH2 E268D,0.0,9.655952e-06
IDH2,IDH2 G137E,0.0,7.498264e-05
IDH2,IDH2 I139F,0.0,7.2717667e-06
IDH2,IDH2 R172K,0.0,1.2397766e-05
IDH2,IDH2 R172M,0.0,3.170967e-05
IDH2,IDH2 T331M,0.0,7.390976e-06
IKZF5,IKZF5 E135K,0.0,6.467104e-05
ILKAP,ILKAP S61Y,0.0,3.528595e-05
IRF4,IRF4 R96L,0.0,7.420778e-05
ISX,ISX R86C,0.0,6.93202e-05
ISX,ISX T87A,0.0,9.971857e-05
KIF2B,KIF2B E161G,0.0,6.723404e-05
KIF2B,KIF2B I119T,0.0,3.194809e-05
KIF2B,KIF2B Q430H,0.0,1.7881393e-05
KIF2B,KIF2B R504Q,0.0,6.0141087e-05
KIF2B,KIF2B W60L,0.0,8.8870525e-05
KIR3DL2,KIR3DL2 R96Q,0.0,2.2470951e-05
KLRC2,KLRC2 G174R,0.0,9.1314316e-05
KPNA3,KPNA3 V154G,0.0,1.0669231e-05
KRAS,KRAS A59G,0.0,0.00046241283
KRAS,KRAS D33E,0.0,0.00043970346
KRAS,KRAS E62K,0.0,0.0008658767
KRAS,KRAS G12A,0.0,0.00047302246
KRAS,KRAS G12C,0.0,0.00062328577
KRAS,KRAS G12D,0.0,0.00044339895
KRAS,KRAS G12S,0.0,0.00065618753
KRT26,KRT26 S2C,0.0,5.0723553e-05
LCE1B,LCE1B G102C,0.0,0.0011193156
LCE1B,LCE1B S42F,0.0,0.00025075674
LZTR1,LZTR1 R810W,1.0,2.8192997e-05
LZTR1,LZTR1 V456G,1.0,1.257658e-05
MAGEC2,MAGEC2 D15N,0.0,1.4483929e-05
MAGEC2,MAGEC2 E269K,0.0,6.878376e-05
MAGEC2,MAGEC2 G74V,1.0,2.1219254e-05
MAGEC2,MAGEC2 R287W,0.0,6.055832e-05
MAGEC2,MAGEC2 S85I,0.0,2.4914742e-05
MAP2K1,MAP2K1 C121S,0.0,4.4822693e-05
MAP2K1,MAP2K1 E203K,0.0,7.2836876e-05
MAP2K1,MAP2K1 L177M,0.0,2.7418137e-05
MAP2K1,MAP2K1 P124S,0.0,3.4451485e-05
MFAP4,MFAP4 Y55S,0.0,0.00015723705
NFE2L2,NFE2L2 G31R,0.0,1.2218952e-05
NFE2L2,NFE2L2 G31V,0.0,9.000301e-06
NFE2L2,NFE2L2 N160S,0.0,6.735325e-06
NFE2L2,NFE2L2 T80K,0.0,3.0517578e-05
NFKBIA,NFKBIA P137S,0.0,4.0709972e-05
NRAS,NRAS Q61H,0.0,0.00025957823
NRAS,NRAS Q61K,0.0,0.0006391406
NRAS,NRAS Q61L,0.0,0.00071924925
NRAS,NRAS Q61R,0.0,0.00043588877
OMA1,OMA1 P177S,0.0,7.5101852e-06
OR2G6,OR2G6 I177F,0.0,0.000107228756
OR2G6,OR2G6 K236M,0.0,8.589029e-05
OR2G6,OR2G6 N294Y,0.0,0.00011742115
OR2G6,OR2G6 N42S,0.0,5.954504e-05
OR2G6,OR2G6 R265K,0.0,1.6868114e-05
OR2G6,OR2G6 W149C,0.0,7.843971e-05
OR2M2,OR2M2 N42Y,0.0,0.00015747547
OR2M2,OR2M2 V117I,0.0,3.385544e-05
OR2T33,OR2T33 F164V,0.0,7.516146e-05
OR2T33,OR2T33 L60P,0.0,5.042553e-05
OR2T33,OR2T33 P285L,0.0,0.000116705894
OR2T33,OR2T33 R120S,0.0,0.00020509958
OR2T33,OR2T33 W147C,0.0,8.3208084e-05
OR2T33,OR2T33 W49L,0.0,3.4451485e-05
OTUD6A,OTUD6A R171P,0.0,6.890297e-05
OTUD6A,OTUD6A V211M,0.0,1.6748905e-05
PIK3CA,PIK3CA D1045V,0.0,5.00679e-06
PIK3CA,PIK3CA H1047Y,0.0,2.3245811e-06
PIK3CG,PIK3CG K973R,0.0,7.2717667e-06
PIK3CG,PIK3CG V168M,0.0,2.9206276e-06
PIK3CG,PIK3CG W212C,0.0,4.529953e-06
PIK3R3,PIK3R3 R383C,0.0,5.608797e-05
PIK3R4,PIK3R4 E1209K,0.0,1.8060207e-05
PIK3R4,PIK3R4 R998Q,0.0,7.1525574e-06
PPIAL4G,PPIAL4G N35H,0.0,0.00011307001
PPP2R1A,PPP2R1A R258H,0.0,2.5808811e-05
PPP2R1A,PPP2R1A S143F,0.0,1.4841557e-05
PSG2,PSG2 H245Y,0.0,9.9897385e-05
PSG2,PSG2 S265C,0.0,8.177757e-05
PTEN,PTEN F90S,0.0,0.00012165308
PTEN,PTEN G127V,0.0,6.9737434e-05
PTEN,PTEN G129E,0.0,0.00012415648
PTEN,PTEN G129V,0.0,0.00016486645
PTEN,PTEN R173H,0.0,6.484985e-05
RB1,RB1 F755I,0.0,5.7816505e-06
RB1,RB1 I782M,0.0,1.7881393e-06
RB1,RB1 L550I,0.0,2.682209e-06
RB1,RB1 R451H,0.0,2.682209e-06
RB1,RB1 V654L,0.0,1.7285347e-06
REG1A,REG1A E80K,0.0,0.0005277395
REG1A,REG1A P105T,0.0,0.00053703785
REG1A,REG1A S131I,0.0,0.00013780594
REG3A,REG3A G85R,0.0,0.00021404028
REG3A,REG3A P109S,0.0,0.00014925003
RET,RET M918T,0.0,4.351139e-06
RHOA,RHOA F106L,0.0,0.0015245676
RHOA,RHOA G62E,0.0,0.00037443638
RHOA,RHOA R5Q,0.0,0.00020104647
RHOA,RHOA S85F,1.0,0.00048142672
RHOA,RHOA T175M,1.0,0.0005173683
SAMHD1,SAMHD1 D218H,0.0,4.118681e-05
SAMHD1,SAMHD1 I515T,0.0,4.2915344e-06
SERPINB4,SERPINB4 A137E,0.0,6.425381e-05
SERPINB4,SERPINB4 E110K,0.0,0.0002206564
SERPINB4,SERPINB4 E250K,0.0,0.00029808283
SERPINB4,SERPINB4 E290K,0.0,0.00012469292
SERPINB4,SERPINB4 F182I,0.0,6.80089e-05
SGK1,SGK1 A48G,0.0,5.1796436e-05
SGK1,SGK1 F27L,0.0,7.7068806e-05
SLC2A3,SLC2A3 F88S,0.0,5.4061413e-05
SLC2A3,SLC2A3 G109V,0.0,4.8041344e-05
SLC2A3,SLC2A3 K49N,0.0,7.0273876e-05
SMAD2,SMAD2 D304G,1.0,1.23381615e-05
SPANXN4,SPANXN4 P4Q,0.0,0.000104010105
SPATA8,SPATA8 E18K,0.0,0.00031781197
SPATA8,SPATA8 P83T,0.0,0.00013810396
SPOP,SPOP E47A,1.0,0.00034946203
SPOP,SPOP E50K,1.0,0.00025081635
SPOP,SPOP F102C,0.0,0.0007389188
SPOP,SPOP F133S,0.0,0.00012928247
SPOP,SPOP K101I,0.0,0.00020116568
SPOP,SPOP K134N,0.0,7.736683e-05
SPOP,SPOP W131C,1.0,0.00021463633
SPOP,SPOP W131G,1.0,0.00025385618
STAG2,STAG2 E134D,0.0,3.0398369e-06
STAG2,STAG2 P572S,1.0,5.722046e-06
STK11,STK11 D194Y,0.0,6.633997e-05
SV2C,SV2C G146S,0.0,4.220009e-05
SV2C,SV2C M727I,0.0,1.7821789e-05
SV2C,SV2C R121Q,0.0,1.3709068e-05
SYCP1,SYCP1 E509K,0.0,1.8179417e-05
SYCP1,SYCP1 E773K,0.0,1.1980534e-05
TBL1XR1,TBL1XR1 L81V,0.0,0.00013250113
TBL1XR1,TBL1XR1 R166Q,0.0,4.5478344e-05
TBL1XR1,TBL1XR1 T349M,0.0,2.5510788e-05
TMPO,TMPO D185H,0.0,5.4836273e-05
TNF,TNF S157R,0.0,9.36389e-05
TNFRSF14,TNFRSF14 A102P,0.0,0.00010275841
TP53,TP53 C176F,0.0,1.9669533e-05
TP53,TP53 C275F,0.0,3.9994717e-05
TP53,TP53 C275S,0.0,4.8577785e-05
TP53,TP53 I195F,0.0,1.4722347e-05
TRAF3,TRAF3 D463N,1.0,6.687641e-05
TRAT1,TRAT1 D40Y,0.0,5.698204e-05
TRAT1,TRAT1 E76K,1.0,0.00020611286
TRIM55,TRIM55 E369G,0.0,9.357929e-06
TRIM55,TRIM55 R322H,0.0,1.2755394e-05
WBSCR17,WBSCR17 A398V,0.0,0.00010609627
WBSCR17,WBSCR17 D348N,0.0,9.1314316e-05
WBSCR17,WBSCR17 E289K,0.0,0.00030618906
WBSCR17,WBSCR17 E507K,0.0,8.445978e-05
WBSCR17,WBSCR17 S194R,0.0,3.6418438e-05
WIPI1,WIPI1 P139S,0.0,6.80089e-05
WNT2,WNT2 V334M,0.0,1.4960766e-05
XPO1,XPO1 E571A,0.0,1.2516975e-05
XPO1,XPO1 E571K,0.0,2.1100044e-05
XPO1,XPO1 R553C,0.0,3.117323e-05
YTHDC1,YTHDC1 E483Q,0.0,8.940697e-06
ZNF454,ZNF454 H462Y,0.0,2.4557114e-05
ZNF454,ZNF454 P299L,0.0,2.1219254e-05
ACVRL1,P30S,0.0,1.2755394e-05
AHCY,R38W,0.0,3.260374e-05
AHCY,R335C,0.0,4.3690205e-05
AHCY,G123R,0.0,1.3887882e-05
AHCY,C421R,0.0,4.720688e-05
ALK,D1529E,0.0,3.6358833e-06
AMHR2,R33W,0.0,1.5497208e-05
ANG,G110G,0.0,5.9604645e-08
APOH,N75S,0.0,1.1503696e-05
APOH,A160D,0.0,3.6120415e-05
APOH,A119T,0.0,4.518032e-05
AQP1,V107I,0.0,2.2232533e-05
AQP1,V107G,0.0,9.5009804e-05
AQP1,G165D,0.0,9.357929e-05
ARL13B,P396A,0.0,2.7358532e-05
ARL13B,G315R,0.0,1.770258e-05
BTK,Tyr418H,0.0,1.4364719e-05
BTK,R236Q,0.0,1.6391277e-05
BTK,E205D,0.0,9.655952e-06
CAPN3,D778N,0.0,1.001358e-05
CFP,V53M,0.0,2.5331974e-05
CFP,R79Q,0.0,3.4213066e-05
CFP,G250S,0.0,2.7000904e-05
CFP,D299N,0.0,2.1755695e-05
CRYGC,V86F,0.0,0.00018554926
CRYGC,S106N,0.0,0.00037556887
CRYGC,R91W,0.0,0.00059717894
CRYGC,R48H,0.0,0.00024980307
CRYGD,V126M,0.0,0.00017547607
CRYGD,R15H,0.0,0.0009730458
EFHC1,R159G,0.0,1.2934208e-05
EFHC1,N607S,0.0,7.8082085e-06
GGCX,V460I,0.0,7.033348e-06
GGCX,S13I,0.0,6.2584877e-06
GGCX,R325Q,0.0,6.67572e-06
GGCX,D31N,0.0,6.377697e-06
GNPTAB,R46Q,0.0,4.529953e-06
IL12RB1,R156H,0.0,9.655952e-06
IL7R,V138I,0.0,6.377697e-06
IL7R,T414M,0.0,1.4722347e-05
IL7R,T244I,0.0,1.0073185e-05
IL7R,I66T,0.0,6.9737434e-06
MC2R,T33I,0.0,2.4914742e-05
MC2R,P27R,0.0,8.5532665e-05
MC2R,A252T,0.0,1.7225742e-05
MCOLN1,T24N,0.0,2.3841858e-05
MCOLN1,S257R,0.0,0.00013488531
MCOLN1,R236Q,0.0,5.7458878e-05
MCOLN1,L209F,0.0,3.1650066e-05
MITF,V427A,0.0,8.881092e-06
MITF,E208G,0.0,1.0788441e-05
NR0B1,C200W,0.0,2.759695e-05
PNPLA3,Tyr220C,0.0,2.6583672e-05
PNPLA3,S453R,0.0,1.2218952e-05
PNPLA3,E331G,0.0,1.168251e-05
PRODH,R521Q,0.0,2.3066998e-05
PRODH,R453C,0.0,2.759695e-05
RFXANK,R179C,0.0,0.0006470084
RFXANK,Q251E,0.0,0.000118911266
RFXANK,P259S,0.0,5.3167343e-05
RFXANK,E48D,0.0,4.3988228e-05
RP2,T87I,0.0,3.886223e-05
RP2,R251G,0.0,0.00018084049
RP2,I201V,0.0,1.758337e-05
RPE65,N321K,0.0,8.0764294e-05
RPE65,K294T,1.0,8.481741e-05
SCARB2,V396I,0.0,7.748604e-06
SCARB2,R121Q,0.0,1.4424324e-05
SCARB2,M159V,0.0,9.4771385e-06
SCARB2,G462E,0.0,2.3066998e-05
SEMA4A,R723C,0.0,8.881092e-06
SEMA4A,R510Q,0.0,1.2636185e-05
SEMA4A,P682S,0.0,7.5101852e-06
SEMA4A,A676V,0.0,4.172325e-06
SLC14A1,W171R,0.0,2.849102e-05
SLC14A1,V76I,0.0,1.1742115e-05
SLC14A1,I117T,0.0,2.0623207e-05
SLC2A1,V433I,0.0,1.3709068e-05
SLC2A1,P479T,0.0,5.376339e-05
SLC2A1,F104L,0.0,1.7464161e-05
SLC39A4,P84L,0.0,7.56979e-06
STAG2,R560K,0.0,1.3709068e-06
STAG2,M1057V,0.0,5.185604e-06
STAG2,I314V,0.0,3.33786e-06
TSFM,W91G,0.0,0.0005788803
TSFM,V252I,0.0,3.4570694e-05
TSFM,S2L,0.0,5.0365925e-05
TSFM,L266I,0.0,7.3969364e-05
VAPB,D162E,0.0,7.164478e-05
VAPB,D130E,0.0,2.336502e-05
