KEY,ddg_esm2
LDHA||K222E,0.3486328
PTEN||K6N,9.660645
ASS1||K310Q,0.8388672
EPHX2||K55R,-2.4257812
FTH1||K54R,1.3115234
GNPTAB||K4Q,0.9941406
HRAS||K117R,9.564941
OPTN||K435R,1.5195312
IRF4||K123R,0.0859375
MAP2K1||K57T,-0.18906403
APOC3||T94A,-1.1809082
AHCY||Y143C,2.5979004
ANTXR2||Y381C,9.491211
BBS12||T501M,8.2005005
BMP15||Y235C,5.413574
BMP4||S91C,3.5947266
CD44||T163K,9.458008
CHST6||Y358D,8.792969
CYB5A||T60A,5.178711
DCX||S47R,0.9633789
DPM1||S248P,7.451172
ELF4||S369P,0.7705078
ETHE1||Y38C,9.247864
GDNF||T154S,5.626953
MCFD2||Y135N,10.580566
MPI||S102L,9.6640625
MSX2||S63C,2.4257812
NME1||S120G,7.9921875
NR3C1||S651F,3.6503906
OPTN||T202R,-0.8425293
PKP2||S140F,1.8232422
RDH12||T49M,5.251953
SBDS||S143W,9.296875
SORBS1||T237A,-0.43066406
SPINT2||Y163C,8.449219
SYN3||S470N,3.8439941
TEK||Y897S,-2.4145508
TUBB2B||S172P,7.373047
VHL||S38P,2.4042969
KRT6A||T552S,-0.71875
B2M||Y30H,5.7773438
ERBB2||T182I,0.5058594
GPR141||T6N,0.48095703
NRAS||Y64D,9.234375
RHOA||Y42C,5.0058594
RHOA||Y42S,6.492676
SERPINB4||T347N,5.873535
TP53||S215I,7.138672
FSHR||N191I,7.5927734
CRYAA||R21W,9.520996
DDX20||R693S,-0.91101074
LDHB||R172H,5.064453
NOP10||R34W,1.1831055
PGAM2||R90W,10.14917
TP53||R337H,2.519287
RBM10||R171W,10.312256
GALNS||N204K,9.406738
KRT8||K464N,3.9042969
MYL2||K104E,1.6425781
BRAF||K601E,7.1831055
A2M||C972Y,8.731934
A4GALT||A219V,8.271484
A4GALT||C96Y,9.786133
A4GALT||M183K,12.1328125
A4GALT||S100L,10.34082
ABAT||R220K,9.7771
ABCG8||E423D,1.6333008
ABCG8||P231T,5.341797
ABHD5||E260K,8.953857
ABHD5||E7K,-1.2501221
ACADM||A27V,0.33789062
ACADM||K329E,3.9375
ACADM||M274V,4.5654297
ACADM||R206C,4.609375
ACADS||G274S,6.1064453
ACADS||R46W,8.423828
ACADS||W177R,11.660156
ACADSB||E387K,8.425781
ACADSB||T148I,2.338379
ACADSB||Y283C,4.3134766
ACAT2||I254T,3.602539
ACSM3||K367N,1.0820312
ACTA2||R292G,6.746582
ACTB||E364K,7.302246
ACTB||R183W,6.9570312
ACTC1||S273F,2.78125
ACTN4||K255E,9.658203
ACVR1||G328R,4.2841797
ACVR1||G356D,11.31543
ACVR1||R206H,3.3359375
ACVR2B||R40H,2.4091797
ACVR2B||V494I,0.6972656
ACVRL1||C344P,7.2857666
ACVRL1||D330N,10.021484
ACVRL1||E206G,4.6743164
ACVRL1||E215K,6.1987305
ACVRL1||E224K,5.987549
ACVRL1||G48E,5.183899
ACVRL1||K487T,2.1279297
ACVRL1||L337P,9.230713
ACVRL1||M376R,8.849609
ACVRL1||P449L,8.322754
ACVRL1||R374W,8.743164
ACVRL1||R484Q,5.3291016
ACVRL1||V380G,7.0097656
ADH1C||I350V,-1.7958984
ADIPOQ||G15G,0.0
ADIPOQ||I164T,3.3955078
ADIPOQ||R112C,8.285156
ADORA3||I248L,2.7441406
ADRB2||A119D,8.923828
AGA||G302R,11.474609
AGA||G60D,8.451172
AGER||G82S,3.3427734
AGPAT2||A239V,6.3378906
AHCY||A89V,3.8251953
AHCY||D86G,5.444336
AHCY||R49C,6.0649414
AIPL1||M79T,8.215942
AIPL1||R270H,6.201172
AIPL1||R302L,1.8216553
AK2||D165G,9.697266
AK2||R103W,12.943359
AK2||R186C,10.166504
AKR1C3||H5Q,-0.13378906
AKR1C4||L311V,-0.036621094
AKR1D1||P133R,6.595703
AKR1D1||P198L,3.4882812
AKR1D1||R261C,7.225342
AKT1||E242E,0.0
AKT2||R274H,11.209961
ALAS2||I289T,7.4329834
ALAS2||I476N,7.9960938
ALAS2||R448Q,-1.2844238
ALDH4A1||S352L,10.974609
ALDH6A1||G446R,11.769531
ALDOA||C339Y,0.36083984
ALDOA||D129G,5.6245117
ALG12||F142V,8.393188
ALG12||R146Q,12.115234
ALG12||R311C,9.627441
ALG12||T67M,9.443359
ALOX5||E254K,0.125
AMACR||L107P,10.115234
AMACR||S52P,6.605957
AMHR2||D426G,-0.7558594
AMHR2||D491H,3.9716797
AMHR2||G142V,1.4449463
AMHR2||H282Q,1.864502
AMHR2||R504C,5.1796875
AMHR2||R54C,2.121582
AMHR2||V458A,2.3134766
AMT||G269D,11.546875
AMT||N145I,12.205078
AMT||R320H,9.503906
AMT||V212A,4.857422
ANG||G86G,0.0
ANG||P112L,2.7589111
ANG||Q36L,6.2382812
ANGPTL3||D41N,3.6484375
ANGPTL3||L164F,3.9355469
ANGPTL3||Y417C,5.539551
ANKRD1||T116M,1.3616943
ANTXR2||V386F,8.560547
ANTXR2||V394A,8.651855
ANXA11||R230C,8.797852
AOAH||D28N,0.1390686
APBB3||T318T,0.0
APEX1||E126D,1.909668
APEX1||G306A,6.083008
APEX1||Q51H,0.56640625
APOC3||D45N,2.4277344
APOC3||Q58K,-0.6464844
APOD||F56V,7.1904297
APOD||T178K,-0.58691406
APOH||C325G,11.442383
APOH||W335S,5.585327
AQP1||N192K,10.676758
AQP1||P38L,0.6555176
AQP1||Q47R,0.8136387
AQP2||G64R,8.351196
AQP2||R187H,9.135895
AQP2||T126M,6.251953
AQP4||D184E,3.375
AQP4||I128T,-0.111328125
AQP4||M224T,-1.1816406
AQP4||M278T,-1.5644531
ARG1||T290S,0.28222656
ARHGEF9||G55A,6.888672
ARL11||C148R,-1.3670654
ARL13B||R200C,7.4257812
ARSE||G245R,0.5979004
ARSE||G317R,6.0585938
ARSE||P578S,4.296875
ARSE||R12S,-1.0224609
ASPA||E285A,9.913086
ASPA||I143F,8.068848
ASPA||M195R,9.449219
ASS1||G14S,7.6601562
ASS1||V345G,6.555664
ATCAY||S301R,1.7753906
ATF6||A145P,-3.1462402
ATF6||P157S,-1.0633545
ATP2B2||G293S,1.2197266
ATPAF2||W94R,9.818359
AVPR2||N55D,10.633301
AXIN2||V539M,1.800415
B4GALT7||A186D,10.6953125
BAAT||M76V,8.058594
BANK1||A383T,3.909668
BANK1||R61H,3.0546875
BBS10||C91W,9.011719
BBS12||G540V,9.722656
BBS12||P159L,2.2670898
BBS7||T211I,9.605469
BCAM||R175Q,4.459961
BCAM||R77H,3.1139526
BCAM||T539A,-0.8232422
BCHE||L358I,0.60546875
BCHE||Q546L,6.126953
BCHE||Y156C,8.207275
BCKDHB||H206R,10.436523
BCL10||A5S,-0.5605469
BCL10||L8L,0.0
BCS1L||P99L,7.005371
BCS1L||Q302E,-0.099609375
BCS1L||R144Q,3.5
BDNF||T2I,-0.26293945
BEST1||L567F,0.97631836
BEST1||R218G,9.77832
BEST1||R92C,10.230713
BEST1||Y85H,7.572754
BHMT||R239Q,1.4672852
BLMH||I443V,-3.0820312
BMI1||C18Y,10.558594
BMP15||N196K,-0.8132324
BMP15||R61Q,0.5444336
BMP15||R76C,4.341797
BMP4||G168A,0.484375
BMP4||S367T,1.529419
BMP4||T225A,1.1181641
BMP7||R303C,4.3623047
BMPR1B||I200K,8.8984375
BMPR1B||R486Q,4.099304
BMPR1B||R486W,5.232422
BMPR2||R491Q,11.925781
BPGM||R62Q,8.950684
BPGM||R90C,6.1904297
BRIP1||P47A,8.301514
BSND||G284D,-0.2548828
BSND||G47R,11.058594
BSND||R8W,8.052734
BSND||V43I,-1.7265625
BST1||R125H,0.5015869
BTC||C7G,-1.3183594
BTK||C154S,5.9613037
BTK||I56T,7.2373047
BTK||K430E,12.741699
BTK||L358F,5.357422
BTK||M509I,5.1835938
BTK||P565L,7.5039062
BTK||R307T,10.32373
BTK||V219V,0.0
BTK||V64F,4.8876953
BTK||Y591S,4.301758
C1QA||G92G,0.0
C1QB||G42D,10.174805
C1QB||G244R,11.44043
C1QC||G34R,4.717926
C2||C131Y,11.85791
C2||E318D,-0.0234375
C2||G464R,8.655273
C2||S209F,3.7988281
CA1||R247H,6.8222656
CA4||R14W,-0.4338379
CA4||R219S,9.568115
CA4||R69H,-0.7258301
CABP4||R124C,5.8466797
CACNB4||C104F,11.216797
CACNB4||R468Q,3.8486328
CADM1||H246N,-1.2561035
CADM1||Y251S,-1.9990234
CAPN3||A798E,5.6240234
CAPN3||T706K,2.5314941
CARTPT||L61F,7.6445312
CAT||D54E,2.6875
CAT||E67D,1.6582031
CAT||R354H,7.2226562
CAV3||D28E,7.1210938
CAV3||G56S,3.7202148
CAV3||S141R,6.9055176
CAV3||T78M,2.3339844
CCKBR||E288K,4.0878906
CCKBR||V125I,2.8354492
CCM2||L198R,12.416016
CCT5||H147R,1.8188477
CD151||R171C,9.09375
CD151||R178H,5.75
CD38||R140W,1.552002
CD40||P227A,0.38378906
CD44||R46P,10.90625
CD79B||G137S,6.2720947
CD96||T280M,3.2807617
CDA||A70T,5.3671875
CDC73||L64P,12.7734375
CDC73||R91P,8.66333
CDKN1B||E172K,0.7910156
CDKN1B||I119T,-2.0336914
CDKN1B||P95S,0.34960938
CER1||R19W,1.1166992
CERKL||R106S,2.1391602
CETP||D459G,1.6953125
CETP||L168P,5.555542
CETP||L313Q,3.8239746
CETP||S349Y,3.3261719
CFH||A307A,0.0
CFH||Q400K,1.9018555
CFH||R127L,6.232422
CFHR5||K144N,1.7617188
CFHR5||M514R,8.35376
CFHR5||P46S,-0.31640625
CFHR5||R356H,2.131836
CFP||R346C,9.133789
CFP||R100W,9.765625
CFP||W321S,12.2265625
CHGA||G382S,0.41992188
CHGA||P388L,0.38720703
CHIT1||A442V,2.324707
CHIT1||E74K,5.0803223
CHMP2B||D148Y,9.658203
CHMP2B||N143S,-0.01953125
CHMP2B||Q206H,3.9284668
CHRNA3||Y215Y,0.0
CHRNA4||L290V,5.822754
CHRNA4||S280F,7.665039
CHRNA4||S284L,7.0585938
CHRNA4||T261I,4.1447754
CHRNB1||L262M,1.9570312
CHRNB1||V266M,3.9921875
CHRND||E402K,-0.6756592
CHRND||I79K,6.3427734
CHRND||L42P,4.9091797
CHRND||Q288E,2.7104492
CHRNG||R86C,6.8554688
CHRNG||V107G,9.496094
CHST6||H249P,7.7382812
CHST6||Y110C,8.34375
CIDEA||V115F,0.15539551
CIRH1A||R565W,5.5283203
CLCN2||G715E,0.33691406
CLCN2||R577Q,0.49365234
CLCNKB||A61D,11.234375
CLCNKB||P124L,7.690918
CLCNKB||R438H,7.973633
CLCNKB||T481S,2.6992188
CLDN19||G20D,8.697266
CLDN19||L90P,8.140625
CLRN1||C40G,11.21875
CLRN1||S105P,5.828125
CLU||Q381P,0.5996094
CNGA3||C191Y,8.755859
CNGA3||P163L,4.175415
CNGA3||R563C,7.1973267
CNGA3||S401P,11.078125
COLQ||D342E,3.116211
COMT||A72S,2.6455078
COMT||V158M,1.7539062
COX10||D336V,12.170898
COX10||N204K,11.438477
COX10||P225L,8.219971
COX10||T196K,12.9921875
COX4I2||E138K,5.9248047
COX6B1||R20H,7.551758
CPA4||G303C,1.831543
CPN1||G178D,-0.69384766
CPT1A||D454G,11.729736
CPT1A||E360G,6.2939453
CPT1A||G709E,8.505859
CPT1A||R123C,7.586914
CRISP2||C196R,11.474121
CRYAA||R116C,10.463135
CRYAA||R12C,9.61084
CRYAA||R49C,9.297668
CRYAB||D140N,7.0390625
CRYAB||P20S,3.0507812
CRYAB||R120G,11.529297
CRYAB||R56W,6.2109375
CRYBB1||S228P,7.217041
CRYGC||R168W,6.7851562
CRYGC||T5P,8.689453
CRYGD||E107A,7.1765137
CRYGD||G61C,8.775635
CRYGD||P24T,3.3867188
CRYGD||R15C,5.9804688
CRYGS||G18V,11.018066
CRYGS||S39C,8.378906
CRYM||K314T,2.8693848
CSNK1D||R324H,0.6937256
CSNK1D||T44A,0.0234375
CSRP3||L44P,12.1015625
CSRP3||Q91L,3.9501953
CSRP3||R100H,1.3496094
CSRP3||W4R,11.179199
CTLA4||I53M,-0.27624512
CTRC||M200V,5.796875
CTSG||N125S,-1.6453247
CTSK||G146R,10.199219
CTSK||G79R,12.3671875
CTSK||I249T,7.78833
CUL4B||R572C,8.97998
CUL4B||T213I,6.6655273
CXCL16||A200V,0.67904663
CYBB||C244S,9.876221
CYBB||P415H,10.841797
CYBB||R54G,9.691895
CYBRD1||R226H,7.92749
CYCS||G42S,3.5410156
CYP19A1||M127R,3.3642578
CYP19A1||R435C,8.412109
CYP19A1||V370M,4.71875
CYP19A1||W39R,-0.84155273
CYP1A1||I462V,2.3730469
CYP1A1||T461N,1.9013672
CYP1A2||F186L,4.685547
CYP1A2||R377Q,8.970703
CYP1A2||R456H,6.673828
CYP27B1||D164N,6.9072266
CYP27B1||E189G,6.5527344
CYP27B1||Q65H,2.5947266
CYP27B1||R107H,6.5566406
CYP2A6||G479V,3.9672852
CYP2A6||L160H,9.636719
CYP2A6||V110L,0.37109375
CYP2A6||V365M,1.796875
CYP2C9||I359L,0.7890625
CYP2C9||V490F,1.46698
CYP2E1||R76H,5.227783
CYP2J2||G312R,10.749023
CYP2J2||I192N,8.348633
CYP2J2||N404Y,3.328125
CYP3A4||I118V,0.71875
CYP3A4||L373F,2.0703125
CYP3A4||P467S,2.0292969
CYP3A4||R130Q,10.257294
CYP3A5||A337T,0.032226562
CYP3A5||F446S,7.640625
CYP4F12||V90I,-0.21289062
D2HGDH||D375Y,9.380859
D2HGDH||N439D,9.934082
D2HGDH||V444A,4.5117188
DARS2||C152F,7.833008
DARS2||S45G,0.86816406
DARS2||Y629C,6.666992
DCK||A119G,-0.7194824
DCK||I24V,0.8203125
DCK||P122S,-0.10839844
DCLRE1C||G118V,10.262695
DCLRE1C||H35D,13.258301
DCX||G253D,8.518555
DCX||L43S,-0.099609375
DCX||R178C,5.3242188
DDB2||K244E,12.291016
DDB2||L350P,8.855469
DDB2||R273H,7.1796875
DFNB59||G292R,0.31420898
DFNB59||R265C,0.9777832
DFNB59||T54I,3.161377
DGUOK||D255Y,6.6289062
DGUOK||K51Q,11.302734
DGUOK||R142K,10.402344
DGUOK||S107P,7.5566406
DISC1||R37W,2.1350098
DKC1||F36V,6.976074
DKC1||R158W,12.123047
DLD||E375K,5.451294
DLD||G229C,3.9472656
DLD||I393T,3.8164062
DLD||K72E,2.6501465
DMC1||M200V,0.3408203
DMD||A3421V,-0.11060333
DMD||C3207R,12.791016
DMD||D3187G,11.058105
DMD||D3335H,10.137939
DNM2||E368K,3.09375
DPM1||R92G,9.235352
DPYS||G278D,4.4414062
DPYS||Q334R,7.915039
DPYS||R412M,5.6245117
DRD1||A229T,0.9970703
DRD1||S199A,-0.09375
DRD1||T37P,11.578125
DRD1||T37R,11.941406
DRD2||P310S,-0.4951172
DRD2||P319P,0.0
DRD2||S311C,1.875
DRD2||V154I,-0.5292969
DTNBP1||P272S,-0.3310547
DYM||C542R,11.2578125
DYM||E87K,6.5231934
DYM||N469Y,12.59082
EBP||E80K,10.687012
EBP||G157S,5.828125
EBP||L18P,5.2041245
EBP||W196S,11.42041
EDN3||A17T,1.234436
EDN3||A224T,0.4440918
EDN3||C159F,7.661133
EDN3||E48D,4.1743164
EDNRB||M132I,9.432617
EDNRB||R434C,2.5593262
EDNRB||V111E,11.4375
EDNRB||W276C,8.147461
EFEMP1||R345W,10.972656
EFHC1||P77T,-0.1875
EFHC1||R221H,2.8100586
EFHC1||T508R,5.3847656
EGR2||E412K,-0.36035156
EGR2||I268N,0.2644043
EIF2B1||P278R,7.8554688
EIF2B1||V183F,5.0820312
EIF2B1||Y275C,5.946045
EIF2B2||E213G,6.0966797
EIF2B2||G200A,8.699219
EIF2B2||V316D,12.3203125
EIF2B4||A390D,10.525391
ELANE||A61V,5.517578
ELANE||C151S,9.701172
ELANE||G210V,10.380859
EPB42||A112T,3.8945312
EPB42||R280Q,6.2421875
EPB42||R287C,6.578125
EPHX1||H139R,-2.0957031
EPHX1||R43T,-0.6003418
EPHX1||Y113H,3.2285156
EPHX2||C154Y,4.779297
EPHX2||E470G,2.9199219
EPHX2||R287Q,4.859375
EPM2A||G279S,9.091064
EPM2A||L310W,9.713867
EPM2A||Y294N,8.990234
ERAP1||I276M,3.0009766
ERCC1||F231L,3.3652344
ERCC3||K449R,1.6445312
ERMAP||E47K,1.8769531
ERMAP||G57R,1.6337891
ERMAP||P60A,1.6733398
ETFA||F144S,10.53125
ETFA||L212P,10.660156
ETFA||T266M,12.03125
ETHE1||L55P,3.553711
EXT1||D164H,9.169922
EXT1||G339D,11.953125
EXT1||P496L,7.2226562
EXT1||Q27K,1.4455566
EXT2||A150T,9.520508
EXT2||D227N,10.132324
EXT2||E576K,-2.2910156
EXT2||I380T,6.100586
EYA1||R440Q,0.29589844
EYA1||T55M,1.6513672
EYA1||Y527N,10.011719
F10||E54G,5.5512695
F10||R182M,6.073242
F10||R366C,4.9726562
F10||V382A,3.609375
F11||F301L,2.1972656
F11||L360P,1.440918
F11||Q47H,4.6289062
F11||V516M,4.601074
F12||C590S,7.3183594
F12||W505C,7.7246094
F9||C170Y,10.018555
F9||C407R,12.912598
F9||E27K,1.2727051
F9||I210T,0.36132812
FABP1||T94A,4.0456543
FANCD2||L231R,11.806641
FANCG||G546R,0.85302734
FANCG||T297I,3.165039
FAS||E256G,7.750366
FAS||H111P,7.658203
FAS||T74T,0.0
FASLG||R156G,2.605835
FBLN5||G412E,5.0390625
FBLN5||Q124P,7.821289
FBLN5||S227P,10.984375
FBLN5||V60L,2.3691406
FBP1||G260R,8.238281
FBXO7||R378G,6.3242188
FCAR||D113N,0.41796875
FCAR||R108R,0.0
FCGR2B||I232T,1.9716797
FCGR3A||L102H,11.658203
FCGR3A||L102R,9.993164
FECH||E178K,0.90625
FECH||G55C,2.4227295
FECH||S264L,11.871094
FECH||V362G,2.635254
FFAR1||D175N,2.5629883
FFAR1||G180S,0.28955078
FGA||E559V,1.0764465
FGA||S453N,2.9892578
FGB||A365T,0.8178711
FGB||H97L,-1.6894531
FGB||L202Q,0.15063477
FGB||L383R,7.421875
FGF10||C106F,9.8046875
FGF10||G138E,10.375
FGF10||I156R,11.65625
FGF10||R80S,10.378906
FGF14||F145S,9.398926
FGF8||H14N,1.7353516
FGF8||P197R,1.8659973
FGFR1||R622G,6.091797
FGFR1||V607M,6.120117
FGFR1||W666R,9.599121
FGFR2||A648T,1.6445312
FGFR2||E565G,6.421875
FGFR2||K641R,5.171875
FGFR2||N549H,4.2685547
FGFR2||Q289P,12.0
FGFR2||S267F,9.9609375
FGFR2||Y328C,3.7734375
FGG||A108G,1.5024414
FGG||C165Y,1.0701599
FGG||D356V,-0.29101562
FGG||G318V,1.1578293
FHL1||C101F,10.403076
FHL1||C153Y,11.726807
FHL1||C224W,9.321777
FHL1||W122S,8.328613
FKBP6||F72L,7.98291
FLCN||R239C,7.796875
FLT4||H1035R,10.711426
FLT4||L1044P,11.839844
FLT4||P1114L,7.642578
FMO1||I303T,6.1606445
FMO1||I303V,-0.29296875
FMO2||D36G,5.591797
FMO2||F182S,5.239258
FMO2||R238Q,4.870117
FMO2||R391T,9.073242
FMO3||D132H,5.2128906
FMO3||G503R,1.1584473
FMO3||L360P,3.5981445
FMO3||P153L,6.123047
FOXA3||G91R,2.3735352
FOXD4||W148R,6.954071
FOXI1||G335V,0.83703613
FOXP3||I363V,3.3789062
FOXP3||L242P,6.611328
FOXP3||P187L,-0.2368164
FOXP3||Q70H,0.4506836
FPR1||C126W,5.458008
FPR1||F110S,3.918457
FPR1||I11T,-1.0808105
FPR1||V101L,0.15234375
FSHB||C69G,10.67627
FSHB||C100R,11.490356
FSHR||A419T,7.6484375
FSHR||D567N,6.84375
FSHR||T449I,8.146118
FSHR||V221G,1.7353516
FTL||A96T,3.8691406
FTL||H133P,4.676758
FTL||R40G,5.8964844
FTL||T30I,1.4003906
FUCA1||G65D,9.54541
FUCA1||L410R,10.339844
FUCA1||N334Y,11.222656
FUCA1||S68L,11.7578125
FUT1||G90V,14.933594
FUT1||L164H,9.21582
FUT3||I356K,8.6953125
FUT3||L20R,5.7304688
FUT3||S124A,0.34814453
FUT7||R110Q,7.588867
FXN||L106S,8.861328
FXN||R165C,9.404053
FZD4||M105V,8.816895
FZD4||R417Q,9.627441
FZD4||W335C,10.035156
G6PC||G222R,8.072266
G6PC||P113L,7.242676
G6PC||R83C,8.569336
G6PC||V338F,6.963379
G6PC3||G260R,11.330078
G6PC3||G262R,7.7111816
GABBR1||G489S,0.8564453
GABRA6||R46W,10.341797
GABRD||R220C,5.4345703
GABRG2||K328M,8.803711
GABRG2||R177G,10.083984
GAD1||S12C,2.819336
GALE||G319E,4.2958984
GALE||G90E,8.194092
GALE||N34S,2.4472656
GALNS||G116S,8.972656
GALNS||S295F,9.730469
GALT||G175D,10.071289
GALT||H319Q,5.036133
GALT||R272H,4.148926
GALT||Y34N,7.765625
GAMT||D135Y,10.952148
GAMT||T209M,7.520996
GAN||A51P,11.308594
GAN||C570Y,6.928711
GAN||E169K,10.524902
GAN||E486K,0.5362549
GAN||G368R,9.583984
GAN||I182N,8.224609
GAN||I423T,8.698242
GAN||I86F,8.17334
GAN||L309R,6.3864746
GAN||L75H,8.974609
GAN||P315L,7.274414
GAN||R15S,2.1904297
GAN||R269Q,7.734375
GAN||Y299C,4.765869
GATA1||D218G,2.2416992
GATA1||V205M,1.2629395
GBA||L224F,6.9387207
GBA||L483P,5.70459
GBA||R296Q,6.1523438
GBA||V54L,6.9296875
GC||D432E,-0.2421875
GC||T436K,-0.76660156
GCDH||E181Q,10.394295
GCDH||R402Q,7.571289
GCDH||W50C,8.407227
GCDH||Y295H,6.154297
GCKR||R518Q,6.232422
GCLC||H370L,6.745117
GCLC||P158L,0.4790039
GCLC||P414L,5.7177734
GCLC||R127C,1.2062988
GCNT2||G350E,6.567871
GCNT2||R383H,0.5653076
GDAP1||L239F,7.2314453
GDAP1||M116T,-1.9245605
GDAP1||R161H,6.4716797
GDAP1||R310Q,5.4960938
GDF5||C400Y,9.782227
GDF5||M173V,5.006836
GDF9||P103S,-0.4494629
GDF9||P374L,8.652344
GDF9||T238A,3.0681152
GDF9||V216M,1.3515625
GDI1||L92P,11.1015625
GDI1||R423P,10.943359
GDNF||D150N,5.560547
GDNF||P21S,0.657959
GFAP||E207Q,5.5351562
GFAP||E374G,5.5234375
GFAP||P47L,0.87109375
GFAP||R258P,10.347656
GGCX||L394R,7.241211
GGCX||W157R,11.858154
GGH||T151I,3.3237305
GIF||I220T,7.845398
GIF||S46L,4.973633
GJA1||E352G,1.284729
GJA1||I130T,-0.10154724
GJD2||S196S,0.0
GK||C262R,10.691406
GK||D446V,9.932861
GK||T284M,8.819336
GLE1||I684T,9.208984
GLE1||R569H,6.6875
GLE1||V617M,6.89563
GLUL||R324C,8.719727
GLUL||R341C,6.395996
GNAT1||G38D,10.536133
GNAT1||Q200E,10.9921875
GNMT||H177N,11.37207
GNMT||L49P,12.033203
GNMT||N141S,9.585449
GNRHR||Q106R,5.70459
GNRHR||Q11K,0.9133301
GNRHR||S217R,7.2617188
GNRHR||Y284C,4.9472656
GPAM||E131G,3.1500854
GPC3||G556R,1.7971191
GPC3||W296R,9.506836
GPIHBP1||G56R,0.4404297
GPIHBP1||Q115P,7.1206055
GPX1||P200L,1.2315979
GRN||P248L,5.4785156
GRPR||C6S,-2.4003906
GSS||R283C,8.513672
GSTA2||P110S,-0.4880371
GSTO1||A236V,4.213867
GSTT1||D43N,5.3476562
GSTT1||T104P,6.6953125
GSTT1||T65M,4.4365234
GTF2H5||L21P,1.2751465
GUSB||L243P,7.6601562
GUSB||P148S,5.484375
GUSB||R382C,10.7092285
GUSB||Y626H,7.7460938
HABP2||G534E,5.963379
HADHA||E510Q,12.177734
HADHA||R676C,9.721863
HADHA||V282D,13.0546875
HADHB||A326P,10.0859375
HADHB||H379R,12.980469
HADHB||R61H,10.305664
HADHB||T133P,10.015625
HAL||R322P,13.15625
HBB||A116D,6.345703
HBB||D53G,-1.9560547
HBB||L32P,9.300781
HCCS||E159K,8.801758
HCCS||R217C,10.24231
HCRTR1||I408V,-1.0283203
HEXA||L484P,12.894531
HEXA||R178H,9.736816
HEXA||S4P,0.07421875
HFE||E168Q,-0.15771484
HFE||H63D,1.5889893
HFE||Q283P,8.328125
HIF1AN||P41A,1.5527344
HK1||L529S,12.449219
HK1||T680S,3.328125
HLA-DPB1||K98E,0.70544434
HLCS||E42D,1.0673828
HLCS||L237P,8.444336
HLCS||V547G,6.65625
HMBS||D61N,8.599609
HMBS||D99G,12.78125
HMBS||E209K,3.932129
HMBS||G274R,4.692383
HMGCL||R165Q,6.2495117
HMGCL||S142F,9.0234375
HMGCL||V70L,0.770813
HMGCS2||F174L,0.5
HMGCS2||V54M,3.2807617
HNF4A||C102W,12.365234
HNF4A||D215Y,9.064453
HNF4A||E285D,3.1699219
HNF4A||M373R,8.996094
HNF4A||R333H,4.040039
HNF4A||V264M,1.424408
HNMT||T105I,2.9746094
HPD||A268V,8.124023
HPD||Y160C,4.8305664
HPGD||A140P,8.798828
HPGD||S193P,5.03125
HPS1||L239P,8.613281
HPS5||L624R,1.7246094
HRAS||A146V,8.106445
HRAS||E63K,9.322266
HRAS||H27H,0.0
HRH2||N217D,1.8510742
HSD17B10||L122V,3.6289062
HSD17B10||N247S,5.7890625
HSD17B10||R130C,9.548828
HSD17B3||A56T,5.7460938
HSD17B3||G289S,-1.295044
HSD17B3||Q176P,4.086914
HSD17B3||R80Q,7.5908203
HSD17B4||G242E,9.123047
HSD17B4||R506H,9.8671875
HSD17B4||S153L,10.111328
HSPB8||K141E,9.746094
HSPB8||T194T,0.0
HTR1B||F124C,3.2941895
HTR3A||A33T,0.44628906
HTR3A||M257I,6.7929688
HTR3A||P391R,0.678833
HTR3A||R344H,2.2070312
HYLS1||D211G,7.0273438
ICAM1||G241R,3.5058594
ICK||R272Q,11.794434
IDH3B||L132P,8.669922
IFNA17||I184R,-5.715912
IFNAR1||V168L,0.45654297
IFT80||H105Q,9.324219
IGFBP5||R138W,4.317871
IHH||E131K,8.968262
IHH||T154I,12.249023
IHH||V190A,8.412109
IL10||G15R,2.288086
IL10RA||S159G,1.8295898
IL12RB1||C186S,3.9509277
IL12RB1||C198R,6.9733887
IL12RB1||L77P,9.857422
IL12RB1||R173P,10.728516
IL18||S35S,0.0
IL1A||S113A,0.5385742
IL1B||F105F,0.0
IL2RG||R285Q,3.223877
IL2RG||S108P,4.5507812
IL2RG||W237R,6.6328125
IL7R||C74Y,1.6889648
IL7R||L55Q,6.8847656
IL7R||P132S,7.673828
IL9||T117M,1.7265625
IMPDH2||L263F,4.466797
INHA||A182D,-1.4443359
INHA||A257T,1.6640625
INS||F48L,6.618164
INS||G84R,1.9399414
INS||G90C,10.361328
INS||R55C,9.21582
INSL3||R102C,6.0214844
INSL3||R105H,3.4746094
INSR||A1161T,7.6103516
INSR||R1201Q,8.455078
INSR||W1227S,6.209961
ISYNA1||L343L,0.0
ITGB2||C590R,10.658203
ITGB2||S138P,10.552734
ITIH3||P36P,0.0
ITK||R335W,6.283203
JAK2||V617F,0.82910156
KCNA1||F414C,4.3307495
KCNA1||V174F,4.572754
KCNE1||D76N,5.314453
KCNE1||W87R,7.6035156
KCNE2||F60L,5.546875
KCNE2||Q9E,0.8276367
KCNE2||V65M,4.328125
KCNE3||R83H,7.801758
KCNE3||T4A,-0.5058594
KCNE3||V17M,2.8066406
KCNJ1||A214V,7.220337
KCNJ1||I142T,6.361328
KCNJ1||K45E,9.086182
KCNJ1||R311Q,8.07666
KCNJ10||G77R,11.3828125
KCNJ10||P194H,3.2134094
KCNJ10||R348C,0.57577515
KCNJ10||R65P,9.8359375
KCNJ11||L147P,3.1188965
KCNJ11||R201H,6.3007812
KCNJ11||V59A,2.2470703
KCNJ13||R162W,6.703125
KCNK9||G236R,5.125
KCNQ2||A196V,5.3652344
KCNQ2||S122L,3.1064453
KCNQ2||Y284C,2.4868164
KCNV2||G459D,11.174316
KCNV2||L126Q,11.673828
KCNV2||R213P,4.6987305
KEL||L597P,-1.7578125
KEL||R130W,4.367676
KEL||R406Q,2.9296875
KEL||T193M,4.4160156
KERA||N131D,9.317383
KERA||N247S,7.591797
KERA||T215K,4.9501953
KHK||A43T,6.3691406
KHK||G40R,10.041016
KIF6||W719R,-2.8198242
KLHL10||A313T,-1.4355469
KLHL10||Q216P,2.290039
KLK1||R77H,3.2080078
KLKB1||A210E,-0.88793945
KLKB1||C548Y,7.9257812
KLKB1||G123R,5.850342
KNG1||M178T,-1.6165771
KRIT1||D137G,0.51745605
KRT13||L115P,10.006836
KRT18||G340R,2.2070312
KRT18||H128L,1.668457
KRT18||Q285R,0.94677734
KRT18||T103A,-1.9404297
KRT2||I477N,12.3125
KRT2||N186K,10.8515625
KRT2||Q181P,10.357422
KRT6A||A463P,11.683594
KRT6A||F174V,11.057617
KRT6A||N171K,12.147217
KRT8||R341H,3.7851562
KRT8||V380I,-0.34765625
L2HGDH||G211V,8.353027
L2HGDH||G55D,11.451416
L2HGDH||H98R,10.637939
LARS2||H324Q,-0.31469727
LBR||N547D,10.256348
LDHB||W325R,3.1796875
LDLRAP1||R238W,1.2321777
LEP||R105W,2.8808594
LEP||S141C,2.4882812
LEP||V110M,0.77905273
LFNG||F188L,9.685547
LHFPL5||T165M,6.175537
LHFPL5||Y127C,7.0507812
LHX4||L190R,11.587891
LHX4||P389T,-0.0029296875
LHX4||R84C,6.951172
LIPA||G342W,11.605469
LIPA||Q85R,10.751953
LIPC||N215S,1.3171387
LIPC||T405M,5.5009766
LIPG||I239T,7.296631
LIPG||M342V,8.769531
LIPG||N396S,5.290039
LIPG||T111I,0.15820312
LRAT||S175R,10.411133
LRRK2||G2019S,5.517578
LTA||T60N,0.8425293
LYZ||I74T,12.4921875
MAGT1||V311G,9.0
MAP2K1||Y130C,6.3444824
MAT1A||A55D,0.77197266
MAT1A||I322M,5.873047
MAT1A||R199C,4.442871
MBD4||E346K,0.28601074
MBL2||R52C,6.4765625
MC2R||C251F,2.644165
MC2R||H139Y,2.3884277
MC2R||L198P,7.2695312
MC2R||S74I,4.3535156
MCCC1||A289V,5.9687805
MCCC1||E134K,9.799805
MCCC1||L437P,8.65625
MCCC1||Q123H,2.4550781
MCFD2||D81Y,10.7873535
MCOLN1||D362Y,11.986816
MCOLN1||F465L,8.06543
MECP2||R306H,6.5498047
MECP2||S134F,13.0234375
MEF2A||G283D,0.32977295
MEF2A||P279L,2.8398438
MFSD8||G52R,12.662109
MFSD8||R233G,4.477539
MFSD8||T294K,11.886719
MID1||C266R,9.871094
MID1||K370E,4.3164062
MID1||P151L,6.591797
MLC1||A275D,4.0703125
MLC1||G130R,1.5438843
MLH1||A586D,12.152344
MLH1||G244D,10.9453125
MLH1||R472I,6.743164
MLH1||S44F,10.857422
MMAA||G188R,11.121826
MMAA||L89P,11.734375
MMAA||R359Q,5.8359375
MMAB||A135T,-0.58032227
MMAB||I96T,4.1367188
MMAB||R186Q,10.049805
MMACHC||H122R,-1.0727539
MMACHC||L116P,0.9310303
MMACHC||L193P,0.9413147
MMACHC||R206P,-0.37939453
MMP10||G65R,0.46777344
MMP13||F75S,6.8380127
MMP2||R101H,8.875
MPDU1||G73E,10.688904
MPDU1||L119P,11.25
MPDU1||L74S,11.501953
MPG||R60C,1.4384766
MPI||M51T,9.327148
MPI||R418H,5.0195312
MSR1||D174Y,2.0063477
MSR1||K430R,-1.5776367
MSR1||P36A,0.5517578
MSR1||S41Y,2.2978516
MST1||R689C,5.8393555
MTM1||H469R,9.066406
MTM1||N189S,8.223633
MTM1||V49F,4.8115234
MTNR1A||A157V,0.625
MUSK||V790M,6.5161133
MVK||H20Q,3.2421875
MVK||N205D,9.9296875
MVK||N301T,9.044434
MVK||P167L,6.408203
MYD88||L93P,14.171875
MYD88||R196C,10.571289
MYF6||A112S,1.6308594
MYF6||A90D,0.34466553
MYL2||A13T,0.9238281
MYL2||G162R,1.5526428
MYL2||R58Q,-1.453125
MYO1F||K552N,0.8071289
MYOZ2||S48P,7.857422
NAT1||V149I,-0.09375
NCF1||G262S,9.529541
NCF2||G78E,9.839844
NCF2||N419I,2.5493164
NCF2||R395W,4.1171875
NCF2||R77Q,6.7470703
NDP||C128R,9.860718
NDP||I18K,1.9179688
NDP||S101F,2.8779297
NDP||Y44C,10.1484375
NDUFA13||K5N,1.5644531
NDUFAF1||T207P,9.421875
NDUFAF4||L65P,9.861328
NDUFS3||P223L,-2.131836
NDUFS7||R145H,4.275879
NDUFS7||V122M,5.116699
NDUFV1||C206G,6.245117
NDUFV1||T423M,6.533203
NELL1||R354W,2.7172852
NEU1||G136E,1.5981445
NEU1||L231H,4.321289
NEU1||L91R,11.591797
NEU1||R341G,10.309082
NEU2||R41Q,9.0390625
NEUROD1||H241Q,-0.27734375
NEUROD1||R111L,10.131836
NF2||L535P,6.8378906
NF2||N220Y,5.3012695
NF2||R418C,5.2695312
NGF||R221W,8.111328
NHLRC1||C26S,10.884766
NHLRC1||G194C,6.8515625
NHLRC1||P366L,7.7822266
NIPA1||A100T,3.7890625
NIPA1||G106R,5.897461
NLGN3||R451C,2.6108398
NOD1||E266K,1.7890625
NODAL||R183Q,0.068115234
NPC2||N111K,6.136963
NPC2||S67P,8.881836
NPC2||V30M,5.9882812
NPPA||V32M,1.5449219
NR0B1||I361T,1.09375
NR0B1||L381P,11.861328
NR0B1||N440I,6.4160156
NR0B1||R425T,4.076767
NR0B1||W105C,3.8798828
NR0B1||W291C,6.9160156
NR1H3||S99S,0.0
NR1I2||A370T,2.069336
NR1I2||Q158K,7.4379883
NR1I2||R122Q,6.0126953
NR1I2||R98C,9.840332
NR1I3||H250R,4.326172
NR1I3||L312P,5.015625
NR3C1||D401H,0.81378174
NR3C1||D641V,2.302246
NR3C1||F737L,-0.6321106
NR3C1||I747M,0.96777344
NR3C1||R23K,-0.53344727
NR3C1||V571A,1.8852539
NR3C1||V729I,0.5744629
NR5A1||R84H,2.2138672
NR5A1||R92Q,2.7219238
NR5A1||V355M,0.39611816
NSDHL||A105V,3.8066406
NSDHL||G205S,9.709961
NUDT6||R209Q,5.9438477
OLFM2||A226A,0.0
OLR1||K167N,0.8251953
OPRM1||R265H,7.334961
OPTC||E66G,0.9453125
OPTC||F162F,0.0
OPTN||A336G,1.0032959
OPTN||E50K,5.7216797
OR13G1||I132V,1.3085938
OTC||F316S,8.87793
OTC||G197E,7.873047
OTC||R40H,3.9072266
OTX2||N225S,-2.1542969
OTX2||P133T,-0.001953125
OTX2||P134A,0.13769531
OTX2||R89G,10.237305
OXCT1||C456F,6.658203
OXCT1||G219E,9.249512
OXCT1||V133E,8.283203
PAFAH1B1||C356R,9.878906
PAFAH1B1||D155H,8.508789
PAFAH1B1||F31S,11.472656
PAFAH1B1||H149R,11.598145
PAFAH1B1||H277P,12.230469
PAFAH1B1||R241P,14.5859375
PAFAH1B1||S167P,14.96875
PAFAH1B1||S399R,13.875
PAFAH1B1||V383F,9.853516
PANK2||F550L,5.8964844
PANK2||G521R,11.329102
PC||A610T,9.702148
PCBD1||C82R,3.8095703
PCBD1||E58K,4.685547
PCBD1||E97K,5.871582
PCBD1||T79I,7.82959
PCCA||A75P,9.795898
PCCA||L417W,7.236328
PCCA||V360G,9.296875
PCCB||G112D,11.008789
PCCB||G131R,11.842773
PCCB||R165W,10.630859
PCCB||Y439C,9.879395
PCSK1||G483R,1.8457031
PCSK1||N221D,2.9394531
PCSK1||S307L,9.478516
PDHA1||L216F,9.389648
PDHA1||R127W,8.4453125
PDHA1||R378H,4.98645
PDHA1||R88C,10.88623
PDHB||C306R,7.0527344
PDHB||I142M,1.2382812
PDHB||R36C,4.465088
PDHB||Y132C,6.949127
PEMT||V175M,4.488037
PENK||G247D,-1.0405273
PEPD||D276N,9.686035
PEPD||G448R,13.384766
PEPD||R184Q,6.3085938
PEPD||S202F,11.160156
PEX13||I326T,8.425781
PEX13||W313G,12.394531
PEX2||E55K,8.554199
PEX7||D134N,8.7109375
PEX7||G217R,10.614746
PEX7||H110R,10.57959
PEX7||S164P,11.037109
PEX7||S25F,9.550903
PEX7||S262L,10.615234
PGAM2||E89A,12.466797
PGK1||C316R,7.78125
PGK1||D268N,4.8935547
PGK1||R206P,7.1899414
PHEX||C77S,8.928711
PHEX||G579V,12.238281
PHEX||L206W,8.173828
PHEX||P558R,8.836426
PHKG2||D215N,9.317871
PHKG2||G189E,12.513672
PHKG2||H145Y,8.707031
PHKG2||L226R,11.855469
PHKG2||V106E,8.05957
PHYH||I199F,9.394531
PHYH||N83Y,3.4140625
PIGR||A580V,0.27783203
PIK3CD||E1021K,5.026367
PIK3R1||M326I,1.1162109
PIK3R1||R409Q,3.515625
PIP4K2A||N251S,-1.2949219
PITX1||E130K,7.0654297
PKP2||G328R,0.19042969
PLG||C784G,9.125977
PLOD3||N223S,10.9296875
PLP1||A247E,10.732422
PLP1||L86P,10.322266
PLP1||P15L,10.089844
PLP1||W163L,9.074463
PLTP||R235W,6.4140625
PLTP||R476Q,1.7385254
PMP22||C109R,11.546875
PMP22||L16P,8.039795
PMP22||L80P,9.520508
PMP22||R157G,6.6972656
PMS1||M394T,-0.80358887
PNKD||A7V,0.15722656
PNKD||A9V,-0.061523438
PNMT||N9S,-2.913086
PNP||E89K,8.704834
PNP||G156A,5.245117
PNP||G51S,-1.7207031
PNP||H257D,8.733887
PNPLA3||S453I,0.91571045
PNPO||R229W,11.52832
PNPO||R95C,12.343262
PNPO||R95H,11.132324
POLB||R137Q,3.2421875
POLG2||G451E,6.7109375
POU4F3||L223P,2.3310547
PPARA||R127Q,5.593506
PPARA||V227A,-1.284668
PPARG||D424N,6.0234375
PPARG||P113Q,1.6538086
PPARG||V318M,0.74121094
PPT1||E184K,3.46875
PPT1||H39Q,8.759766
PPT1||R122W,11.541992
PPT1||Y247H,3.3066406
PQBP1||Y65C,8.069336
PRKAG3||R225W,6.25
PRKAR1A||A213D,12.300781
PRKAR1A||G289W,14.519531
PRKAR1A||R74C,1.6298828
PRKAR1A||S147G,6.419922
PRKRA||P222L,2.4609375
PROC||G114R,2.0576172
PROC||H176N,1.010376
PROC||Q332L,-2.1694336
PRODH||A167V,2.0820312
PRODH||D426N,8.418945
PRODH||L289M,-1.7109375
PROK2||C34Y,8.510254
PROK2||G32R,-0.36132812
PROZ||E70K,5.197754
PROZ||E70Q,3.4238281
PROZ||L264P,9.295898
PRPS1||N114S,3.0664062
PRSS2||D153H,1.5031738
PRSS2||G191R,8.3203125
PSAT1||D100A,9.214355
PSEN2||M239V,2.2207031
PSEN2||N141I,5.67041
PSEN2||R71W,1.9733887
PSEN2||T430M,2.5239258
PSMB9||V32I,3.1757812
PSPH||M52T,9.674316
PTAFR||A224D,2.6328125
PTCH1||G110R,10.537109
PTCH1||T230P,11.634766
PTH||C18R,8.833008
PTH1R||H223R,11.066895
PTH1R||P132L,6.9523926
PVRL1||S112T,4.876465
PVRL1||T131A,4.0390625
PVRL1||V360G,6.3563004
PYCRL||V105M,4.3117676
RAC2||D57N,8.797852
RAG2||M285R,8.503906
RAG2||N474S,-0.5522461
RAG2||R229Q,8.3498535
RAG2||T77N,2.6074219
RAPSN||A189V,6.102295
RAPSN||F139S,7.9072266
RAPSN||L14P,10.378906
RBM28||L351P,8.89502
RBP4||G93D,2.0649414
RDH12||C285Y,8.078125
RDH12||L99I,6.215332
RDH12||P230A,7.8359375
REEP1||A20E,11.542969
REEP1||L107P,12.574219
REEP1||P19R,11.9609375
REN||D104N,6.571289
REN||R230K,1.6289062
REN||S135Y,12.419922
REN||V351I,-0.578125
RFX5||R149Q,9.745117
RFXANK||D121V,13.236328
RFXANK||L195P,9.838867
RGR||A234T,3.0761719
RGR||H152N,2.4742126
RGR||V132L,2.6279297
RGS2||Q2L,-1.1318359
RGS2||Q2R,-0.35229492
RGS2||R44H,4.4414062
RGS9||W299R,9.9296875
RLBP1||G146D,7.7070312
RLBP1||I200T,5.7841797
RLBP1||M226K,8.509766
RLBP1||R151Q,6.52063
RNASEH2C||P76L,5.8200073
RNASEH2C||R69W,6.4716797
RP2||C86Y,11.746094
RP2||L253R,8.107422
RP2||R118H,10.294678
RP2||R282W,4.748047
RPA4||A33T,0.19921875
RPE65||E148D,8.421875
RPE65||G104D,8.837158
RPE65||P363T,6.330078
RPE65||T457N,4.2788086
RPIA||A135V,8.213867
RPL11||L20H,11.9140625
RPS19||G127E,7.9384766
RPS19||R101H,9.770508
RPS19||R62W,8.574219
RPS19||V15F,5.935547
RPS6KA3||D193N,7.53125
RPS6KA3||E260D,5.803589
RPS6KA3||F68C,9.671387
RPS6KA3||G431D,12.628906
RPS6KA3||G75V,10.248047
RPS6KA3||I189K,6.784912
RPS6KA3||L467R,9.71875
RPS6KA3||N544K,9.863861
RPS6KA3||N620D,0.49536133
RPS6KA3||R667S,12.006836
RRM2B||L317V,5.5273438
RRM2B||W64R,7.736328
RTN4R||L347R,0.56884766
RTN4R||R196H,1.9003906
RTN4R||R227C,7.3842773
RTN4R||R377W,1.2597656
RTN4R||R399W,0.8894043
RXRG||G14S,0.16894531
SALL4||H888R,9.841797
SALL4||V754M,0.81030273
SART3||V591M,-0.2626953
SBDS||N8K,5.2685547
SBDS||R126T,7.834961
SCARB1||A350A,0.0
SCARB2||H363N,8.728027
SCN1B||C121W,9.186523
SCN1B||E87Q,2.4541016
SCN1B||R85C,5.580078
SCN1B||R85H,2.1464844
SCNN1B||P616L,6.609375
SCNN1G||E197K,-1.7857666
SCNN1G||G183S,-0.8125
SCNN1G||L609F,1.8984375
SCNN1G||N530S,1.8222656
SCO1||P174L,7.182251
SCO2||C133Y,11.098145
SCO2||E140K,12.019531
SCO2||L151P,11.15625
SCO2||S225F,8.466797
SDHA||A524V,6.109375
SDHA||A83V,4.0126953
SDHA||R451C,12.244141
SDHB||C186Y,12.192932
SDHB||G53R,4.3935547
SDHB||L87S,10.705078
SDHB||R230L,6.3120117
SDHD||G12S,0.890625
SDHD||G148D,8.28418
SDHD||L101P,8.908203
SEMA3E||S703L,0.119140625
SEMA4A||D345H,5.1835938
SEMA4A||F350C,10.595703
SEMA4A||R713Q,0.59521484
SERPINA10||F145L,2.4375
SERPINA10||Q384R,7.425537
SERPINA10||S143Y,1.4135742
SERPINA3||L266L,0.0
SERPINA3||L78P,5.611328
SERPINA3||M414V,0.71875
SERPINA3||P252A,1.9736328
SERPINA7||A133P,7.1035156
SERPINC1||L158P,7.5820312
SERPINC1||N437K,6.7783203
SERPINC1||P48H,1.0026855
SERPINC1||R79C,3.5305176
SERPIND1||E447K,7.2578125
SERPIND1||P462L,5.3250732
SERPIND1||R208H,5.4521484
SETX||L1976R,13.613281
SFTPA2||A91P,-1.3447266
SFTPA2||F198S,6.479492
SFTPA2||G231V,7.7353516
SFTPA2||Q223K,0.18457031
SFTPC||C189G,11.2265625
SFTPC||H64P,6.9765625
SFTPC||P30L,6.998535
SFTPC||Y104H,5.8554688
SFTPD||T180A,-0.70214844
SGSH||D273N,6.9179688
SGSH||D444G,6.6748047
SGSH||F193L,-0.723999
SH2D1A||G93D,3.413086
SH2D1A||P101L,4.904297
SH2D1A||R32T,8.475586
SHBG||D356N,-1.3330078
SHBG||P185L,6.1274414
SHMT1||S394N,0.08154297
SIX2||L43F,2.680664
SIX2||P241L,0.43945312
SLC10A2||L243P,8.5078125
SLC10A2||P290S,6.501953
SLC10A2||T262M,8.280273
SLC14A1||N74K,6.0197754
SLC14A1||S291P,4.7382812
SLC15A1||P586L,5.0566406
SLC17A8||A211V,5.2558594
SLC19A3||E320Q,5.571289
SLC19A3||G23V,7.551758
SLC19A3||K44E,6.321289
SLC19A3||T422A,5.7070312
SLC22A11||E278K,6.998047
SLC22A12||H86H,0.0
SLC22A12||M430T,3.53479
SLC22A12||Q297E,2.586914
SLC22A12||T217M,3.4206543
SLC22A2||M165I,-1.8828125
SLC22A2||T199I,4.319824
SLC22A2||T201M,2.5107422
SLC22A6||R454Q,8.47168
SLC25A15||E180K,9.628418
SLC25A15||T32R,11.886719
SLC26A2||N425D,7.0751953
SLC28A1||V189I,0.5683594
SLC28A2||E385K,1.5195312
SLC28A2||F355S,5.851074
SLC29A3||G427S,8.410156
SLC29A3||G437R,9.386719
SLC29A3||M116R,6.513672
SLC29A3||T449R,8.673828
SLC2A1||P485L,-1.1323242
SLC2A1||R212H,5.57251
SLC2A1||S66F,9.1484375
SLC2A2||G318R,11.899414
SLC2A2||V197I,7.4404297
SLC2A2||W444R,10.152344
SLC30A2||H54R,3.2387695
SLC30A8||R325W,2.9836426
SLC35C1||R147C,11.268555
SLC35C1||T308R,11.152344
SLC36A2||G87V,10.546387
SLC39A4||P200L,7.416992
SLC45A2||G198D,9.015625
SLC45A2||L361P,5.3945312
SLC45A2||P58A,7.0166016
SLC45A2||T302S,-0.24609375
SLC47A1||A310V,-1.8198242
SLC47A1||D328A,3.6137695
SLC47A1||G64D,12.800781
SLC47A1||N474S,0.2109375
SLC4A1||G455E,9.996094
SLC4A1||R646W,8.879883
SLC5A2||K311R,2.3007812
SLC5A2||R368W,3.5283203
SLC5A2||T51P,7.8828125
SLC5A2||V116M,4.232422
SLC5A5||G543E,12.816406
SLC5A5||G93R,7.5664062
SLC5A5||Q267E,9.1328125
SLC5A5||T354P,8.299805
SLC5A7||I89V,1.4765625
SLC6A20||T199M,5.0566406
SLC7A10||E112D,3.5039062
SLC7A9||G105R,10.655762
SLC7A9||N227D,4.854492
SLC7A9||V330M,9.349609
SLC9A3R1||L110V,0.79296875
SLC9A3R1||R153Q,8.941772
SLCO2B1||S486F,-0.09863281
SLURP1||C77R,7.341797
SLURP1||L98P,9.046875
SLURP1||R71H,6.0285645
SLURP1||W15R,3.878418
SMARCA2||D1546E,0.3876953
SMPD1||D51V,-1.1013184
SMPD1||G244R,5.7070312
SMPD1||P332R,6.203125
SNCA||A30P,10.953125
SNCA||A53T,-2.0761719
SOD1||G38R,6.2229004
SOD1||G42S,6.4902344
SOD1||L127S,6.4833984
SPINK1||N34S,0.20263672
SPINK1||P55S,-2.3920288
SPINK1||R65Q,0.38882446
SPP1||D94D,0.0
SPRY2||D20A,-0.4970703
SPRY2||K68N,0.16113281
SQSTM1||A381V,1.0240479
SQSTM1||P387L,3.0302734
SQSTM1||P392L,4.359375
SQSTM1||S399P,11.472656
SRPX2||N327S,1.8164978
SSH1||S63N,1.5493164
STAR||A218V,6.930176
STAR||M144R,8.166016
STAT1||E320Q,9.724609
STAT1||L600P,10.939117
STAT1||L706S,11.06543
STAT1||Q463H,8.118164
STAT3||N472D,8.253906
STAT3||R382L,10.200195
STAT3||R382W,8.353516
STK11||F354L,2.600586
STK11||K108R,1.640625
STK11||L183L,0.0
STK11||L67P,10.527344
STK11||L67R,11.349609
STK11||M136R,12.548828
STK11||N181Y,12.196289
STK11||S232P,8.063477
STK11||W239C,9.958496
STK11||W308C,9.906189
STOX1||E608D,-0.067871094
STOX1||N825I,0.29278564
STRA6||Q438R,2.609375
STS||R454C,9.108154
STS||S341L,12.613281
STS||W372R,11.932617
STXBP1||C180Y,5.288086
STXBP1||M443R,6.828125
STXBP1||V84D,11.300781
SULT1A1||H149Y,0.88464355
SULT1C2||R73Q,-0.6699219
SULT1C2||S111F,3.0527344
SULT2B1||D191N,4.4384766
SULT2B1||R230H,5.0913086
SUN2||G671S,6.7629395
SUOX||Q396R,9.810547
SUOX||R268Q,9.242676
SUOX||W450R,11.8046875
SURF1||G124R,10.768921
SURF1||L203P,11.654297
SURF1||Y274D,11.475342
SYNGR1||K99E,0.091796875
TAC3||M90T,8.842285
TACR3||G93D,11.902344
TALDO1||R192C,7.9975586
TALDO1||R192H,7.2905273
TAP2||M577V,-0.00048828125
TAS2R38||A49P,0.41503906
TAS2R38||I296V,0.51953125
TAT||L273P,10.288086
TAT||P220S,8.339844
TAT||R119W,11.641602
TAT||R433W,11.160156
TBX20||A63T,-0.012634277
TBX20||I121F,9.823242
TBX20||I152M,1.4765625
TBX20||T262M,-1.8613281
TBX22||G118C,8.670898
TBX22||R120W,10.4765625
TBX22||R151L,8.188965
TCAP||E132Q,0.25634766
TCAP||R18Q,-0.07470703
TCAP||R70W,1.1188965
TCAP||R87Q,-0.24609375
TCF4||G358V,2.692871
TCF4||R578H,9.783203
TCF4||R578P,13.900391
TDGF1||P125L,2.1484375
TDGF1||V110L,0.55200195
TEK||R849W,-2.5336914
TEKT2||A229V,5.0458984
TFAP2A||G262E,0.05810547
TFAP2A||R254W,2.4838867
TFPI||P179L,-0.6833496
TGFBI||L509R,12.71875
TGFBR2||A329T,1.651123
TGFBR2||L308P,9.447266
TGFBR2||R254H,9.376221
THAP1||F81L,3.868164
THRB||A268G,5.684082
THRB||C446R,0.11328125
THRB||L330S,7.986328
THRB||M442V,4.4159546
THRB||N343K,5.133545
THRB||P453L,5.557129
THRB||Q374K,7.6523438
THRB||S314C,1.8740234
TIMM44||A424A,0.0
TIMM44||P308Q,8.206787
TIMM8A||C66W,9.849609
TIMP3||G190C,7.8710938
TIMP3||S170C,4.7974854
TIMP3||S204C,2.7590332
TIMP3||Y191C,2.7392578
TINF2||E281K,0.22070312
TINF2||L287P,-0.6230469
TINF2||P236S,0.63964844
TINF2||S245Y,2.6054688
TIRAP||S180L,3.9980469
TLR2||R753Q,9.208008
TLR2||T411I,0.57666016
TLR3||L412F,5.9140625
TLR6||T255I,7.264496
TMEM43||S358L,4.910034
TMPRSS3||A306T,3.8085938
TMPRSS3||C407R,7.7246094
TMPRSS3||R109W,6.8027344
TMPRSS3||R216L,4.614746
TMPRSS5||A317S,0.79296875
TNFAIP3||F127C,6.2070312
TNFRSF11B||C87Y,10.151855
TNFRSF13B||A149T,1.1787109
TNFRSF13B||C104R,10.880615
TNFRSF13B||L171R,11.25
TNFRSF13B||V246F,1.3557129
TNFRSF1B||M196R,2.4101562
TNNC1||C84Y,-0.40478516
TNNC1||D75Y,3.4731445
TNNC1||E134D,1.1196289
TNNC1||L29Q,-1.8833008
TNNI2||R174Q,11.108398
TOR1A||D216H,2.2543945
TOR1A||R288Q,2.0585938
TP53||G245C,9.959961
TP53||P152L,4.701172
TP53||V31I,-0.07922363
TP63||D351N,10.3046875
TP63||I549T,3.665039
TPH2||P206S,3.1420898
TPH2||P312P,0.0
TPH2||R303W,10.263672
TPH2||R441H,4.217285
TPM1||D175N,4.163086
TPM1||E40K,3.6972046
TPM1||M281T,-0.53686523
TPM1||V95A,0.359375
TPM2||E117K,2.491211
TPM2||Q147P,10.535156
TPM2||R91G,5.216797
TPM3||L100M,3.040039
TPM3||M9R,9.03125
TPM3||R168G,0.96191406
TPM3||R245G,1.2148438
TPMT||A80P,6.8691406
TPMT||G144R,6.1535645
TPMT||L49S,7.649414
TPMT||R215H,-0.26391602
TPO||A53P,7.267578
TPO||S131P,9.222656
TPP1||G77R,5.2734375
TPP1||P544S,7.92041
TPP1||R206H,5.3686523
TRIB3||Q84R,-3.2387695
TRIM37||C109S,7.3532715
TRIM5||H43Y,-2.4228516
TRIM5||R136Q,-2.9628906
TSFM||R312W,8.83252
TSHR||A204V,0.8126831
TSHR||G132R,2.3496094
TSHR||K183R,-2.4433594
TSHR||P27T,1.4749756
TSHR||R109Q,3.571045
TSSK4||V227I,2.8203125
TSSK4||V255V,0.0
TTR||C10R,7.0058594
TTR||I93V,0.66015625
TTR||R123S,4.746582
TTR||V50M,4.4697266
TUBA1A||E55K,3.7005615
TUBA1A||I188L,0.73828125
TUBA1A||L286F,1.7873306
TUBA1A||R402L,9.181641
TUBB1||R318W,6.5117188
TUBB2B||F265L,4.3222656
TUBB2B||I210T,2.6992188
TUBB2B||L228P,6.9726562
TUFM||R339Q,4.6054688
TULP1||F382S,7.3984375
TULP1||R420P,7.7714844
TULP1||R482W,9.853516
UBE3A||R506C,9.674805
UCHL1||I93M,5.6796875
UCHL1||S18Y,2.599121
UCP1||A64T,-4.0981445
UCP1||K257N,1.6249084
UCP1||M229L,-0.86328125
UCP2||A268G,4.1289062
UCP2||A55V,2.5812988
UCP2||L175V,8.372559
UGT1A10||I211T,8.535156
UGT1A10||Q328R,8.889282
UGT1A10||R400C,7.644043
UMPS||G429R,8.662598
UQCRQ||S45F,4.698242
UROD||P62L,7.9975586
UROD||S219F,12.5078125
UROD||Y182C,5.5214844
UROS||A69T,5.7509766
UROS||G188R,6.311035
UROS||L237P,7.7285156
UROS||P53L,3.072754
USH1G||L48P,9.996094
VANGL1||M328T,-1.4116211
VANGL1||R274Q,1.265625
VAPB||P56S,9.356934
VCAM1||G413A,2.7285156
VCP||A439S,0.59155273
VCP||T262A,1.9199219
VHL||L198R,10.461914
VHL||S65W,10.71875
VKORC1||L128R,9.285156
VKORC1||R98W,3.2617188
VKORC1||V45A,2.3291016
WISP3||C114Y,9.660156
WISP3||C145Y,9.478516
WISP3||C78R,10.698242
WISP3||S334P,7.1845703
WNT4||A114V,9.071777
WNT4||E216G,2.4572144
WNT7A||A109T,6.1015625
WNT7A||G204S,7.205078
WNT7A||R292C,10.979492
WRAP53||R68G,-1.1611328
XRCC4||I134T,4.348633
YARS||E196K,9.354492
YARS||G41R,11.383789
ZCCHC12||R7C,2.0576172
ZCCHC12||T344I,-0.1538086
ZDHHC9||P150S,7.026367
ZDHHC9||R148W,9.854492
ZFYVE27||G191V,5.7021484
ZNF624||K135N,0.72940063
CD207||A55V,-1.3007812
CD207||E114V,0.33728027
CD207||R66Q,1.0605469
CRYBA4||V36M,3.8320312
EFHC1||M448T,-1.5371094
EFHC1||R159W,2.2416992
EIF2B4||R306G,1.8203125
FKBP6||R202H,2.2636719
FMO1||K373R,-0.13134766
FMO3||G180V,1.3056641
FMO3||V277A,0.31640625
FOXP3||G52V,0.78637695
GFAP||D295N,4.1538086
KRT2||G219D,1.0664062
KRT6A||F249L,4.177246
KRT6A||N21S,-5.4726562
KRT6A||V523F,1.2246094
LTA||H51P,-1.144165
MCEE||A76V,-0.32421875
MCEE||R143H,2.8398438
OAS1||R242Q,-2.0566406
PGBD1||H806D,-0.80566406
PGBD1||I678V,-1.6054688
PGBD1||P256L,0.38745117
PGBD1||Q248E,-0.7080078
PITX1||G299A,0.38085938
PNPO||R116Q,4.064453
RPGR||Q184H,-3.09375
RPGR||R425K,0.62402344
SERPING1||V56A,-0.07608032
SMAD3||I170V,-0.14007568
TINF2||G237D,0.982666
TNFRSF13B||K188M,6.46875
TNFRSF13B||P205L,1.1386719
TNFRSF13B||V174A,3.2529297
TUFM||G149S,5.523926
VANGL1||E347A,1.7021484
ALK||F1174L,8.540039
ALK||G1202R,9.733398
ALK||R1275Q,9.21582
ALK||S1206Y,10.347656
ALK||T1151M,6.0927734
BRAF||A749V,0.29138184
BRAF||D594V,12.060547
BRAF||E586K,0.6274414
BRAF||G464V,14.109375
BRAF||G466A,11.074341
BRAF||G466E,12.605469
BRAF||G466V,11.8515625
BRAF||G469A,7.7128906
BRAF||G469E,13.138672
BRAF||G596R,9.36911
BRAF||V600E,10.013672
EGFR||G719S,10.532715
EGFR||L858R,10.526367
EGFR||T790M,8.245117
ERBB2||V842I,4.8671875
ERBB4||E872K,8.874023
FLT3||D835Y,2.9885254
PDGFRA||D842V,2.3671875
PDGFRA||T674M,0.22851562
A4GALT||A272V,2.5268555
ACVR1B||D335N,9.578125
ACVR1B||E412D,5.9941406
AKT1||D44N,4.2226562
AKT1||E17K,7.8320312
AKT1||E267G,4.9228516
AKT1||L52R,10.2890625
AKT1||Q79K,9.349121
AKT1||R370C,5.9335938
AKT1||V201I,-0.45703125
ARSI||P228L,7.626953
ARSI||V373M,1.109375
B2M||A6V,-0.37109375
B2M||D54N,1.5058594
BTC||P70S,3.8261719
C15orf23||P26L,-0.43896484
C15orf23||P26S,-0.2998047
C20orf72||P102S,1.7841797
CBFB||R151H,3.0996094
CCNG1||E167K,-0.6130371
CD3E||E189Q,4.9785156
CD70||D165Y,8.253906
CDK4||A23S,3.5605469
CDKN1B||C29F,6.298828
CHD2||E287Q,0.9724121
CHD2||E412K,0.5410156
CHD2||P195L,3.3791504
COPS2||G68R,8.437988
CPXCR1||A56S,-1.8808594
CPXCR1||E73K,0.61328125
CPXCR1||S102P,0.18603516
CTNNB1||G34R,10.556641
CTNNB1||H36Y,11.181641
CTNNB1||I35S,12.074219
CTNNB1||R535Q,6.1933594
CTNNB1||T257I,9.555664
CYP3A5||D336N,4.7695312
CYP3A5||G177R,8.208008
DNAJC12||R178C,3.871582
DNASE2||Y182H,4.341797
EDNRB||F292L,5.611328
EGFR||A289V,7.5527344
ELF1||P32S,0.22949219
ERBB2||R897Q,8.219727
EYS||N269H,2.1293945
EYS||Q172L,6.5131836
FAM196A||Q46R,10.694336
FAM196A||R399Q,4.7089844
FBXW7||A502V,4.1914062
FBXW7||I347M,1.3523712
FBXW7||R465C,10.426758
FBXW7||R465H,9.838867
FBXW7||R505C,9.616211
FBXW7||R658Q,2.3886719
FBXW7||R689Q,4.0634766
FBXW7||S462Y,7.4433594
FTH1||A161T,-1.2416992
GABRA6||G175R,10.613281
GABRA6||G212R,5.8789062
GABRA6||P345S,0.3959961
GALNT14||R336Q,7.968445
GALNT14||V534F,0.9873047
GALNTL5||D221E,0.0390625
GALNTL5||G309E,8.738281
GATA3||R330K,0.57421875
GATA3||S118F,2.204834
GATA3||S140F,2.0847168
GPR141||E267K,1.7070312
GPR141||Q224K,5.055664
GZMA||G210E,6.5117188
GZMA||H38N,3.5488281
H2AFX||K134N,1.8214111
HERPUD2||P46L,6.5126953
HERPUD2||R285Q,9.010742
HIST1H1E||A60D,8.158203
HIST1H3B||A48S,-1.2841797
HIST1H3B||L101W,8.935547
HRAS||A11D,1.7675781
HRAS||A59T,8.019531
HRAS||G12A,6.2109375
HRAS||G12C,8.935547
HRAS||G12D,9.375977
HRAS||Q61K,7.171875
HRAS||Q61L,6.5911865
HRAS||Q61R,7.135254
HRH4||S170L,0.6442871
IDH1||E190K,-0.6621094
IDH1||P33S,1.7563477
IDH1||R132H,7.026123
IDH2||A416V,-1.4386597
IDH2||A47V,0.47705078
IDH2||E268D,0.7441406
IDH2||G137E,0.98498535
IDH2||I139F,0.5580139
IDH2||R172K,5.6123047
IDH2||R172M,8.9921875
IDH2||T331M,3.0810547
IKZF5||E135K,6.1538086
ILKAP||S61Y,4.701172
IRF4||R96L,9.222656
ISX||R86C,7.529297
ISX||T87A,7.0930176
KIF2B||E161G,3.5639648
KIF2B||I119T,-1.3076782
KIF2B||Q430H,6.0585938
KIF2B||R504Q,2.703125
KIF2B||W60L,1.6342773
KIR3DL2||R96Q,0.5888672
KLRC2||G174R,3.0761719
KPNA3||V154G,10.28125
KRAS||A59G,8.658691
KRAS||D33E,5.9882812
KRAS||E62K,7.533203
KRAS||G12A,5.798828
KRAS||G12C,8.411133
KRAS||G12D,8.798828
KRAS||G12S,6.583008
KRT26||S2C,7.513672
LCE1B||G102C,5.9121094
LCE1B||S42F,8.077148
LZTR1||R810W,9.266602
LZTR1||V456G,9.458984
MAGEC2||D15N,0.15112305
MAGEC2||E269K,5.0893555
MAGEC2||G74V,-0.072265625
MAGEC2||R287W,3.2597656
MAGEC2||S85I,1.5629883
MAP2K1||C121S,3.1054688
MAP2K1||E203K,2.069336
MAP2K1||L177M,4.8867188
MAP2K1||P124S,2.7558594
MFAP4||Y55S,7.0463867
NFE2L2||G31R,7.125
NFE2L2||G31V,7.2001953
NFE2L2||N160S,-1.1118164
NFE2L2||T80K,5.177368
NFKBIA||P137S,3.5322266
NRAS||Q61H,5.463867
NRAS||Q61K,6.460449
NRAS||Q61L,6.1197205
NRAS||Q61R,6.6464844
OMA1||P177S,1.3398438
OR2G6||I177F,-2.9140625
OR2G6||K236M,7.6424255
OR2G6||N294Y,9.734375
OR2G6||N42S,5.1210938
OR2G6||R265K,-0.2133789
OR2G6||W149C,4.9628906
OR2M2||N42Y,9.810547
OR2M2||V117I,1.4375
OR2T33||F164V,1.8828125
OR2T33||L60P,8.425781
OR2T33||P285L,7.001953
OR2T33||R120S,8.889282
OR2T33||W147C,2.671875
OR2T33||W49L,-3.6816406
OTUD6A||R171P,8.674316
OTUD6A||V211M,1.4956055
PIK3CA||D1045V,2.7592773
PIK3CA||H1047Y,-1.2890625
PIK3CG||K973R,7.0664062
PIK3CG||V168M,1.0876465
PIK3CG||W212C,-3.7294922
PIK3R3||R383C,9.02002
PIK3R4||E1209K,9.749023
PIK3R4||R998Q,3.9863281
PPIAL4G||N35H,6.211914
PPP2R1A||R258H,5.9101562
PPP2R1A||S143F,8.5859375
PSG2||H245Y,-1.9912109
PSG2||S265C,5.513672
PTEN||F90S,10.062988
PTEN||G127V,14.404297
PTEN||G129E,9.526978
PTEN||G129V,10.896484
PTEN||R173H,10.182129
RB1||F755I,7.154785
RB1||I782M,1.2236328
RB1||L550I,4.982422
RB1||R451H,1.9553223
RB1||V654L,1.3886719
REG1A||E80K,5.732422
REG1A||P105T,4.0390625
REG1A||S131I,1.9943848
REG3A||G85R,6.6035156
REG3A||P109S,-0.055664062
RET||M918T,6.4033203
RHOA||F106L,7.3325195
RHOA||G62E,9.955566
RHOA||R5Q,3.2070312
RHOA||S85F,10.388672
RHOA||T175M,9.339355
SAMHD1||D218H,9.7335205
SAMHD1||I515T,4.9335938
SERPINB4||A137E,1.4733887
SERPINB4||E110K,4.373047
SERPINB4||E250K,3.390625
SERPINB4||E290K,5.0185547
SERPINB4||F182I,9.128418
SGK1||A48G,3.3569336
SGK1||F27L,-0.5779114
SLC2A3||F88S,6.3310547
SLC2A3||G109V,4.6293945
SLC2A3||K49N,-0.13476562
SMAD2||D304G,0.4621582
SPANXN4||P4Q,-0.046142578
SPATA8||E18K,-0.02796936
SPATA8||P83T,0.40393066
SPOP||E47A,9.12207
SPOP||E50K,7.5126953
SPOP||F102C,8.978516
SPOP||F133S,8.857422
SPOP||K101I,12.644531
SPOP||K134N,10.791016
SPOP||W131C,9.111328
SPOP||W131G,9.99939
STAG2||E134D,0.22460938
STAG2||P572S,6.6279297
STK11||D194Y,8.1171875
SV2C||G146S,7.564453
SV2C||M727I,3.881836
SV2C||R121Q,-0.06274414
SYCP1||E509K,3.163086
SYCP1||E773K,3.3393555
TBL1XR1||L81V,7.8632812
TBL1XR1||R166Q,7.479492
TBL1XR1||T349M,6.09375
TMPO||D185H,7.5546875
TNF||S157R,3.4951172
TNFRSF14||A102P,6.0410156
TP53||C176F,12.233887
TP53||C275F,8.49707
TP53||C275S,5.8398438
TP53||I195F,4.083008
TRAF3||D463N,6.6503906
TRAT1||D40Y,1.1124268
TRAT1||E76K,6.3777466
TRIM55||E369G,0.65234375
TRIM55||R322H,3.5507812
WBSCR17||A398V,6.3842773
WBSCR17||D348N,5.7469482
WBSCR17||E289K,9.541016
WBSCR17||E507K,7.1289062
WBSCR17||S194R,12.822266
WIPI1||P139S,3.9238281
WNT2||V334M,5.944336
XPO1||E571A,10.898682
XPO1||E571K,8.500977
XPO1||R553C,9.590332
YTHDC1||E483Q,0.46826172
ZNF454||H462Y,6.8496094
ZNF454||P299L,4.40625
ACVRL1||P30S,0.10644531
AHCY||R38W,2.5351562
AHCY||R335C,1.9145508
AHCY||G123R,0.7548828
AHCY||C421R,-1.8615723
ALK||D1529E,-0.4453125
AMHR2||R33W,1.0222168
ANG||G110G,0.0
APOH||N75S,-1.4584961
APOH||A160D,-0.35791016
APOH||A119T,-2.0810547
AQP1||V107I,0.15039062
AQP1||V107G,1.1699219
AQP1||G165D,1.222168
ARL13B||P396A,1.9570312
ARL13B||G315R,0.48608398
BTK||Y418H,0.11328125
BTK||R236Q,0.56347656
BTK||E205D,1.0825195
CAPN3||D778N,4.0410156
CFP||V53M,-0.15966797
CFP||R79Q,-0.6031494
CFP||G250S,-1.2724609
CFP||D299N,-1.6497803
CRYGC||V86F,1.4667969
CRYGC||S106N,2.3027344
CRYGC||R91W,8.412109
CRYGC||R48H,1.4609375
CRYGD||V126M,5.9570312
CRYGD||R15H,5.5273438
EFHC1||R159G,1.1762695
EFHC1||N607S,0.80078125
GGCX||V460I,-2.0957031
GGCX||S13I,2.1748047
GGCX||R325Q,0.171875
GGCX||D31N,-0.21484375
GNPTAB||R46Q,0.35180664
IL12RB1||R156H,0.4296875
IL7R||V138I,0.56689453
IL7R||T414M,1.5400391
IL7R||T244I,-0.5703125
IL7R||I66T,-0.20263672
MC2R||T33I,-0.02734375
MC2R||P27R,1.644043
MC2R||A252T,-0.53344727
MCOLN1||T24N,2.484375
MCOLN1||S257R,3.7958984
MCOLN1||R236Q,-3.415039
MCOLN1||L209F,1.364502
MITF||V427A,0.32122803
MITF||E208G,-0.22808838
NR0B1||C200W,4.163086
PNPLA3||Y220C,4.0092773
PNPLA3||S453R,0.33398438
PNPLA3||E331G,-1.7109375
PRODH||R521Q,1.4003906
PRODH||R453C,6.7910156
RFXANK||R179C,1.1508789
RFXANK||Q251E,0.25683594
RFXANK||P259S,-0.5058594
RFXANK||E48D,0.52441406
RP2||T87I,-1.0996094
RP2||R251G,5.6313477
RP2||I201V,-0.8769531
RPE65||N321K,0.3828125
RPE65||K294T,7.053589
SCARB2||V396I,0.6398926
SCARB2||R121Q,1.4345703
SCARB2||M159V,-1.8032227
SCARB2||G462E,0.052734375
SEMA4A||R723C,0.75439453
SEMA4A||R510Q,4.533203
SEMA4A||P682S,0.140625
SEMA4A||A676V,0.7167969
SLC14A1||W171R,1.3004456
SLC14A1||V76I,-0.1640625
SLC14A1||I117T,4.303711
SLC2A1||V433I,1.796875
SLC2A1||P479T,-0.644989
SLC2A1||F104L,0.4140625
SLC39A4||P84L,0.92041016
STAG2||R560K,0.38671875
STAG2||M1057V,0.03173828
STAG2||I314V,-0.34960938
TSFM||W91G,10.908203
TSFM||V252I,0.8125
TSFM||S2L,0.50097656
TSFM||L266I,3.55542
VAPB||D162E,2.4335938
VAPB||D130E,4.421875
