KEY,ddg_rasp,status
CRYAA||R21W,,no_clean_pdb
CRYAA||R116C,,no_clean_pdb
CRYAA||R12C,,no_clean_pdb
CRYAA||R49C,,no_clean_pdb
DNASE2||Y182H,2.458528788038444,ok
SGK1||A48G,1.169712916996356,ok
SGK1||F27L,0.1880477714164147,ok
MYO1F||K552N,-0.1883370204406714,ok
SULT2B1||D191N,0.2021772227239437,ok
SULT2B1||R230H,0.7491850007575787,ok
BMPR1B||I200K,7.558394110838484,ok
BMPR1B||R486Q,0.576396661597538,ok
BMPR1B||R486W,-0.3527300691239377,ok
TULP1||F382S,4.2446401470227455,ok
TULP1||R420P,2.0101473183901915,ok
TULP1||R482W,-0.0654861584666216,ok
TNFRSF11B||C87Y,0.2260016539237103,ok
CACNB4||C104F,-0.7104418453895056,ok
CACNB4||R468Q,0.2633701418392181,ok
PIK3CD||E1021K,0.7883486623578742,ok
SLC28A1||V189I,0.1636634771791201,ok
SULT1C2||R73Q,0.6979578719760234,ok
SULT1C2||S111F,-2.0684360204743,ok
KPNA3||V154G,3.869645529802255,ok
KRIT1||D137G,1.287062390625468,ok
PEX7||D134N,0.6281451020288333,ok
PEX7||G217R,7.626405786703729,ok
PEX7||H110R,2.991394123875093,ok
PEX7||S164P,4.142394458358113,ok
PEX7||S25F,2.4952098081117726,ok
PEX7||S262L,1.7438773052532377,ok
WNT7A||A109T,3.103260353513563,ok
WNT7A||G204S,2.862582963973687,ok
WNT7A||R292C,1.423357330783725,ok
SDHD||G12S,-0.1498900417990473,ok
SDHD||G148D,3.542853928309122,ok
SDHD||L101P,7.110362664259601,ok
RFXANK||D121V,2.3451451452957066,ok
RFXANK||L195P,6.125800056402777,ok
RFXANK||R179C,1.5077744164561306,ok
RFXANK||Q251E,-0.3015963717251885,ok
RFXANK||P259S,0.1570997659440609,ok
RFXANK||E48D,0.0198916188562225,ok
CHD2||E287Q,0.8819107094449208,ok
CHD2||E412K,1.0102578856604143,ok
CHD2||P195L,-0.2824031172480074,ok
TOR1A||D216H,0.0116740484604954,ok
TOR1A||R288Q,1.7133604300684064,ok
SLC9A3R1||L110V,0.976783539892758,ok
SLC9A3R1||R153Q,1.1009740274580662,ok
GABRD||R220C,1.11052574064729,ok
TPP1||G77R,1.26470252354687,ok
TPP1||P544S,0.9335198331100552,ok
TPP1||R206H,1.5137806895907948,ok
PHYH||I199F,2.3499933496456613,ok
PHYH||N83Y,-0.0187790151206118,ok
TNFRSF13B||A149T,-0.2205391038938109,ok
TNFRSF13B||C104R,2.217282826129958,ok
TNFRSF13B||L171R,0.3899609000515508,ok
TNFRSF13B||V246F,0.219051691604985,ok
TNFRSF13B||K188M,-0.1486737164788398,ok
TNFRSF13B||P205L,-0.4027988378486635,ok
TNFRSF13B||V174A,0.3538995838342762,ok
FFAR1||D175N,1.1284121768691564,ok
FFAR1||G180S,-0.1778909523297778,ok
UQCRQ||S45F,-0.7624549894312482,ok
XPO1||E571A,0.6589801507460968,ok
XPO1||E571K,0.7944971053311464,ok
XPO1||R553C,1.954515648267671,ok
SYN3||S470N,0.0079042147906821,ok
SEMA3E||S703L,-0.3886228450344881,ok
AGPAT2||A239V,-0.0359279332472989,ok
MUSK||V790M,1.8149851114309947,ok
SLC22A2||M165I,0.3287317487577096,ok
SLC22A2||T199I,0.2425419347217661,ok
SLC22A2||T201M,-0.0430904031859114,ok
TCAP||E132Q,0.6152640872643284,ok
TCAP||R18Q,0.4802614206762839,ok
TCAP||R70W,0.2125932897213972,ok
TCAP||R87Q,0.3540125611130273,ok
FANCG||G546R,-0.6916342748909354,ok
FANCG||T297I,-0.2874731492844051,ok
MID1||C266R,-1.203169155757153,ok
MID1||K370E,0.0846698040114535,ok
MID1||P151L,-0.6146979383974455,ok
TLR3||L412F,2.041550778804034,ok
FGF10||C106F,0.0165905277992994,ok
FGF10||G138E,8.090522907968007,ok
FGF10||I156R,2.1649679710456984,ok
FGF10||R80S,2.349061027374413,ok
CYP27B1||D164N,0.6827126152301601,ok
CYP27B1||E189G,2.5903951419343145,ok
CYP27B1||Q65H,0.384591118340456,ok
CYP27B1||R107H,0.2700866743843833,ok
PRODH||A167V,-0.1107583903151904,ok
PRODH||D426N,0.5531184039923439,ok
PRODH||L289M,0.9599650437267212,ok
PRODH||R521Q,0.8509330482613283,ok
PRODH||R453C,2.60270942653163,ok
SPINT2||Y163C,3.1497403258778305,ok
ARHGEF9||G55A,1.6910721584832666,ok
KCNQ2||A196V,-0.0158961082627751,ok
KCNQ2||S122L,0.961027520370783,ok
KCNQ2||Y284C,2.832179587420799,ok
SPRY2||D20A,0.4464200030354393,ok
SPRY2||K68N,0.2813817822306474,ok
DCX||S47R,-0.6807392859654765,ok
DCX||G253D,0.2098024012912897,ok
DCX||L43S,1.862077683237176,ok
DCX||R178C,1.0117668336995738,ok
HCRTR1||I408V,0.3136814918860375,ok
TIMM44||A424A,0.5654885591863786,ok
TIMM44||P308Q,-0.5336155812439697,ok
ACTN4||K255E,0.6259654551788149,ok
SYNGR1||K99E,-0.2008724975769815,ok
SPOP||E47A,0.2368975384601901,ok
SPOP||E50K,0.7197606418117247,ok
SPOP||F102C,4.414312597388371,ok
SPOP||F133S,3.7230072349545593,ok
SPOP||K101I,0.008164899412712,ok
SPOP||K134N,0.4001692371609255,ok
SPOP||W131C,4.777171419198136,ok
SPOP||W131G,6.075204450698256,ok
SCO2||C133Y,-0.0860970968013241,ok
SCO2||E140K,3.861723421378852,ok
SCO2||L151P,8.330970036367257,ok
SCO2||S225F,-0.6774183173632253,ok
IDH3B||L132P,9.37798657325124,ok
SLC28A2||E385K,0.6804760892688002,ok
SLC28A2||F355S,5.708933414764214,ok
TIMM8A||C66W,-1.5151182900199822,ok
GDF9||P103S,0.377434288754328,ok
GDF9||P374L,0.4703476901733261,ok
GDF9||T238A,0.5575246739782749,ok
GDF9||V216M,1.695017973654977,ok
CIDEA||V115F,0.0841545530065607,ok
PLOD3||N223S,0.7614931016506268,ok
TLR2||R753Q,1.1729638101090956,ok
TLR2||T411I,-0.1515011020159284,ok
JAK2||V617F,0.3815196584778452,ok
SRPX2||N327S,1.0382784921207355,ok
DPM1||S248P,6.293132781995356,ok
DPM1||R92G,2.879879347996531,ok
PQBP1||Y65C,4.382097362785662,ok
DKC1||F36V,0.5753963536072154,ok
DKC1||R158W,-0.2678193715393112,ok
SH2D1A||G93D,0.9107795932038788,ok
SH2D1A||P101L,-0.0492280994430371,ok
SH2D1A||R32T,1.3647897941670106,ok
KCNJ13||R162W,0.0829146367760896,ok
KERA||N131D,3.7049339191417854,ok
KERA||N247S,2.7180860876163484,ok
KERA||T215K,4.702664375684101,ok
MITF||V427A,0.5405515313214767,ok
MITF||E208G,0.3501892420892416,ok
NDUFS7||R145H,0.910294691731802,ok
NDUFS7||V122M,2.1763083676886694,ok
FKBP6||F72L,1.5132271220049136,ok
FKBP6||R202H,0.4414585237155805,ok
MPDU1||G73E,1.3079401878751298,ok
MPDU1||L119P,8.055937793020988,ok
MPDU1||L74S,2.780175872226201,ok
NR1I2||A370T,0.911113669755857,ok
NR1I2||Q158K,1.5338756130444609,ok
NR1I2||R122Q,0.8846692306387416,ok
NR1I2||R98C,2.311190652196229,ok
NDUFS3||P223L,-0.0780926335994613,ok
PRKRA||P222L,-0.5192767036224882,ok
RP2||C86Y,6.438660195172652,ok
RP2||L253R,5.371876188558038,ok
RP2||R118H,0.7224857172056062,ok
RP2||R282W,0.009262144628746,ok
RP2||T87I,-0.652226232404936,ok
RP2||R251G,2.020305517529296,ok
RP2||I201V,0.6939392055320487,ok
IDH1||E190K,0.0115743041082055,ok
IDH1||P33S,0.0367301518652068,ok
IDH1||R132H,0.8072293469249938,ok
SCO1||P174L,-0.310963289072565,ok
RGS9||W299R,4.236082703684795,ok
BEST1||L567F,0.3201116030030826,ok
BEST1||R218G,2.662091873248645,ok
BEST1||R92C,2.011886736502341,ok
BEST1||Y85H,2.4859060104917807,ok
SLCO2B1||S486F,0.0807058725063741,ok
TRIM37||C109S,-0.0415611930435455,ok
LRAT||S175R,2.47436124960948,ok
MBD4||E346K,0.4919266760774499,ok
EPM2A||G279S,2.554165114301358,ok
EPM2A||L310W,3.85343376011172,ok
EPM2A||Y294N,2.9950589223488016,ok
VAPB||P56S,-0.07007295728647,ok
VAPB||D162E,1.131098123401199,ok
VAPB||D130E,0.24677815248411,ok
WISP3||C114Y,6.5325518309270345,ok
WISP3||C145Y,4.649897555210806,ok
WISP3||C78R,0.6565658160076032,ok
WISP3||S334P,2.856407667517457,ok
ETHE1||Y38C,5.045749816677698,ok
ETHE1||L55P,5.73016937790199,ok
APBB3||T318T,0.417231604086849,ok
CER1||R19W,0.1437129578284457,ok
OLFM2||A226A,0.1523135059066888,ok
BMP15||Y235C,3.632484798640877,ok
BMP15||N196K,0.1270236751759818,ok
BMP15||R61Q,0.4059999775359685,ok
BMP15||R76C,1.727192873277139,ok
BCL10||A5S,0.1758492370794362,ok
BCL10||L8L,1.2172787974960078,ok
CYB5A||T60A,0.8804738596922898,ok
ADH1C||I350V,0.6708831593701106,ok
LDHA||K222E,0.549202660931295,ok
SOD1||G38R,1.834583045483336,ok
SOD1||G42S,1.6280487013429412,ok
SOD1||L127S,2.719984965521303,ok
OTC||F316S,5.465891173942113,ok
OTC||G197E,9.000164726045885,ok
OTC||R40H,0.788429174741044,ok
PNP||E89K,2.1329758963060184,ok
PNP||G156A,2.1862887363127337,ok
PNP||G51S,-0.6503580825719613,ok
PNP||H257D,1.0418370114409352,ok
EGFR||G719S,2.451911322463002,ok
EGFR||L858R,0.6402271018670153,ok
EGFR||T790M,-0.8033010932533385,ok
EGFR||A289V,-0.1554949439261377,ok
PGK1||C316R,3.944784223223966,ok
PGK1||D268N,0.026177182949838,ok
PGK1||R206P,3.3507359411655524,ok
F9||C170Y,1.4318914221036567,ok
F9||C407R,2.768128914742237,ok
F9||E27K,-0.0271606799268764,ok
F9||I210T,0.6153008276447214,ok
F10||E54G,1.0651359025136031,ok
F10||R182M,0.169670438129188,ok
F10||R366C,1.6903306457347482,ok
F10||V382A,2.518157699868181,ok
PLG||C784G,1.4011513546963477,ok
F12||C590S,0.7011102993030782,ok
F12||W505C,6.590859868546426,ok
REN||D104N,1.0262818746932862,ok
REN||R230K,0.6533435806027899,ok
REN||S135Y,2.975287564037393,ok
REN||V351I,0.1708408600659261,ok
CA1||R247H,0.8179454859710102,ok
ASS1||K310Q,0.3547053693691576,ok
ASS1||G14S,0.0640208285862248,ok
ASS1||V345G,4.935648845504105,ok
OAS1||R242Q,1.4922502317927904,ok
SPINK1||N34S,0.5783513486065314,ok
SPINK1||P55S,-0.021437659056499,ok
SPINK1||R65Q,0.9493204672913692,ok
SERPINC1||L158P,9.68245239860153,ok
SERPINC1||N437K,2.5705774876182184,ok
SERPINC1||P48H,-0.5382773222943305,ok
SERPINC1||R79C,1.9641226099220808,ok
SERPINA3||L266L,0.9763065716425634,ok
SERPINA3||L78P,7.0477816648181575,ok
SERPINA3||M414V,0.9470510166554884,ok
SERPINA3||P252A,-0.0578497490275375,ok
A2M||C972Y,3.104732330788297,ok
KNG1||M178T,0.6411592301738097,ok
NRAS||Y64D,2.808517867387136,ok
NRAS||Q61H,-0.111374338463262,ok
NRAS||Q61K,0.641309213560314,ok
NRAS||Q61L,-0.5576072476832572,ok
NRAS||Q61R,0.14941973879392,ok
HRAS||K117R,-0.04611999721151,ok
HRAS||A146V,2.460733937682277,ok
HRAS||E63K,0.4784235015508076,ok
HRAS||H27H,0.1496076441350446,ok
HRAS||A11D,1.507353057801859,ok
HRAS||A59T,2.199431728776753,ok
HRAS||G12A,-0.8249613123485516,ok
HRAS||G12C,0.0007860963144379,ok
HRAS||G12D,-0.2004906570847148,ok
HRAS||Q61K,0.5607067710906788,ok
HRAS||Q61L,-0.6308942360104214,ok
HRAS||Q61R,0.0614434254981099,ok
KRAS||A59G,1.8601992381746468,ok
KRAS||D33E,0.1668425866397188,ok
KRAS||E62K,0.5476551924126682,ok
KRAS||G12A,-0.3667145913952396,ok
KRAS||G12C,0.7097312997010321,ok
KRAS||G12D,0.8899939548968644,ok
KRAS||G12S,0.1514074937412612,ok
NGF||R221W,0.0221108879107839,ok
NPPA||V32M,0.2062109788820681,ok
PENK||G247D,-0.1978230704738798,ok
FSHB||C69G,3.864392710755047,ok
FSHB||C100R,2.513829736385368,ok
PTH||C18R,-0.8364347097349117,ok
INS||F48L,0.3719364456477025,ok
INS||G84R,-0.6470786510363158,ok
INS||G90C,0.9138373602138856,ok
INS||R55C,1.0101759868201816,ok
LTA||T60N,-0.0704395216780756,ok
LTA||H51P,2.2767809721224324,ok
TNF||S157R,1.6041049650545824,ok
IFNA17||I184R,0.9879528657132186,ok
IL1A||S113A,-0.2531476273726829,ok
IL1B||F105F,0.2192780561199037,ok
PIGR||A580V,-0.1695736106093592,ok
CRYAB||D140N,0.3894414854216516,ok
CRYAB||P20S,-0.1601153410578015,ok
CRYAB||R120G,2.64508290340037,ok
CRYAB||R56W,-0.3429852961568813,ok
KRT6A||T552S,0.3174568028209906,ok
KRT6A||A463P,8.148461910948186,ok
KRT6A||F174V,0.9086988102789604,ok
KRT6A||N171K,0.0822154342729519,ok
KRT6A||F249L,0.0235482494564381,ok
KRT6A||N21S,0.1103147571325913,ok
KRT6A||V523F,0.1017235082208595,ok
APOC3||T94A,0.516968256401642,ok
APOC3||D45N,-0.1392139190941344,ok
APOC3||Q58K,-0.2288314780497158,ok
FGA||E559V,0.4016343827137586,ok
FGA||S453N,-0.1869886218679251,ok
FGB||A365T,0.1259756814898061,ok
FGB||H97L,0.436201144821029,ok
FGB||L202Q,0.7472057368797005,ok
FGB||L383R,4.129787805285077,ok
FGG||A108G,0.7450013835788896,ok
FGG||C165Y,-0.7619843284277289,ok
FGG||D356V,0.5449881677611426,ok
FGG||G318V,8.895635305269774,ok
SLC4A1||G455E,6.250686460569535,ok
SLC4A1||R646W,0.7290182633211506,ok
C1QA||G92G,0.4444386862096217,ok
C1QB||G42D,-0.4275384127748,ok
C1QB||G244R,11.040933441420568,ok
C1QC||G34R,-0.1540722935770883,ok
APOH||C325G,0.3283349535715774,ok
APOH||W335S,1.7352192123940482,ok
APOH||N75S,2.033946514335017,ok
APOH||A160D,0.3011839824105455,ok
APOH||A119T,0.4385949414713802,ok
RBP4||G93D,0.048968222846033,ok
TTR||C10R,-0.7371270161104898,ok
TTR||I93V,1.2416499840130923,ok
TTR||R123S,2.180110709287043,ok
TTR||V50M,2.54636972416672,ok
GC||D432E,0.4157731168637163,ok
GC||T436K,-0.1356626079170581,ok
FTL||A96T,2.37934217746982,ok
FTL||H133P,7.818371288587746,ok
FTL||R40G,2.476098348621151,ok
FTL||T30I,-0.884470943302928,ok
FTH1||K54R,-0.001108607730807,ok
FTH1||A161T,1.673139292991393,ok
ANG||G86G,4.977938414531433,ok
ANG||P112L,-1.0146966966783877,ok
ANG||Q36L,-0.6029403518709414,ok
ANG||G110G,0.4281606714136693,ok
F11||F301L,1.892274103247058,ok
F11||L360P,4.496165684676841,ok
F11||Q47H,1.0227473347538432,ok
F11||V516M,1.3493078915445569,ok
KLKB1||A210E,1.6175823761010846,ok
KLKB1||C548Y,6.136847361140487,ok
KLKB1||G123R,6.745126347282256,ok
CAT||D54E,2.134173285022176,ok
CAT||E67D,0.707564144173258,ok
CAT||R354H,0.6788712504156177,ok
GBA||L224F,1.9726273493630613,ok
GBA||L483P,7.3345291013225085,ok
GBA||R296Q,1.5101346205306254,ok
GBA||V54L,1.9533479592245928,ok
FUCA1||G65D,2.8299782614157456,ok
FUCA1||L410R,6.109630763869665,ok
FUCA1||N334Y,4.167066681664571,ok
FUCA1||S68L,1.707970775354661,ok
PROC||G114R,1.0143395448460613,ok
PROC||H176N,0.4030545455460166,ok
PROC||Q332L,-0.7760530924453335,ok
ALDOA||C339Y,0.7733159092042504,ok
ALDOA||D129G,1.4690866740207231,ok
NR3C1||S651F,-0.846536445339357,ok
NR3C1||D401H,-0.195592472310031,ok
NR3C1||D641V,0.474773377698674,ok
NR3C1||F737L,1.928089244278704,ok
NR3C1||I747M,1.9846238512340173,ok
NR3C1||R23K,0.2637032574668069,ok
NR3C1||V571A,2.117206545639011,ok
NR3C1||V729I,0.9533598923707272,ok
SHBG||D356N,0.1198322799229789,ok
SHBG||P185L,-0.1944573760435808,ok
HLA-DPB1||K98E,1.6733583132645102,ok
ERBB2||T182I,-0.5040460804372615,ok
ERBB2||V842I,0.935614848347511,ok
ERBB2||R897Q,1.5569927904288778,ok
TP53||S215I,1.6274865605352542,ok
TP53||R337H,0.3379863403591809,ok
TP53||G245C,1.6077464252641176,ok
TP53||P152L,-0.4690997542086367,ok
TP53||V31I,-0.2048272343103407,ok
TP53||C176F,1.0597424178864836,ok
TP53||C275F,0.3986702719156804,ok
TP53||C275S,0.6151167522205814,ok
TP53||I195F,2.157068564511637,ok
CYP1A1||I462V,1.3515233519039382,ok
CYP1A1||T461N,0.3274803789078812,ok
CYBB||C244S,0.6217648907686659,ok
CYBB||P415H,1.23809951208053,ok
CYBB||R54G,2.04519729681088,ok
ARG1||T290S,0.4918775286273713,ok
APOD||F56V,0.6657710734334873,ok
APOD||T178K,-0.0791160568678422,ok
ITGB2||C590R,2.17334727576845,ok
ITGB2||S138P,2.778348860879752,ok
INHA||A182D,0.3329264603572357,ok
INHA||A257T,0.0171444009907245,ok
SERPING1||V56A,0.6732422519328937,ok
PCCA||A75P,5.898934921300826,ok
PCCA||L417W,3.9010892310935343,ok
PCCA||V360G,4.354420026284099,ok
PCCB||G112D,7.60229277982918,ok
PCCB||G131R,8.522475541550603,ok
PCCB||R165W,0.2500832832677363,ok
PCCB||Y439C,3.871391362339224,ok
CYP1A2||F186L,3.333530306516675,ok
CYP1A2||R377Q,2.7283547397649235,ok
CYP1A2||R456H,1.1005118279953876,ok
CYP2E1||R76H,1.477070853427538,ok
ICAM1||G241R,0.8492466696355757,ok
REG1A||E80K,2.822864372880146,ok
REG1A||P105T,0.1143111476352432,ok
REG1A||S131I,-0.1379700527813626,ok
SERPINA7||A133P,7.649865381811047,ok
SERPIND1||E447K,1.4561353741906469,ok
SERPIND1||P462L,-0.7452454686531462,ok
SERPIND1||R208H,0.1832653898051073,ok
TFAP2A||G262E,-0.2336887842439367,ok
TFAP2A||R254W,0.1766338768644371,ok
KRT18||G340R,-1.3270956287120057,ok
KRT18||H128L,-0.1728222924614236,ok
KRT18||Q285R,-0.461127543123821,ok
KRT18||T103A,-0.0201047811711618,ok
KRT8||K464N,0.6371856306134577,ok
KRT8||R341H,0.4141505606779538,ok
KRT8||V380I,-0.1591166524572529,ok
UROD||P62L,-0.1465247769091732,ok
UROD||S219F,-0.9975953199758796,ok
UROD||Y182C,1.7544904698457586,ok
INSR||A1161T,1.8272580160263805,ok
INSR||R1201Q,2.269470858261755,ok
INSR||W1227S,7.205463174084825,ok
BCHE||L358I,2.152088819806053,ok
BCHE||Q546L,-0.0731526720809233,ok
BCHE||Y156C,3.582310629068316,ok
RB1||F755I,3.350299583853089,ok
RB1||I782M,1.6112383450087688,ok
RB1||L550I,1.945348989188671,ok
RB1||R451H,1.3040570362388086,ok
RB1||V654L,1.239724541610877,ok
C2||C131Y,5.610230996825685,ok
C2||E318D,0.4542272514911222,ok
C2||G464R,6.768948401483717,ok
C2||S209F,-0.7529227330881927,ok
POLB||R137Q,1.2910718503210188,ok
TPM3||L100M,0.6591915338040918,ok
TPM3||M9R,0.0316588100219733,ok
TPM3||R168G,1.4510186106286016,ok
TPM3||R245G,1.3136771754806549,ok
HEXA||L484P,8.715330011327618,ok
HEXA||R178H,0.473910960937125,ok
HEXA||S4P,1.1854113922687528,ok
KLK1||R77H,1.4531783751928975,ok
EPHX1||H139R,0.3630155188203665,ok
EPHX1||R43T,0.5508895442925738,ok
EPHX1||Y113H,2.172912709426228,ok
FABP1||T94A,0.4307331644388357,ok
LDHB||R172H,1.066791509123666,ok
LDHB||W325R,2.977456625531625,ok
TPO||A53P,6.321370058970701,ok
TPO||S131P,5.373882677444286,ok
GPX1||P200L,,no_clean_pdb
CRYGC||R168W,0.1582207500646265,ok
CRYGC||T5P,4.015676389867142,ok
CRYGC||V86F,0.042102879512188,ok
CRYGC||S106N,0.0999537925644844,ok
CRYGC||R91W,0.8657671770024635,ok
CRYGC||R48H,0.2746868581856171,ok
CRYGD||E107A,0.7537638772552302,ok
CRYGD||G61C,2.190006942531577,ok
CRYGD||P24T,0.116051154268425,ok
CRYGD||R15C,1.3356553853793824,ok
CRYGD||V126M,2.920215094113876,ok
CRYGD||R15H,0.45208539052561,ok
PRSS2||D153H,0.1523907737985758,ok
PRSS2||G191R,3.416391492713688,ok
CHRNG||R86C,1.8864824199353385,ok
CHRNG||V107G,5.003752729783364,ok
ADRB2||A119D,4.274440845233403,ok
BPGM||R62Q,0.7269947301796237,ok
BPGM||R90C,2.302363764980228,ok
CD3E||E189Q,0.3711048015718471,ok
GALT||G175D,0.6271093606371005,ok
GALT||H319Q,2.065356823227489,ok
GALT||R272H,1.115780469884255,ok
GALT||Y34N,2.1595499222178662,ok
RET||M918T,1.950608124686204,ok
TPM2||E117K,0.1935483980175933,ok
TPM2||Q147P,7.281364803306847,ok
TPM2||R91G,1.3823429257193545,ok
ERCC1||F231L,0.3676311871872434,ok
GUSB||L243P,4.75236239022938,ok
GUSB||P148S,0.7415241201857555,ok
GUSB||R382C,3.0465030965283137,ok
GUSB||Y626H,2.5452209535445207,ok
ELANE||A61V,0.6166422441289651,ok
ELANE||C151S,1.39575795373085,ok
ELANE||G210V,1.797861986731241,ok
MMP2||R101H,1.1151785263027236,ok
CTSG||N125S,0.3390005307554361,ok
HMBS||D61N,1.078494265907441,ok
HMBS||D99G,2.163161711583835,ok
HMBS||E209K,0.7462137706876193,ok
HMBS||G274R,0.2622968831485534,ok
PDHA1||L216F,2.2233631453266067,ok
PDHA1||R127W,0.241978898042422,ok
PDHA1||R378H,0.3509466875933315,ok
PDHA1||R88C,1.37239767811905,ok
CFH||A307A,0.663205042289608,ok
CFH||Q400K,-0.2813679499766236,ok
CFH||R127L,1.0620871214402,ok
FCGR3A||L102H,3.613053927152481,ok
FCGR3A||L102R,5.16820964034686,ok
CYP3A4||I118V,0.8158716888214254,ok
CYP3A4||L373F,1.4385444032062846,ok
CYP3A4||P467S,0.770286072994017,ok
CYP3A4||R130Q,1.2653378831494613,ok
STS||R454C,1.6627635851510851,ok
STS||S341L,0.8901422373166806,ok
STS||W372R,4.274404615170713,ok
GSTA2||P110S,1.1645991881141042,ok
MMP10||G65R,-1.1182683999980465,ok
FBP1||G260R,6.4282804564205,ok
TPM1||D175N,-0.0497200027058075,ok
TPM1||E40K,0.1170946719804694,ok
TPM1||M281T,0.4300476854802332,ok
TPM1||V95A,0.5481125297001679,ok
WNT2||V334M,0.9637547492291728,ok
DLD||E375K,0.9819758476193332,ok
DLD||G229C,3.925285503396324,ok
DLD||I393T,3.5974443381706256,ok
DLD||K72E,0.6773531502654895,ok
ALOX5||E254K,0.1852274096090189,ok
UCHL1||I93M,1.633287890756107,ok
UCHL1||S18Y,-0.5100671515701038,ok
ADORA3||I248L,-0.0433703695903464,ok
PPIAL4G||N35H,4.344253375575431,ok
HIST1H1E||A60D,-0.2319856470443854,ok
SPP1||D94D,0.2765788756015663,ok
PRKAR1A||A213D,1.4883882624656013,ok
PRKAR1A||G289W,2.7081389206805726,ok
PRKAR1A||R74C,0.9689982405712908,ok
PRKAR1A||S147G,0.5383299857432408,ok
CHGA||G382S,0.6532831244445236,ok
CHGA||P388L,-0.439453837350095,ok
TFPI||P179L,-0.8664381900827473,ok
UROS||A69T,3.0722553955751466,ok
UROS||G188R,1.243489999823813,ok
UROS||L237P,6.925371719378603,ok
UROS||P53L,0.0116154554394837,ok
THRB||A268G,2.7271050062118,ok
THRB||C446R,3.058835480015319,ok
THRB||L330S,3.674647861196064,ok
THRB||M442V,2.603362321198397,ok
THRB||N343K,0.983138444775925,ok
THRB||P453L,-0.7968587717188463,ok
THRB||Q374K,4.002557257514725,ok
THRB||S314C,0.045146333194278,ok
CLU||Q381P,1.4974332947059326,ok
MYL2||K104E,0.7869388906045083,ok
MYL2||A13T,-0.1212000875770186,ok
MYL2||G162R,1.4602890875981056,ok
MYL2||R58Q,1.0592389262897408,ok
PNMT||N9S,0.3200853285062816,ok
LIPC||N215S,0.6538450840037854,ok
LIPC||T405M,0.171888697601118,ok
EGR2||E412K,1.3388117617463289,ok
EGR2||I268N,1.2261998223647337,ok
SLC2A1||P485L,-0.8802006620880948,ok
SLC2A1||R212H,0.1821850166111183,ok
SLC2A1||S66F,-1.0307821194903604,ok
SLC2A1||V433I,0.5000230645231643,ok
SLC2A1||P479T,0.0846591087487463,ok
SLC2A1||F104L,1.0343211687056602,ok
SLC2A2||G318R,8.141344799672895,ok
SLC2A2||V197I,0.9285676305503904,ok
SLC2A2||W444R,5.8063991153920025,ok
SLC2A3||F88S,3.1583516822023263,ok
SLC2A3||G109V,-0.576894588126628,ok
SLC2A3||K49N,0.3080719396194403,ok
UMPS||G429R,0.9006305779687331,ok
PDHB||C306R,-0.5190481625829169,ok
PDHB||I142M,2.595731122024376,ok
PDHB||R36C,1.6044456488282204,ok
PDHB||Y132C,1.763098506969915,ok
MBL2||R52C,0.994198968058071,ok
CHRNB1||L262M,0.7375801394830861,ok
CHRNB1||V266M,2.422728295946326,ok
ACADM||A27V,-0.4039461555324269,ok
ACADM||K329E,0.7350890500164248,ok
ACADM||M274V,0.4293411901575655,ok
ACADM||R206C,1.8256583274766465,ok
FGFR1||R622G,2.90396332086106,ok
FGFR1||V607M,3.0129725330059856,ok
FGFR1||W666R,4.646969132572942,ok
PSG2||H245Y,-0.2840123811389849,ok
PSG2||S265C,0.3336496900227986,ok
GNAT1||G38D,-0.3336639897030186,ok
GNAT1||Q200E,0.3191007216565306,ok
PC||A610T,0.7704208453010433,ok
CYP2A6||G479V,6.654816280359592,ok
CYP2A6||L160H,2.790663084341438,ok
CYP2A6||V110L,1.0459858577996008,ok
CYP2A6||V365M,0.8180944322690115,ok
CYP19A1||M127R,2.9325085421809707,ok
CYP19A1||R435C,1.6464058505109087,ok
CYP19A1||V370M,0.5290608820825751,ok
CYP19A1||W39R,1.261705763510847,ok
DMD||A3421V,,no_clean_pdb
DMD||C3207R,,no_clean_pdb
DMD||D3187G,,no_clean_pdb
DMD||D3335H,,no_clean_pdb
CETP||D459G,1.630400433150372,ok
CETP||L168P,4.773399171271507,ok
CETP||L313Q,3.453948188730516,ok
CETP||S349Y,-0.7409282165893877,ok
SFTPC||C189G,1.9622821352135755,ok
SFTPC||H64P,3.255332878561282,ok
SFTPC||P30L,-0.4629930827187728,ok
SFTPC||Y104H,2.204572029910068,ok
CYP2C9||I359L,0.9091495692712156,ok
CYP2C9||V490F,0.5299908737547709,ok
CDK4||A23S,1.706889849446387,ok
IMPDH2||L263F,2.683238663216355,ok
RLBP1||G146D,5.653538404622816,ok
RLBP1||I200T,2.6321660878822586,ok
RLBP1||M226K,4.743065163854632,ok
RLBP1||R151Q,2.290060544229428,ok
GZMA||G210E,3.374345395555165,ok
GZMA||H38N,1.8418740916301013,ok
BMP4||S91C,0.5991038259763204,ok
BMP4||G168A,2.000151137708752,ok
BMP4||S367T,0.0378252961779723,ok
BMP4||T225A,0.9020118953636566,ok
PEPD||D276N,0.371277586410767,ok
PEPD||G448R,9.30348464697019,ok
PEPD||R184Q,1.5769319907800123,ok
PEPD||S202F,3.4155236308297168,ok
TDGF1||P125L,-0.4941396108908563,ok
TDGF1||V110L,-0.0680459021847168,ok
KRT13||L115P,6.946575912624944,ok
ETFA||F144S,5.173897761373599,ok
ETFA||L212P,6.493623315220489,ok
ETFA||T266M,0.0577128126440501,ok
GFAP||E207Q,0.3743320155717661,ok
GFAP||E374G,1.2119999275562967,ok
GFAP||P47L,-0.7997068551200276,ok
GFAP||R258P,7.579988065006322,ok
GFAP||D295N,-0.045321095273243,ok
EDN3||A17T,-0.1968655251382473,ok
EDN3||A224T,-0.0386796656520699,ok
EDN3||C159F,-0.9663933854829376,ok
EDN3||E48D,0.0071510324211987,ok
DRD2||P310S,-0.0953533864351635,ok
DRD2||P319P,1.5917331206826846,ok
DRD2||S311C,0.7501472842394515,ok
DRD2||V154I,-0.1639826206802569,ok
NCF1||G262S,3.70317969937194,ok
COX6B1||R20H,0.5225002726818186,ok
BRAF||K601E,0.6615692397154749,ok
BRAF||A749V,-0.1326161310379275,ok
BRAF||D594V,0.7929548683914858,ok
BRAF||E586K,0.2116915532021651,ok
BRAF||G464V,3.1029732350654498,ok
BRAF||G466A,1.3776423849698929,ok
BRAF||G466E,1.75542528742657,ok
BRAF||G466V,2.378299105293818,ok
BRAF||G469A,2.544865464998652,ok
BRAF||G469E,8.603980558787555,ok
BRAF||G596R,0.8218665241072831,ok
BRAF||V600E,2.0740219330132823,ok
GLUL||R324C,2.124873311108219,ok
GLUL||R341C,2.4592616500266904,ok
RAC2||D57N,1.0128951467936478,ok
CPN1||G178D,2.400019979462805,ok
IL9||T117M,-0.327849191888383,ok
PGAM2||R90W,1.842255488336966,ok
PGAM2||E89A,0.8859485842819811,ok
KCNE1||D76N,0.2568801829245465,ok
KCNE1||W87R,0.8175656653775643,ok
HPGD||A140P,5.032708745712317,ok
HPGD||S193P,4.339609061572134,ok
NME1||S120G,0.6703485960914213,ok
PHKG2||D215N,2.2609724042704684,ok
PHKG2||G189E,5.9178038065563765,ok
PHKG2||H145Y,-0.0065526216342887,ok
PHKG2||L226R,5.010162404823546,ok
PHKG2||V106E,4.301693626919575,ok
TCF4||G358V,1.0173112924552352,ok
TCF4||R578H,0.5422175703143517,ok
TCF4||R578P,7.919261881279281,ok
GATA1||D218G,2.936031338529164,ok
GATA1||V205M,0.5924640079906692,ok
CD44||T163K,0.074673753089442,ok
CD44||R46P,1.8832708549277144,ok
H2AFX||K134N,0.0327006541450686,ok
ACADS||G274S,4.3997837811271685,ok
ACADS||R46W,-0.0112107307543835,ok
ACADS||W177R,5.823567013626918,ok
PDGFRA||D842V,1.2332453473391942,ok
PDGFRA||T674M,-0.0603337266309966,ok
CTLA4||I53M,1.1446282020708634,ok
EPB42||A112T,1.425118713815411,ok
EPB42||R280Q,2.730106431947189,ok
EPB42||R287C,2.2907421085739124,ok
TSHR||A204V,-0.2650486090498666,ok
TSHR||G132R,9.119106147979585,ok
TSHR||K183R,-0.5648455822914428,ok
TSHR||P27T,-0.0601635743826639,ok
TSHR||R109Q,1.2959202573606976,ok
CRISP2||C196R,0.7919400519943905,ok
IL7R||C74Y,-0.9330198856873724,ok
IL7R||L55Q,2.868363134964883,ok
IL7R||P132S,1.2059611836084134,ok
IL7R||V138I,-0.3254625890159013,ok
IL7R||T414M,-0.0667889034879276,ok
IL7R||T244I,-0.1698888949096466,ok
IL7R||I66T,1.8887083031053544,ok
IFNAR1||V168L,0.360330967124724,ok
GJA1||E352G,1.0021688192406246,ok
GJA1||I130T,2.2141414675875204,ok
SMPD1||D51V,-0.0545815436696128,ok
SMPD1||G244R,2.1701299966977627,ok
SMPD1||P332R,0.0547642858004432,ok
AKR1C4||L311V,2.0554572493876457,ok
TAT||L273P,8.190330170886702,ok
TAT||P220S,0.775759610950755,ok
TAT||R119W,3.958624950755621,ok
TAT||R433W,1.0927922529864058,ok
BMP7||R303C,0.8556513188403783,ok
NAT1||V149I,-0.0974393664170225,ok
GABRG2||K328M,0.309629688463624,ok
GABRG2||R177G,2.054880116422096,ok
ATF6||A145P,1.817917940348304,ok
ATF6||P157S,-0.3210068869629651,ok
VCAM1||G413A,0.2851856535603936,ok
HK1||L529S,4.6726562846365285,ok
HK1||T680S,0.3895254464493869,ok
ERCC3||K449R,0.158504424321163,ok
FUT1||G90V,2.4510174581327915,ok
FUT1||L164H,1.805165900363629,ok
NCF2||G78E,7.446383784365646,ok
NCF2||N419I,1.852069986019496,ok
NCF2||R395W,0.3371540895171193,ok
NCF2||R77Q,1.4976567612229847,ok
TNFRSF1B||M196R,-0.0997911326252642,ok
CAPN3||A798E,1.1603943063426785,ok
CAPN3||T706K,0.3286278058797243,ok
CAPN3||D778N,0.3670646541544803,ok
CYP3A5||A337T,0.4311444859211527,ok
CYP3A5||F446S,4.394580808675212,ok
CYP3A5||D336N,1.1196317771929334,ok
CYP3A5||G177R,5.02190143909605,ok
AGA||G302R,10.51715422329876,ok
AGA||G60D,6.583104428678002,ok
FUT3||I356K,7.010631193649182,ok
FUT3||L20R,0.3105988402639992,ok
FUT3||S124A,0.1519898191645935,ok
FPR1||C126W,-1.4271532354701744,ok
FPR1||F110S,5.576990961056995,ok
FPR1||I11T,0.7665376059050766,ok
FPR1||V101L,1.7281408545944703,ok
TNFAIP3||F127C,3.772161732341506,ok
DRD1||A229T,0.393078042434305,ok
DRD1||S199A,-0.4740432689733326,ok
DRD1||T37P,8.049808495940734,ok
DRD1||T37R,5.813202915701237,ok
MSR1||D174Y,0.0983095544132461,ok
MSR1||K430R,-0.0855851585509087,ok
MSR1||P36A,-0.209398344310579,ok
MSR1||S41Y,0.0494189331723293,ok
FGFR2||A648T,1.2653294992352635,ok
FGFR2||E565G,3.016475379486873,ok
FGFR2||K641R,0.3989497071225467,ok
FGFR2||N549H,2.19704747357077,ok
FGFR2||Q289P,5.026613326812222,ok
FGFR2||S267F,-0.938457794883476,ok
FGFR2||Y328C,2.399138502886231,ok
SDHB||C186Y,2.7782324031428405,ok
SDHB||G53R,1.2878515125081027,ok
SDHB||L87S,4.277910640153859,ok
SDHB||R230L,-0.2804458165954981,ok
BCKDHB||H206R,0.0721245112579643,ok
COMT||A72S,1.728823466443038,ok
COMT||V158M,1.1445305110999182,ok
IL10||G15R,-0.3998491056116193,ok
ALAS2||I289T,1.7488729527095914,ok
ALAS2||I476N,3.5795799646203954,ok
ALAS2||R448Q,0.7899050442084793,ok
CA4||R14W,-0.2258727360931833,ok
CA4||R219S,2.098482139976676,ok
CA4||R69H,0.4917501985949823,ok
FECH||E178K,1.20151999506657,ok
FECH||G55C,0.5237998205485142,ok
FECH||S264L,0.7341553924003075,ok
FECH||V362G,4.146563527142762,ok
PROZ||E70K,0.4163553669636977,ok
PROZ||E70Q,0.4543161107455906,ok
PROZ||L264P,8.010873332679003,ok
CRYGS||G18V,4.261908270202799,ok
CRYGS||S39C,0.3127626064967065,ok
KEL||L597P,0.916692367923704,ok
KEL||R130W,1.919200845411724,ok
KEL||R406Q,1.114947219540679,ok
KEL||T193M,0.213982234898144,ok
MYF6||A112S,0.6863340824149838,ok
MYF6||A90D,-0.1193904935024581,ok
AHCY||Y143C,3.6651986009413937,ok
AHCY||A89V,2.2067670619528106,ok
AHCY||D86G,2.445196302761432,ok
AHCY||R49C,2.873848767551677,ok
AHCY||R38W,-0.2231796467892416,ok
AHCY||R335C,1.5085983653030737,ok
AHCY||G123R,2.081788140594187,ok
AHCY||C421R,-0.2946469647850996,ok
BDNF||T2I,0.1555204079455924,ok
GATA3||R330K,0.5133722538312421,ok
GATA3||S118F,-0.0350928165645786,ok
GATA3||S140F,-0.1494678660421039,ok
FSHR||N191I,-0.462213337089899,ok
FSHR||A419T,2.564111831883583,ok
FSHR||D567N,0.4704930556611797,ok
FSHR||T449I,-0.1799493796541434,ok
FSHR||V221G,2.2099390468256908,ok
FCAR||D113N,0.4542591645552296,ok
FCAR||R108R,0.0209364981144016,ok
EDNRB||M132I,0.8203108102228152,ok
EDNRB||R434C,1.2423497148476177,ok
EDNRB||V111E,2.837460805603975,ok
EDNRB||W276C,4.73485058950046,ok
EDNRB||F292L,1.7905198763790586,ok
IGFBP5||R138W,-0.3272205889360169,ok
HRH2||N217D,0.0137655780146256,ok
PTAFR||A224D,0.5078004778071254,ok
FAS||E256G,1.5412948547237248,ok
FAS||H111P,3.019235407830523,ok
FAS||T74T,0.269433744952095,ok
UCP1||A64T,0.725907800938472,ok
UCP1||K257N,0.2140044644605554,ok
UCP1||M229L,-0.0525703318306586,ok
CD40||P227A,0.26336240853507,ok
NFKBIA||P137S,1.0985245662446042,ok
KLRC2||G174R,7.928646200932987,ok
MST1||R689C,0.9990091053317226,ok
GIF||I220T,3.0444319618594773,ok
GIF||S46L,-0.3644827063910488,ok
APEX1||E126D,0.4849280483185958,ok
APEX1||G306A,1.545807025147634,ok
APEX1||Q51H,-0.2340739530736613,ok
DCK||A119G,1.914187002184676,ok
DCK||I24V,0.6430693756887562,ok
DCK||P122S,0.8163028917448306,ok
CFP||R346C,1.480220045835824,ok
CFP||R100W,2.155689837746168,ok
CFP||W321S,6.745406257004585,ok
CFP||V53M,0.8576748512003093,ok
CFP||R79Q,0.616987101692249,ok
CFP||G250S,1.5178512917850873,ok
CFP||D299N,0.3380453490292046,ok
PIK3R1||M326I,-0.2879962876005415,ok
PIK3R1||R409Q,1.1913959943257586,ok
AOAH||D28N,0.3641686554984213,ok
PSMB9||V32I,1.12419537406792,ok
HTR1B||F124C,1.811365975482997,ok
PEX2||E55K,0.7015241329953944,ok
GRN||P248L,-0.9792682782299134,ok
CD38||R140W,-0.0652324504686241,ok
PCSK1||G483R,-0.4577555453804383,ok
PCSK1||N221D,0.8557199028656428,ok
PCSK1||S307L,0.2536164996340873,ok
TACR3||G93D,-0.3053680508936812,ok
MPG||R60C,0.9393055354770404,ok
AQP1||N192K,4.152889969813633,ok
AQP1||P38L,-0.4400163373760707,ok
AQP1||Q47R,0.1371098731105291,ok
AQP1||V107I,-0.1681488601228387,ok
AQP1||V107G,1.925050954090548,ok
AQP1||G165D,-0.4679030253482708,ok
ALDH4A1||S352L,-0.5404407852770404,ok
PPP2R1A||R258H,0.6163647102929104,ok
PPP2R1A||S143F,-0.2479652667168796,ok
AVPR2||N55D,3.7410676527703246,ok
GRPR||C6S,-0.2497785438109323,ok
GSTT1||D43N,0.4969271294834387,ok
GSTT1||T104P,2.2674712426384085,ok
GSTT1||T65M,0.1072361075476552,ok
GNRHR||Q106R,0.4555653340966475,ok
GNRHR||Q11K,-0.1517914077055859,ok
GNRHR||S217R,-1.207205249527873,ok
GNRHR||Y284C,2.761431538653795,ok
SDHA||A524V,0.4236733292209094,ok
SDHA||A83V,0.8969992624008988,ok
SDHA||R451C,1.7271091441270428,ok
GDI1||L92P,6.8883872242512805,ok
GDI1||R423P,6.5096906361428415,ok
FMO3||D132H,0.000668216808633,ok
FMO3||G503R,-0.1798783572479778,ok
FMO3||L360P,4.753495649415993,ok
FMO3||P153L,-0.470186345944607,ok
FMO3||G180V,0.2356395226548963,ok
FMO3||V277A,1.1916967960881548,ok
SLC5A2||K311R,1.2981161678940758,ok
SLC5A2||R368W,1.904230368530858,ok
SLC5A2||T51P,2.2275555089209536,ok
SLC5A2||V116M,3.36089677175675,ok
AKT1||E242E,0.5488924509140577,ok
AKT1||D44N,0.1284078397196536,ok
AKT1||E17K,0.4286096375730225,ok
AKT1||E267G,1.236062714110682,ok
AKT1||L52R,2.325871844547463,ok
AKT1||Q79K,0.0742994414715969,ok
AKT1||R370C,1.0794293498808565,ok
AKT1||V201I,0.3900848941836887,ok
AKT2||R274H,2.329711149664319,ok
IL2RG||R285Q,0.3961125626717077,ok
IL2RG||S108P,4.4206124635128825,ok
IL2RG||W237R,6.032465216485498,ok
FCGR2B||I232T,0.8258673860871232,ok
GK||C262R,4.846985138556373,ok
GK||D446V,1.1889747265880872,ok
GK||T284M,0.1275788767523561,ok
CCKBR||E288K,-0.0307619202412823,ok
CCKBR||V125I,0.0210233263303616,ok
OTX2||N225S,0.1381992842548435,ok
OTX2||P133T,0.5281181028320067,ok
OTX2||P134A,0.1012909532864819,ok
OTX2||R89G,2.9693775818631534,ok
CHRNA3||Y215Y,-0.0699750487448275,ok
CDA||A70T,1.9368271255777816,ok
ELF1||P32S,-0.2322437926273984,ok
HPD||A268V,1.4357663757248678,ok
HPD||Y160C,3.760105457205445,ok
CD70||D165Y,0.5050037350228287,ok
GALNS||N204K,0.6204743761198295,ok
GALNS||G116S,1.9460504229486373,ok
GALNS||S295F,-1.1132599741375453,ok
SHMT1||S394N,-0.0439383869819731,ok
EPHX2||K55R,0.589972810402812,ok
EPHX2||C154Y,-0.169876287456912,ok
EPHX2||E470G,1.5056456123254576,ok
EPHX2||R287Q,1.1514216497809482,ok
MPI||S102L,1.7965915227397122,ok
MPI||M51T,2.7222380126449286,ok
MPI||R418H,0.9646728503927304,ok
BTC||C7G,-0.2016432831924308,ok
BTC||P70S,0.1401831089938288,ok
CTNNB1||G34R,-0.0302411577190975,ok
CTNNB1||H36Y,0.6060751746826367,ok
CTNNB1||I35S,1.088367030386495,ok
CTNNB1||R535Q,1.965790539165282,ok
CTNNB1||T257I,-0.2871149375447301,ok
BMI1||C18Y,2.745270845305886,ok
NF2||L535P,6.968302434324595,ok
NF2||N220Y,-0.4453070933289099,ok
NF2||R418C,0.9052020398794396,ok
SFTPD||T180A,0.1799982469703392,ok
OPRM1||R265H,0.471516408501208,ok
MSX2||S63C,0.9641583935637325,ok
G6PC||G222R,-1.0961972139671132,ok
G6PC||P113L,0.6552439371095816,ok
G6PC||R83C,2.432014596954374,ok
G6PC||V338F,4.880333660886641,ok
TIMP3||G190C,1.3499757462137665,ok
TIMP3||S170C,0.4214242840515914,ok
TIMP3||S204C,0.6888000746265271,ok
TIMP3||Y191C,1.847166734252676,ok
KRT2||I477N,1.0056205692437743,ok
KRT2||N186K,0.08276700618977,ok
KRT2||Q181P,6.581144771548398,ok
KRT2||G219D,-0.2678114814571186,ok
HMGCL||R165Q,1.6912255568876031,ok
HMGCL||S142F,-0.0454823449109204,ok
HMGCL||V70L,0.6106572080509443,ok
FLT4||H1035R,3.0844317451219427,ok
FLT4||L1044P,4.799344853256375,ok
FLT4||P1114L,1.2447032519050432,ok
FLT3||D835Y,1.080207198072683,ok
ACVR1B||D335N,1.0812944882224207,ok
ACVR1B||E412D,1.7388803110339628,ok
ACVRL1||C344P,7.342901141991379,ok
ACVRL1||D330N,1.128027677975879,ok
ACVRL1||E206G,1.1981437441756004,ok
ACVRL1||E215K,1.014608368662432,ok
ACVRL1||E224K,-0.0610361488933414,ok
ACVRL1||G48E,7.439985837787299,ok
ACVRL1||K487T,0.4991743462983905,ok
ACVRL1||L337P,4.462655068959739,ok
ACVRL1||M376R,2.303278065110072,ok
ACVRL1||P449L,0.223609696887545,ok
ACVRL1||R374W,1.6124452758857122,ok
ACVRL1||R484Q,0.350748273365904,ok
ACVRL1||V380G,3.168219767283611,ok
ACVRL1||P30S,-0.0043493499383279,ok
HSD17B3||A56T,2.4973516867417334,ok
HSD17B3||G289S,-0.4117506353438638,ok
HSD17B3||Q176P,2.8338752920635413,ok
HSD17B3||R80Q,0.5884523504316266,ok
TGFBR2||A329T,-0.0745468831087164,ok
TGFBR2||L308P,6.229428929262572,ok
TGFBR2||R254H,0.2828548277369719,ok
PPARG||D424N,0.7703603246010016,ok
PPARG||P113Q,0.270641508604183,ok
PPARG||V318M,1.545936604593056,ok
TALDO1||R192C,0.9891548708079886,ok
TALDO1||R192H,0.2562772594709522,ok
SNCA||A30P,6.281576524395369,ok
SNCA||A53T,0.2113114562929546,ok
GGCX||L394R,3.858437747221036,ok
GGCX||W157R,5.315632282406571,ok
GGCX||V460I,-0.0714805845304422,ok
GGCX||S13I,-0.0758749926334806,ok
GGCX||R325Q,0.1216608065437652,ok
GGCX||D31N,0.4004740752699331,ok
LIPA||G342W,6.854388087998903,ok
LIPA||Q85R,2.088115009976776,ok
RPS19||G127E,7.105604019543323,ok
RPS19||R101H,0.0988489128925268,ok
RPS19||R62W,-0.3792007544380521,ok
RPS19||V15F,0.5518441832170401,ok
GDNF||T154S,0.2951754965497782,ok
GDNF||D150N,0.2956860068864525,ok
GDNF||P21S,-0.2091372580550121,ok
CD96||T280M,0.1146752850358717,ok
CD79B||G137S,2.781227231881945,ok
VHL||S38P,2.2548639898291603,ok
VHL||L198R,3.2728150349257,ok
VHL||S65W,2.682612538427067,ok
MLH1||A586D,3.8263925722154415,ok
MLH1||G244D,8.005327441709067,ok
MLH1||R472I,0.1906726435925271,ok
MLH1||S44F,5.110201280104413,ok
STAT3||N472D,0.5082908662650054,ok
STAT3||R382L,-0.1680708553557219,ok
STAT3||R382W,-0.511446314902716,ok
HADHA||E510Q,1.217599455288005,ok
HADHA||R676C,2.3011871696450945,ok
HADHA||V282D,1.8134888541089813,ok
LEP||R105W,1.6938713801808531,ok
LEP||S141C,0.4389031214760897,ok
LEP||V110M,0.3299084462857199,ok
AQP2||G64R,0.8381646062519401,ok
AQP2||R187H,1.0305104120460784,ok
AQP2||T126M,0.453133492418904,ok
RGS2||Q2L,-0.6493752015236542,ok
RGS2||Q2R,-0.3366555865919723,ok
RGS2||R44H,0.3100404168335563,ok
HNF4A||C102W,-0.7617854074907121,ok
HNF4A||D215Y,4.917993076980722,ok
HNF4A||E285D,3.595963731891867,ok
HNF4A||M373R,2.4696302141075868,ok
HNF4A||R333H,0.9197613912364184,ok
HNF4A||V264M,1.664069937100714,ok
TMPO||D185H,-0.0600067938014936,ok
STAT1||E320Q,1.428676145212486,ok
STAT1||L600P,7.785230775444225,ok
STAT1||L706S,1.1709062720839836,ok
STAT1||Q463H,0.0615801466866661,ok
AKR1C3||H5Q,1.5453249729273928,ok
PIK3CA||D1045V,-0.1335814430152954,ok
PIK3CA||H1047Y,-0.1237433450085467,ok
HAL||R322P,7.309737599914658,ok
IL12RB1||C186S,1.2982619161643385,ok
IL12RB1||C198R,3.020129044316987,ok
IL12RB1||L77P,8.14902494501211,ok
IL12RB1||R173P,6.025967874308923,ok
IL12RB1||R156H,0.6031191983223766,ok
GDF5||C400Y,1.6965470874548032,ok
GDF5||M173V,1.27480020030684,ok
PAFAH1B1||C356R,5.795161395795724,ok
PAFAH1B1||D155H,1.159781375496241,ok
PAFAH1B1||F31S,3.9143389500546655,ok
PAFAH1B1||H149R,2.7925882268338977,ok
PAFAH1B1||H277P,4.8983208949462345,ok
PAFAH1B1||R241P,3.87261117415558,ok
PAFAH1B1||S167P,3.943432403144939,ok
PAFAH1B1||S399R,4.104097395015899,ok
PAFAH1B1||V383F,3.944350996042493,ok
CTSK||G146R,0.8416602830011094,ok
CTSK||G79R,3.993056693102084,ok
CTSK||I249T,2.71299565216109,ok
KIR3DL2||R96Q,1.5374246991746616,ok
CHRNA4||L290V,0.4396903557105774,ok
CHRNA4||S280F,-0.6030107689000175,ok
CHRNA4||S284L,-1.3411949404203816,ok
CHRNA4||T261I,0.0150427987066847,ok
TSFM||R312W,-0.6903619268589112,ok
TSFM||W91G,4.148419252196037,ok
TSFM||V252I,0.1702920040127409,ok
TSFM||S2L,-0.3425544838973415,ok
TSFM||L266I,0.2364291591323641,ok
ASPA||E285A,1.5126211647012011,ok
ASPA||I143F,3.384031214616923,ok
ASPA||M195R,4.675485223965159,ok
MMP13||F75S,5.183469954592188,ok
ACADSB||E387K,0.5939857977364155,ok
ACADSB||T148I,-0.107110654117446,ok
ACADSB||Y283C,2.3273824749132945,ok
SLC15A1||P586L,-0.6977124843585064,ok
HTR3A||A33T,0.534748222625441,ok
HTR3A||M257I,0.0278283390051869,ok
HTR3A||P391R,-0.2177661053948149,ok
HTR3A||R344H,0.7112581031797129,ok
CDKN1B||E172K,0.1809515821267215,ok
CDKN1B||I119T,0.7584923682205632,ok
CDKN1B||P95S,-0.1292900590193885,ok
CDKN1B||C29F,-0.7669704135572875,ok
RGR||A234T,1.8465382609268608,ok
RGR||H152N,0.6550371989322353,ok
RGR||V132L,0.3940726068221595,ok
FASLG||R156G,0.844909498801949,ok
MTNR1A||A157V,0.1598842772320258,ok
KCNJ1||A214V,1.3062559460407288,ok
KCNJ1||I142T,2.029113001421697,ok
KCNJ1||K45E,0.7194368421442976,ok
KCNJ1||R311Q,1.3602451376715858,ok
RFX5||R149Q,0.5151626166605779,ok
PIP4K2A||N251S,0.7913164617092868,ok
RXRG||G14S,1.4827497176447553,ok
GCLC||H370L,0.8955423258776559,ok
GCLC||P158L,-0.2975483550658658,ok
GCLC||P414L,1.1129199165276782,ok
GCLC||R127C,2.1327262424067093,ok
CD151||R171C,1.1442101502233295,ok
CD151||R178H,3.2580323221669683,ok
SERPINB4||T347N,-0.1556337236676586,ok
SERPINB4||A137E,0.521302897582104,ok
SERPINB4||E110K,2.015753416419203,ok
SERPINB4||E250K,0.4691987257922342,ok
SERPINB4||E290K,1.2082458173385748,ok
SERPINB4||F182I,3.067810102966156,ok
GSS||R283C,2.5380166777048867,ok
CCT5||H147R,1.2123505412167594,ok
AMT||G269D,5.231798949416636,ok
AMT||N145I,0.0116512797803125,ok
AMT||R320H,1.3746410620650185,ok
AMT||V212A,3.002418607659512,ok
CSNK1D||R324H,0.1140384608538847,ok
CSNK1D||T44A,0.5854987968877906,ok
IDH2||A416V,1.3932839678634252,ok
IDH2||A47V,-0.2463704741071259,ok
IDH2||E268D,0.8683122322125638,ok
IDH2||G137E,-1.2078831129058558,ok
IDH2||I139F,2.8672088293321094,ok
IDH2||R172K,2.1970697951543965,ok
IDH2||R172M,1.4107410121034716,ok
IDH2||T331M,-0.2702808860486666,ok
PIK3CG||K973R,-0.1621767501750026,ok
PIK3CG||V168M,1.0595342596398,ok
PIK3CG||W212C,3.2931800148310675,ok
TNNI2||R174Q,0.6148031421298228,ok
RPIA||A135V,2.4526820959604314,ok
TUFM||R339Q,0.7453101731157374,ok
TUFM||G149S,1.617625442463242,ok
STAR||A218V,1.7231088720310237,ok
STAR||M144R,2.4864455773761,ok
EIF2B2||E213G,1.3436957974354986,ok
EIF2B2||G200A,1.529994882615511,ok
EIF2B2||V316D,4.639386033089085,ok
PSEN2||M239V,0.1942821537939565,ok
PSEN2||N141I,2.5108898150353176,ok
PSEN2||R71W,-0.1323063696179949,ok
PSEN2||T430M,0.3672519510818839,ok
NDUFV1||C206G,1.3458502911194714,ok
NDUFV1||T423M,0.7874986235986142,ok
KHK||A43T,1.707154440469404,ok
KHK||G40R,7.887160280500326,ok
HNMT||T105I,-0.3133425359133135,ok
SULT1A1||H149Y,-0.2834261518816566,ok
CPT1A||D454G,3.564753651914484,ok
CPT1A||E360G,2.388166729016612,ok
CPT1A||G709E,2.8609592852010746,ok
CPT1A||R123C,2.3409575293297333,ok
SLC26A2||N425D,3.236561220751071,ok
CSRP3||L44P,7.441298924716451,ok
CSRP3||Q91L,-0.6441325279575261,ok
CSRP3||R100H,-0.0478216820747556,ok
CSRP3||W4R,0.1689601678068364,ok
DNM2||E368K,0.9001286237149744,ok
HLCS||E42D,0.0671198718314314,ok
HLCS||L237P,9.107867121160098,ok
HLCS||V547G,4.537205183209927,ok
BCAM||R175Q,1.0513846392515604,ok
BCAM||R77H,1.334964871755447,ok
BCAM||T539A,0.21241379697502,ok
PPT1||E184K,3.343037422588496,ok
PPT1||H39Q,1.6333684238795791,ok
PPT1||R122W,1.3904208333781083,ok
PPT1||Y247H,2.4439681683917414,ok
ANXA11||R230C,1.8151352455735013,ok
SCNN1B||P616L,-0.197648846554288,ok
SCNN1G||E197K,0.0811014982943614,ok
SCNN1G||G183S,0.2127480368815953,ok
SCNN1G||L609F,0.4150046405513158,ok
SCNN1G||N530S,0.8613527759770958,ok
INSL3||R102C,1.2031132582520927,ok
INSL3||R105H,0.1872687847373327,ok
SMARCA2||D1546E,0.5434365046519074,ok
TPMT||A80P,7.085285196928764,ok
TPMT||G144R,1.7694650531150449,ok
TPMT||L49S,4.544685500097756,ok
TPMT||R215H,0.2756504616186644,ok
CYP2J2||G312R,3.707857292718997,ok
CYP2J2||I192N,2.52138613156024,ok
CYP2J2||N404Y,3.1154195593530525,ok
MECP2||R306H,-0.1206819116599816,ok
MECP2||S134F,0.6837396155937697,ok
GPC3||G556R,0.732916163614028,ok
GPC3||W296R,6.157447681512733,ok
HSD17B4||G242E,1.0238984222657468,ok
HSD17B4||R506H,0.8410008769473345,ok
HSD17B4||S153L,-0.3425263299597864,ok
SUOX||Q396R,3.3902592417253943,ok
SUOX||R268Q,1.8807557617468085,ok
SUOX||W450R,4.493629324701981,ok
SGSH||D273N,0.9574316708157934,ok
SGSH||D444G,3.126752580735446,ok
SGSH||F193L,2.9068887201977693,ok
ARSE||G245R,0.2881653036625192,ok
ARSE||G317R,1.06527369833968,ok
ARSE||P578S,0.2385928644606644,ok
ARSE||R12S,0.366664002505398,ok
CLCN2||G715E,1.84756553942462,ok
CLCN2||R577Q,0.3547661341671204,ok
CLCNKB||A61D,6.234666272598424,ok
CLCNKB||P124L,1.3779902458208748,ok
CLCNKB||R438H,0.7999712919087406,ok
CLCNKB||T481S,1.067040134232748,ok
RPS6KA3||D193N,0.7009187267390612,ok
RPS6KA3||E260D,2.1161559319019623,ok
RPS6KA3||F68C,5.41564130503566,ok
RPS6KA3||G431D,0.1763576124598292,ok
RPS6KA3||G75V,-0.4625503210006315,ok
RPS6KA3||I189K,4.16076414717716,ok
RPS6KA3||L467R,3.496282616547192,ok
RPS6KA3||N544K,3.796336021374341,ok
RPS6KA3||N620D,0.2078629990230857,ok
RPS6KA3||R667S,2.7119567425618145,ok
NR0B1||I361T,2.7619155833646167,ok
NR0B1||L381P,9.164761782253944,ok
NR0B1||N440I,0.2953984447733443,ok
NR0B1||R425T,2.2669372011983606,ok
NR0B1||W105C,3.2696616281112245,ok
NR0B1||W291C,5.701408649936335,ok
NR0B1||C200W,-1.378600364976258,ok
AKR1D1||P133R,0.6355508529541101,ok
AKR1D1||P198L,1.773630801593662,ok
AKR1D1||R261C,2.7135691423748063,ok
CCNG1||E167K,1.1389325824524987,ok
NUDT6||R209Q,1.556966259889755,ok
CRYBA4||V36M,1.273348957984785,ok
CRYBB1||S228P,5.748741350615047,ok
HCCS||E159K,0.7496690626624655,ok
HCCS||R217C,2.0926875118638075,ok
PMS1||M394T,0.499816345023813,ok
YARS||E196K,1.1911819025445043,ok
YARS||G41R,0.0661726350452429,ok
AK2||D165G,3.475271859884189,ok
AK2||R103W,0.1685552199382695,ok
AK2||R186C,1.8162549627330624,ok
HMGCS2||F174L,2.079956923235525,ok
HMGCS2||V54M,1.2717248760767923,ok
SLURP1||C77R,4.724176142838614,ok
SLURP1||L98P,4.8060563947338935,ok
SLURP1||R71H,1.301486698266305,ok
SLURP1||W15R,0.9391620905052058,ok
PLTP||R235W,0.3694987919232778,ok
PLTP||R476Q,0.6996574440486877,ok
VCP||A439S,1.1658500031558463,ok
VCP||T262A,0.9623031728073594,ok
FGF8||H14N,0.3211036603870471,ok
FGF8||P197R,-0.1290985641634712,ok
MFAP4||Y55S,3.852346534633674,ok
HADHB||A326P,7.965737215650779,ok
HADHB||H379R,1.7111967722910977,ok
HADHB||R61H,1.4459632680752914,ok
HADHB||T133P,3.3901420035226315,ok
AQP4||D184E,1.2770608344869916,ok
AQP4||I128T,1.4900117708669574,ok
AQP4||M224T,1.3518257734540895,ok
AQP4||M278T,0.0428281591105988,ok
FOXA3||G91R,-0.4065244276947366,ok
OXCT1||C456F,2.695902982329212,ok
OXCT1||G219E,8.619465810724796,ok
OXCT1||V133E,4.409555190751868,ok
UCP2||A268G,1.7651243063444984,ok
UCP2||A55V,-0.7473554491161466,ok
UCP2||L175V,2.2984866653140776,ok
RAG2||M285R,0.9390773580199602,ok
RAG2||N474S,0.3649314392692487,ok
RAG2||R229Q,1.4399609458544356,ok
RAG2||T77N,0.9864398398087548,ok
CAV3||D28E,1.6105915606562675,ok
CAV3||G56S,-0.5888989880387768,ok
CAV3||S141R,-0.3068135279008027,ok
CAV3||T78M,-0.1766689360338014,ok
WNT4||A114V,3.730720781796946,ok
WNT4||E216G,1.02555155814957,ok
TMPRSS3||A306T,1.5157823417489285,ok
TMPRSS3||C407R,2.742930159880495,ok
TMPRSS3||R109W,0.3123374677214657,ok
TMPRSS3||R216L,0.0195859191588498,ok
CABP4||R124C,1.9538775807609148,ok
ANTXR2||Y381C,0.7602058364847436,ok
ANTXR2||V386F,-0.0512356244308892,ok
ANTXR2||V394A,1.8477345442798176,ok
CLRN1||C40G,2.8766702697548,ok
CLRN1||S105P,5.621480527667837,ok
TIRAP||S180L,-1.8894287966682608,ok
TAS2R38||A49P,0.1581940123301806,ok
TAS2R38||I296V,0.6755008642269791,ok
PLP1||A247E,5.826741998390322,ok
PLP1||L86P,9.07966881007243,ok
PLP1||P15L,0.3955709582251271,ok
PLP1||W163L,3.15836376425414,ok
PTEN||K6N,1.4493928090922377,ok
PTEN||F90S,5.409937347020498,ok
PTEN||G127V,7.512602991875498,ok
PTEN||G129E,0.6054855910006568,ok
PTEN||G129V,0.1222143818601773,ok
PTEN||R173H,1.1035577592889356,ok
ACTB||E364K,0.4188695626120697,ok
ACTB||R183W,-0.4917766638858722,ok
PRPS1||N114S,0.8564692896437787,ok
COPS2||G68R,8.878076587804301,ok
PCBD1||C82R,1.8740223003801708,ok
PCBD1||E58K,0.0882727408689765,ok
PCBD1||E97K,1.527613938165622,ok
PCBD1||T79I,0.7300313147652828,ok
RHOA||Y42C,3.2582570335473053,ok
RHOA||Y42S,3.539504854220377,ok
RHOA||F106L,1.534506854001752,ok
RHOA||G62E,2.883221616443556,ok
RHOA||R5Q,0.6396606567436408,ok
RHOA||S85F,2.6100768799506784,ok
RHOA||T175M,1.5286169643185687,ok
LYZ||I74T,2.4920177966739177,ok
STXBP1||C180Y,3.364394228951252,ok
STXBP1||M443R,4.112543096310866,ok
STXBP1||V84D,4.464722159433718,ok
B2M||Y30H,1.3467452364926242,ok
B2M||A6V,-0.5352013053513965,ok
B2M||D54N,0.2504875608915557,ok
NPC2||N111K,2.0681843142833443,ok
NPC2||S67P,3.6488967726157,ok
NPC2||V30M,0.2744445929874306,ok
ACTA2||R292G,2.9283838475231407,ok
RPL11||L20H,3.973092912831363,ok
TNNC1||C84Y,-0.7361361575845665,ok
TNNC1||D75Y,0.0015855253672741,ok
TNNC1||E134D,0.550303277171957,ok
TNNC1||L29Q,1.042424521184762,ok
ACTC1||S273F,-0.320214945274121,ok
HIST1H3B||A48S,0.2285965315687227,ok
HIST1H3B||L101W,0.2717810830163419,ok
HBB||A116D,0.9300421640343955,ok
HBB||D53G,0.922581835146817,ok
HBB||L32P,10.67147490127323,ok
PSPH||M52T,0.4782635121610035,ok
PITX1||E130K,1.0982542571077418,ok
PITX1||G299A,0.8216092961911994,ok
OLR1||K167N,0.61357005835184,ok
GSTO1||A236V,2.525293194613022,ok
KCNJ10||G77R,-0.8552579003809757,ok
KCNJ10||P194H,0.5879065914308013,ok
KCNJ10||R348C,1.0848186037473462,ok
KCNJ10||R65P,3.995118234719822,ok
PHEX||C77S,1.200782013406761,ok
PHEX||G579V,4.11227170815892,ok
PHEX||L206W,3.415577946486797,ok
PHEX||P558R,-0.5700510675035736,ok
ABAT||R220K,0.7502701871142899,ok
SLC7A9||G105R,1.7200632196051924,ok
SLC7A9||N227D,1.3223041034135596,ok
SLC7A9||V330M,1.7593119474738288,ok
SMAD3||I170V,0.5824096642675932,ok
RBM10||R171W,0.863544534841937,ok
CYCS||G42S,4.365215782025838,ok
MAT1A||A55D,0.5684742842107628,ok
MAT1A||I322M,0.9059396836641082,ok
MAT1A||R199C,1.253722181362525,ok
NDP||C128R,0.4601809849400451,ok
NDP||I18K,0.4419463952348978,ok
NDP||S101F,-0.830381294070206,ok
NDP||Y44C,3.470562939672684,ok
PMP22||C109R,2.433381492602605,ok
PMP22||L16P,8.919179504399436,ok
PMP22||L80P,8.62603766268346,ok
PMP22||R157G,1.883427579652066,ok
MC2R||C251F,2.092198640735111,ok
MC2R||H139Y,0.1033411692389657,ok
MC2R||L198P,7.33468562652998,ok
MC2R||S74I,0.613918444878809,ok
MC2R||T33I,-0.3059961623444757,ok
MC2R||P27R,0.2133382351082124,ok
MC2R||A252T,1.0395551857097651,ok
FMO1||I303T,2.8426224830842703,ok
FMO1||I303V,0.8002851648681077,ok
FMO1||K373R,-0.3972765063474054,ok
ATP2B2||G293S,-0.620639572602042,ok
MEF2A||G283D,1.0357115561848314,ok
MEF2A||P279L,-0.6085589047779194,ok
ALDH6A1||G446R,7.374353608809456,ok
MAP2K1||K57T,0.6279190473687407,ok
MAP2K1||Y130C,3.204909940952801,ok
MAP2K1||C121S,1.175113783877249,ok
MAP2K1||E203K,2.8508343289771387,ok
MAP2K1||L177M,1.9494729085180689,ok
MAP2K1||P124S,0.8073891497414689,ok
TEK||Y897S,1.8650973741896832,ok
TEK||R849W,-0.4471505121770192,ok
MVK||H20Q,1.6812959238828824,ok
MVK||N205D,1.6261411054831394,ok
MVK||N301T,1.8535460482571176,ok
MVK||P167L,0.0661217373865336,ok
PTH1R||H223R,1.7264210133821056,ok
PTH1R||P132L,1.1179164692592651,ok
TAP2||M577V,0.2229541551109276,ok
ACVR1||G328R,0.6578719191276078,ok
ACVR1||G356D,2.658560740580298,ok
ACVR1||R206H,0.0817813132343425,ok
UBE3A||R506C,1.2333477363017242,ok
ITIH3||P36P,0.0186364754077722,ok
REG3A||G85R,4.460482456371271,ok
REG3A||P109S,0.0725320901571774,ok
BTK||C154S,0.3562924201756445,ok
BTK||I56T,3.4997960720382726,ok
BTK||K430E,0.7171635449438742,ok
BTK||L358F,2.634342896185505,ok
BTK||M509I,1.0178552881183949,ok
BTK||P565L,0.8761732216426484,ok
BTK||R307T,1.757817873759248,ok
BTK||V219V,1.0980189508024365,ok
BTK||V64F,4.961570868218826,ok
BTK||Y591S,5.006006890883619,ok
BTK||Y418H,2.201518038066546,ok
BTK||R236Q,0.8663681053625885,ok
BTK||E205D,0.2843503491658394,ok
CHRND||E402K,0.7646292154878839,ok
CHRND||I79K,4.458568044978889,ok
CHRND||L42P,3.981534483576504,ok
CHRND||Q288E,2.4441027369180155,ok
SCN1B||C121W,4.971812046832497,ok
SCN1B||E87Q,0.3399184239951358,ok
SCN1B||R85C,1.5965986653726194,ok
SCN1B||R85H,0.8410114122874526,ok
PPARA||R127Q,0.8338265779374004,ok
PPARA||V227A,0.7355735412801001,ok
ITK||R335W,-0.0968431673981706,ok
KCNA1||F414C,3.4290212618861764,ok
KCNA1||V174F,0.3818664676224764,ok
DFNB59||G292R,1.1986742160444577,ok
DFNB59||R265C,0.9901065487933384,ok
DFNB59||T54I,0.3766820694523498,ok
BST1||R125H,1.0844918634857732,ok
FUT7||R110Q,2.652934595600033,ok
EFEMP1||R345W,0.4405725017277112,ok
COX10||D336V,0.5096609568040955,ok
COX10||N204K,1.632323845912636,ok
COX10||P225L,1.1578706239971748,ok
COX10||T196K,3.0954317683048247,ok
SLC10A2||L243P,7.9950621463998335,ok
SLC10A2||P290S,1.1094613968817315,ok
SLC10A2||T262M,0.6615005879992142,ok
FOXD4||W148R,5.674824650091992,ok
FOXI1||G335V,2.145788045374191,ok
TRAF3||D463N,0.3285495047654024,ok
NR1H3||S99S,0.2344238694486056,ok
RPA4||A33T,-0.2196827960832431,ok
CHIT1||A442V,0.5725772177241423,ok
CHIT1||E74K,0.8969240522446126,ok
NR5A1||R84H,0.4943332149490331,ok
NR5A1||R92Q,0.5783261324212063,ok
NR5A1||V355M,1.8898706860057584,ok
SLC14A1||N74K,7.0396253635658566,ok
SLC14A1||S291P,6.793474650736355,ok
SLC14A1||W171R,1.691727034861902,ok
SLC14A1||V76I,0.0855686344551992,ok
SLC14A1||I117T,3.0405329403890344,ok
XRCC4||I134T,0.5173426088861796,ok
MTM1||H469R,1.0463046010118344,ok
MTM1||N189S,2.837614897168085,ok
MTM1||V49F,3.62967606150698,ok
SQSTM1||A381V,-0.0715025971011235,ok
SQSTM1||P387L,0.1563931305201538,ok
SQSTM1||P392L,-0.9025710972229906,ok
SQSTM1||S399P,6.750766298040258,ok
NEUROD1||H241Q,0.2800562365024028,ok
NEUROD1||R111L,-0.2155559462666767,ok
CUL4B||R572C,1.499158656862954,ok
CUL4B||T213I,-0.8559460633673216,ok
PTCH1||G110R,-1.244234633268192,ok
PTCH1||T230P,6.926196607628277,ok
FHL1||C101F,0.978182258896382,ok
FHL1||C153Y,1.282942073714917,ok
FHL1||C224W,-0.914094846506472,ok
FHL1||W122S,4.459592297309085,ok
IL10RA||S159G,0.4402743819155685,ok
RAPSN||A189V,2.753179382456107,ok
RAPSN||F139S,5.139928615082818,ok
RAPSN||L14P,8.562563637300485,ok
ACVR2B||R40H,0.0865572446370799,ok
ACVR2B||V494I,-0.0055642803565697,ok
BLMH||I443V,0.3804818054015624,ok
BMPR2||R491Q,2.389720956453819,ok
CBFB||R151H,0.7322227215564638,ok
BAAT||M76V,1.1028256029067245,ok
SCARB2||H363N,0.9373974193057364,ok
SCARB2||V396I,-0.073267244342608,ok
SCARB2||R121Q,1.2556582680131023,ok
SCARB2||M159V,1.151643920526592,ok
SCARB2||G462E,-0.3174232761123968,ok
IL18||S35S,0.2123631131324688,ok
DPYS||G278D,3.4142089816737906,ok
DPYS||Q334R,0.5518612623515506,ok
DPYS||R412M,0.1111710414763023,ok
EIF2B1||P278R,0.0641820569067458,ok
EIF2B1||V183F,1.2147451058992935,ok
EIF2B1||Y275C,4.7201414787563065,ok
GAMT||D135Y,-0.2450043188072653,ok
GAMT||T209M,0.1332204286252214,ok
GALE||G319E,0.724992527623598,ok
GALE||G90E,2.649936711735047,ok
GALE||N34S,0.6435481504770763,ok
GCKR||R518Q,1.52085901104483,ok
HABP2||G534E,2.163119881145585,ok
DMC1||M200V,1.080007237598102,ok
IHH||E131K,0.6975920716255498,ok
IHH||T154I,0.4278585867332751,ok
IHH||V190A,3.213730778757298,ok
KCNJ11||L147P,7.279222491955416,ok
KCNJ11||R201H,2.128734575608447,ok
KCNJ11||V59A,0.5698973276173632,ok
LBR||N547D,0.8440980250140481,ok
GNMT||H177N,1.6501573558053262,ok
GNMT||L49P,9.39664575522542,ok
GNMT||N141S,2.47997691336053,ok
CRYM||K314T,0.560003107680427,ok
NR1I3||H250R,2.874724615199287,ok
NR1I3||L312P,7.927574878733414,ok
SART3||V591M,0.3171362347662915,ok
LARS2||H324Q,0.3606627581093291,ok
MLC1||A275D,2.1449958494337578,ok
MLC1||G130R,-1.2046861810105336,ok
AGER||G82S,3.1054798052172026,ok
EBP||E80K,0.9250282387225808,ok
EBP||G157S,0.8263762814916531,ok
EBP||L18P,5.307737510117328,ok
EBP||W196S,3.614433492293776,ok
PVRL1||S112T,0.1231729114836155,ok
PVRL1||T131A,0.1863931075108599,ok
PVRL1||V360G,0.9672436468299788,ok
ERBB4||E872K,0.2078369319855777,ok
IRF4||K123R,0.4074355385494316,ok
IRF4||R96L,-0.4215530951678259,ok
POU4F3||L223P,6.554741978981659,ok
ANKRD1||T116M,0.0663256344518226,ok
SYCP1||E509K,0.5453012288137984,ok
SYCP1||E773K,0.3130001974604929,ok
SURF1||G124R,8.767159866127088,ok
SURF1||L203P,6.87935024779178,ok
SURF1||Y274D,1.3715679882307887,ok
TGFBI||L509R,4.675008726656402,ok
NSDHL||A105V,-0.3240447280126474,ok
NSDHL||G205S,3.288116814788163,ok
SMAD2||D304G,2.4670449077624435,ok
STK11||F354L,0.107730351318146,ok
STK11||K108R,-0.2115093128502343,ok
STK11||L183L,0.5687583233816745,ok
STK11||L67P,7.759693409938475,ok
STK11||L67R,4.578354465529122,ok
STK11||M136R,4.626990983326029,ok
STK11||N181Y,1.4246632880028434,ok
STK11||S232P,1.3462370514723765,ok
STK11||W239C,6.501958016195935,ok
STK11||W308C,5.3608409880704215,ok
STK11||D194Y,-0.1038714249496941,ok
ADIPOQ||G15G,0.9536696489921036,ok
ADIPOQ||I164T,3.431649230264473,ok
ADIPOQ||R112C,1.1784762469207868,ok
NFE2L2||G31R,0.7302595865116257,ok
NFE2L2||G31V,2.829394651368483,ok
NFE2L2||N160S,0.3282002672030609,ok
NFE2L2||T80K,0.8050164527329331,ok
CNGA3||C191Y,0.4637897544747849,ok
CNGA3||P163L,-0.6556118288425339,ok
CNGA3||R563C,1.5020257298927835,ok
CNGA3||S401P,6.602951064798921,ok
EXT1||D164H,1.2064800974771577,ok
EXT1||G339D,0.4707176690178472,ok
EXT1||P496L,-0.287528519025223,ok
EXT1||Q27K,-0.0200856421859824,ok
GABRA6||R46W,-0.0613111636534441,ok
GABRA6||G175R,2.672252418425368,ok
GABRA6||G212R,0.5893444311795004,ok
GABRA6||P345S,-0.2051209312016694,ok
RPE65||E148D,0.0895818418986432,ok
RPE65||G104D,4.006355199173474,ok
RPE65||P363T,0.6749265162318974,ok
RPE65||T457N,0.8726243379462184,ok
RPE65||N321K,0.6117357084449265,ok
RPE65||K294T,1.2555185776447648,ok
CARTPT||L61F,0.3767105778153834,ok
FXN||L106S,4.974618108794281,ok
FXN||R165C,1.0951465700855043,ok
AMHR2||D426G,1.7908762556800002,ok
AMHR2||D491H,0.8405562334131375,ok
AMHR2||G142V,-0.1907303809512983,ok
AMHR2||H282Q,1.6243179056334311,ok
AMHR2||R504C,1.3868084560373817,ok
AMHR2||R54C,1.5507439561659124,ok
AMHR2||V458A,2.090633829705595,ok
AMHR2||R33W,-0.2978240654459185,ok
DGUOK||D255Y,0.9790027568853744,ok
DGUOK||K51Q,0.0785864912913114,ok
DGUOK||R142K,1.5340545125129643,ok
DGUOK||S107P,5.171340028615076,ok
ISX||R86C,0.9032113498665242,ok
ISX||T87A,0.2904658717919794,ok
HFE||E168Q,0.9077351874710108,ok
HFE||H63D,2.3605152452278424,ok
HFE||Q283P,3.957107602263772,ok
ARL13B||R200C,1.9820162938471848,ok
ARL13B||P396A,0.0908781564024718,ok
ARL13B||G315R,-0.6854064641258167,ok
GNPTAB||K4Q,0.2168404169404669,ok
GNPTAB||R46Q,0.847763708929295,ok
SLC36A2||G87V,6.933927236189443,ok
USH1G||L48P,8.222443662309857,ok
SV2C||G146S,2.582021413602548,ok
SV2C||M727I,0.7495769670395416,ok
SV2C||R121Q,0.5877434313794013,ok
CERKL||R106S,0.7826958714553611,ok
SLC22A6||R454Q,0.9077692833242236,ok
ACSM3||K367N,0.7502439027904297,ok
GLE1||I684T,2.621931412080788,ok
GLE1||R569H,1.3317286432053606,ok
GLE1||V617M,0.7385341424107724,ok
PYCRL||V105M,1.5315648379850606,ok
CYBRD1||R226H,0.7216828451848447,ok
ARSI||P228L,1.7557374024444563,ok
ARSI||V373M,1.813897718420036,ok
EFHC1||P77T,-0.3949400111705053,ok
EFHC1||R221H,0.179210516496337,ok
EFHC1||T508R,1.857593929053794,ok
EFHC1||M448T,0.9809566149495192,ok
EFHC1||R159W,-0.2031809868372813,ok
EFHC1||R159G,1.157021595106761,ok
EFHC1||N607S,1.1613099465188583,ok
SPANXN4||P4Q,-0.1244669335921877,ok
WIPI1||P139S,0.4560398781454522,ok
LRRK2||G2019S,0.2848070638624539,ok
LDLRAP1||R238W,-0.2073439545222499,ok
EYS||N269H,,no_clean_pdb
EYS||Q172L,,no_clean_pdb
ZFYVE27||G191V,-0.961131013095955,ok
LCE1B||G102C,2.196586663376819,ok
LCE1B||S42F,0.0715685060688764,ok
OR2G6||I177F,2.9202152431634323,ok
OR2G6||K236M,0.0508159651745776,ok
OR2G6||N294Y,2.3332199255370454,ok
OR2G6||N42S,2.3221436018686767,ok
OR2G6||R265K,0.4521804029765514,ok
OR2G6||W149C,4.3435495267945,ok
WBSCR17||A398V,1.1151910245241603,ok
WBSCR17||D348N,0.2200292960550737,ok
WBSCR17||E289K,0.4386413229410024,ok
WBSCR17||E507K,0.5402400801015336,ok
WBSCR17||S194R,2.487986808743848,ok
KLHL10||A313T,0.2266397138122855,ok
KLHL10||Q216P,2.660902840853145,ok
CDC73||L64P,10.36418542948542,ok
CDC73||R91P,4.887092585778357,ok
SLC39A4||P200L,-0.6780084116867247,ok
SLC39A4||P84L,-0.0599525901257458,ok
ZCCHC12||R7C,0.9033600281414084,ok
ZCCHC12||T344I,0.0327993256697278,ok
DARS2||C152F,1.2283081054380929,ok
DARS2||S45G,0.981535410539261,ok
DARS2||Y629C,2.638735942953041,ok
TRAT1||D40Y,0.0457088751432543,ok
TRAT1||E76K,0.2708022842333363,ok
SPATA8||E18K,0.0690907481248337,ok
SPATA8||P83T,0.0531934699977026,ok
TSSK4||V227I,1.0138812854282493,ok
TSSK4||V255V,0.8045415143696529,ok
NHLRC1||C26S,0.7217762885313972,ok
NHLRC1||G194C,0.9270897618504784,ok
NHLRC1||P366L,0.7718160839152616,ok
KIF6||W719R,0.1370817980256161,ok
FAM196A||Q46R,-0.39372475611822,ok
FAM196A||R399Q,0.6314395509125659,ok
STOX1||E608D,-0.1630791058021996,ok
STOX1||N825I,0.1460390397718569,ok
BBS12||T501M,1.869392518905057,ok
BBS12||G540V,4.440492667322992,ok
BBS12||P159L,0.3416992431275945,ok
GTF2H5||L21P,6.514411328785636,ok
TUBA1A||E55K,0.9928256394516776,ok
TUBA1A||I188L,0.5690546965572468,ok
TUBA1A||L286F,0.314953324809149,ok
TUBA1A||R402L,0.3558346596641371,ok
OTUD6A||R171P,7.99355822616662,ok
OTUD6A||V211M,0.736254596673156,ok
RRM2B||L317V,0.6955859786085019,ok
RRM2B||W64R,5.782454501229384,ok
NIPA1||A100T,1.960229838380018,ok
NIPA1||G106R,2.023549071857845,ok
DYM||C542R,6.465819443262149,ok
DYM||E87K,0.0715443752887579,ok
DYM||N469Y,3.862407044618213,ok
SETX||L1976R,3.928605873042895,ok
KRT26||S2C,0.7019304437014806,ok
GALNTL5||D221E,0.6204434164566225,ok
GALNTL5||G309E,4.92556096926798,ok
GPR141||T6N,-0.1336744817915475,ok
GPR141||E267K,0.362626415712492,ok
GPR141||Q224K,3.449709249375946,ok
ATCAY||S301R,0.5248695266178932,ok
GPIHBP1||G56R,0.0026444502711381,ok
GPIHBP1||Q115P,1.1155034727488855,ok
MMAA||G188R,4.861487343827241,ok
MMAA||L89P,9.53532587839439,ok
MMAA||R359Q,1.0766180316864264,ok
SFTPA2||A91P,0.3710764565429181,ok
SFTPA2||F198S,5.250799225808189,ok
SFTPA2||G231V,3.90817337474548,ok
SFTPA2||Q223K,0.2821015174381341,ok
SLC30A8||R325W,-0.0678620747070807,ok
TPH2||P206S,0.3641579632855468,ok
TPH2||P312P,2.334309392523219,ok
TPH2||R303W,1.4505420081845946,ok
TPH2||R441H,0.930462541706848,ok
BBS7||T211I,1.19982318463455,ok
GCNT2||G350E,8.399600140905,ok
GCNT2||R383H,0.7728055954743673,ok
CPXCR1||A56S,-0.3964564219832012,ok
CPXCR1||E73K,0.3057942951188941,ok
CPXCR1||S102P,1.357006914942847,ok
STAG2||E134D,0.2298426570441436,ok
STAG2||P572S,0.4080337497482539,ok
STAG2||R560K,1.1271634181124135,ok
STAG2||M1057V,0.3496578332418204,ok
STAG2||I314V,0.4393425536376277,ok
D2HGDH||D375Y,1.2382969174668292,ok
D2HGDH||N439D,1.4337812865957211,ok
D2HGDH||V444A,3.472291250817804,ok
PNKD||A7V,-0.0203200476234904,ok
PNKD||A9V,-0.2101867408524232,ok
KIF2B||E161G,1.5859723367818692,ok
KIF2B||I119T,0.4850675096245382,ok
KIF2B||Q430H,0.8650769001439798,ok
KIF2B||R504Q,2.4927886261694625,ok
KIF2B||W60L,4.163768419952676,ok
ATPAF2||W94R,6.466235307882755,ok
LZTR1||R810W,-0.0439379641666243,ok
LZTR1||V456G,4.525820638392857,ok
CLDN19||G20D,0.5604288769167054,ok
CLDN19||L90P,8.887668128371274,ok
ZNF454||H462Y,-0.4607806743212239,ok
ZNF454||P299L,-0.5746931017303764,ok
BANK1||A383T,0.6818158346006081,ok
BANK1||R61H,1.063879917068573,ok
SLC17A8||A211V,1.2791134208590145,ok
LFNG||F188L,2.5999162520166053,ok
FLCN||R239C,1.5787381689108992,ok
OR2T33||F164V,2.6118770650997774,ok
OR2T33||L60P,8.81116849719265,ok
OR2T33||P285L,-0.9470163962454424,ok
OR2T33||R120S,1.9412862843367424,ok
OR2T33||W147C,3.287194366718351,ok
OR2T33||W49L,1.5586198996635436,ok
OR13G1||I132V,0.3195858912605248,ok
MFSD8||G52R,-0.4191860807783742,ok
MFSD8||R233G,1.4422565517285697,ok
MFSD8||T294K,4.851366270363983,ok
MCFD2||Y135N,2.2532475256607847,ok
MCFD2||D81Y,5.567341213171353,ok
VANGL1||M328T,0.8116290296809558,ok
VANGL1||R274Q,1.0341113555003336,ok
VANGL1||E347A,0.2770640788295875,ok
LHFPL5||T165M,0.6612480603991627,ok
LHFPL5||Y127C,4.664843220447412,ok
BBS10||C91W,7.830927967817824,ok
GDAP1||L239F,2.0151926534957108,ok
GDAP1||M116T,-0.1285292973974122,ok
GDAP1||R161H,1.4813483902825844,ok
GDAP1||R310Q,0.9198973385867476,ok
KCNV2||G459D,0.2010736954369785,ok
KCNV2||L126Q,3.469521737468269,ok
KCNV2||R213P,7.3112041520027455,ok
RNASEH2C||P76L,-0.4857754586096402,ok
RNASEH2C||R69W,-0.1682238242068867,ok
ABHD5||E260K,3.126954025031316,ok
ABHD5||E7K,0.0527050194838646,ok
SCARB1||A350A,0.9089694108335356,ok
SSH1||S63N,-0.4667544983881938,ok
BSND||G284D,-0.4627818169271552,ok
BSND||G47R,-1.1314389714256734,ok
BSND||R8W,-0.4309772368643166,ok
BSND||V43I,-0.093054134192268,ok
DDB2||K244E,0.1035207390342518,ok
DDB2||L350P,7.226117866068328,ok
DDB2||R273H,0.3236325344717605,ok
PIK3R3||R383C,2.4334740146227856,ok
GGH||T151I,-0.5642260200599858,ok
NELL1||R354W,-0.0199679707132455,ok
RPGR||Q184H,-0.077517278523117,ok
RPGR||R425K,0.563061096384978,ok
HPS1||L239P,8.95635071068989,ok
SLC5A5||G543E,6.795877229929066,ok
SLC5A5||G93R,8.71985371354909,ok
SLC5A5||Q267E,1.410231127000742,ok
SLC5A5||T354P,6.152008012679541,ok
FGF14||F145S,5.639695977837283,ok
GCDH||E181Q,1.203439275125057,ok
GCDH||R402Q,1.723112209832856,ok
GCDH||W50C,4.045834195314399,ok
GCDH||Y295H,1.5422214556141447,ok
TNFRSF14||A102P,5.006114965058888,ok
PEX13||I326T,2.957281503800949,ok
PEX13||W313G,7.672156162466199,ok
EXT2||A150T,2.0983473153861234,ok
EXT2||D227N,1.65922311248091,ok
EXT2||E576K,0.0866126525526983,ok
EXT2||I380T,2.6676524118737386,ok
BHMT||R239Q,0.5458810775050279,ok
LHX4||L190R,3.607429830303919,ok
LHX4||P389T,-0.1748457345481519,ok
LHX4||R84C,1.5259301208429037,ok
FBXW7||A502V,0.9658005551024827,ok
FBXW7||I347M,0.3316221202125136,ok
FBXW7||R465C,1.3635371616529426,ok
FBXW7||R465H,0.6604390504589166,ok
FBXW7||R505C,1.0133157596660085,ok
FBXW7||R658Q,0.7328076255072302,ok
FBXW7||R689Q,0.411595579128966,ok
FBXW7||S462Y,-0.4112790081667372,ok
ARL11||C148R,-0.3595387100528169,ok
CIRH1A||R565W,-0.2400039522357577,ok
SLC35C1||R147C,1.4449809381558736,ok
SLC35C1||T308R,4.966632139692419,ok
OPTN||K435R,-0.2997838612207049,ok
OPTN||T202R,-0.139063233743556,ok
OPTN||A336G,0.9985881019167042,ok
OPTN||E50K,0.1263571857303003,ok
OMA1||P177S,-0.0899061719760369,ok
DTNBP1||P272S,-0.3100925067300963,ok
MMAB||A135T,1.9956776158431624,ok
MMAB||I96T,2.743012183626244,ok
MMAB||R186Q,1.1081021160550937,ok
SLC47A1||A310V,0.3909123489884775,ok
SLC47A1||D328A,1.1776911007423323,ok
SLC47A1||G64D,-0.075057051125893,ok
SLC47A1||N474S,0.7398853220038609,ok
GALNT14||R336Q,2.083934960896093,ok
GALNT14||V534F,2.3284108354226967,ok
PGBD1||H806D,0.7856324039828205,ok
PGBD1||I678V,0.9468594599884704,ok
PGBD1||P256L,-0.566156798334479,ok
PGBD1||Q248E,-0.1088446804142584,ok
COX4I2||E138K,0.6793030064275098,ok
HYLS1||D211G,2.0390569617757506,ok
YTHDC1||E483Q,0.3126392904521324,ok
RDH12||T49M,-0.0134824711311049,ok
RDH12||C285Y,3.467209168931483,ok
RDH12||L99I,1.9902884249668864,ok
RDH12||P230A,0.2988683938531639,ok
MCEE||A76V,-0.2860623525292188,ok
MCEE||R143H,0.8919744849320171,ok
ERMAP||E47K,0.1349874047180832,ok
ERMAP||G57R,1.113363990902979,ok
ERMAP||P60A,0.1220990801780286,ok
OR2M2||N42Y,4.448842598736429,ok
OR2M2||V117I,0.1732701176216522,ok
MCCC1||A289V,1.648985230041944,ok
MCCC1||E134K,1.5233647304440707,ok
MCCC1||L437P,6.751202012801887,ok
MCCC1||Q123H,0.1969071129116534,ok
TRIB3||Q84R,0.1210848165349859,ok
SLC22A12||H86H,0.6752847559901656,ok
SLC22A12||M430T,0.8567483938596068,ok
SLC22A12||Q297E,0.1335792707319033,ok
SLC22A12||T217M,3.0356286833820643,ok
NODAL||R183Q,0.8261797451332533,ok
DCLRE1C||G118V,7.819101619097122,ok
DCLRE1C||H35D,2.1543046978526146,ok
GAD1||S12C,0.6810509852295162,ok
EYA1||R440Q,1.3465685451458569,ok
EYA1||T55M,0.071548809586614,ok
EYA1||Y527N,4.483342791797925,ok
FMO2||D36G,2.2809833330645413,ok
FMO2||F182S,3.3896175851895243,ok
FMO2||R238Q,1.2457315440299046,ok
FMO2||R391T,2.49988590786522,ok
NEU1||G136E,7.394662788348871,ok
NEU1||L231H,3.578932992633811,ok
NEU1||L91R,5.400035561290111,ok
NEU1||R341G,2.5936901696843977,ok
PIK3R4||E1209K,1.8080582240774925,ok
PIK3R4||R998Q,1.4731505180097944,ok
ELF4||S369P,1.0898798824161031,ok
HSD17B10||L122V,1.4352985763969903,ok
HSD17B10||N247S,0.6303792436469147,ok
HSD17B10||R130C,1.4146106860275272,ok
MYD88||L93P,8.94820830994859,ok
MYD88||R196C,1.3028903550523834,ok
CTRC||M200V,0.8071182006842539,ok
PKP2||S140F,-0.1280027412394518,ok
PKP2||G328R,-0.0748721964283577,ok
VKORC1||L128R,3.457361326027957,ok
VKORC1||R98W,0.3838771176712546,ok
VKORC1||V45A,0.6045975670503991,ok
C20orf72||P102S,0.2636627097531768,ok
SLC30A2||H54R,0.0267241973559817,ok
HERPUD2||P46L,-0.3987963904690272,ok
HERPUD2||R285Q,0.8640853710124757,ok
TINF2||E281K,0.1403346763055646,ok
TINF2||L287P,2.674873946331208,ok
TINF2||P236S,-0.1026828742233687,ok
TINF2||S245Y,-0.3746163595303514,ok
TINF2||G237D,1.386766033244447,ok
CCM2||L198R,5.075351268410069,ok
TMEM43||S358L,0.7749872158917198,ok
G6PC3||G260R,10.263454192763408,ok
G6PC3||G262R,7.896717488994927,ok
WRAP53||R68G,1.4273067708704124,ok
ALG12||F142V,2.7688652673000425,ok
ALG12||R146Q,0.6645646354232354,ok
ALG12||R311C,1.404114453470915,ok
ALG12||T67M,0.4663862476022917,ok
TUBB2B||S172P,3.196146193856721,ok
TUBB2B||F265L,1.9174123065951243,ok
TUBB2B||I210T,2.6447176278674327,ok
TUBB2B||L228P,8.197011184288522,ok
ACAT2||I254T,1.7872705366025692,ok
BRIP1||P47A,0.2559944868782443,ok
SORBS1||T237A,0.0364795717488181,ok
STRA6||Q438R,1.3357100456560382,ok
CFHR5||K144N,0.2378333676383887,ok
CFHR5||M514R,2.5725895390234155,ok
CFHR5||P46S,0.2753878678027599,ok
CFHR5||R356H,0.299375775965951,ok
FANCD2||L231R,4.30927642522169,ok
CADM1||H246N,0.7045449217433832,ok
CADM1||Y251S,1.937762663048605,ok
TRIM55||E369G,0.822552710679297,ok
TRIM55||R322H,0.6550429110500585,ok
PANK2||F550L,1.8013033573147612,ok
PANK2||G521R,2.8750164135996883,ok
SLC29A3||G427S,3.995573920441914,ok
SLC29A3||G437R,3.369454698418789,ok
SLC29A3||M116R,0.8408308804876538,ok
SLC29A3||T449R,5.235549088847742,ok
TBL1XR1||L81V,2.2568244117290925,ok
TBL1XR1||R166Q,0.7610521623548946,ok
TBL1XR1||T349M,0.0240057786425917,ok
RTN4R||L347R,0.5393692017345025,ok
RTN4R||R196H,0.967823488788792,ok
RTN4R||R227C,1.1930385646691226,ok
RTN4R||R377W,-0.3456972428431021,ok
RTN4R||R399W,-0.199510323895859,ok
FOXP3||I363V,1.0927726717977253,ok
FOXP3||L242P,8.311179353142984,ok
FOXP3||P187L,-0.0549888294727979,ok
FOXP3||Q70H,-0.334728146801872,ok
FOXP3||G52V,1.3289912637009245,ok
SLC19A3||E320Q,1.65655209327234,ok
SLC19A3||G23V,5.8859977213806935,ok
SLC19A3||K44E,2.1936687507682,ok
SLC19A3||T422A,0.9187881630300916,ok
TRIM5||H43Y,0.7605540082057549,ok
TRIM5||R136Q,0.236015864221501,ok
MCOLN1||D362Y,6.852609559649589,ok
MCOLN1||F465L,0.2653557192472061,ok
MCOLN1||T24N,0.0167151002140536,ok
MCOLN1||S257R,-0.2432234066438054,ok
MCOLN1||R236Q,0.630224344453767,ok
MCOLN1||L209F,0.2903680469576952,ok
SLC5A7||I89V,0.2559267700024287,ok
CHST6||Y358D,4.77422682929507,ok
CHST6||H249P,7.405515643309759,ok
CHST6||Y110C,3.635769126625864,ok
ILKAP||S61Y,-0.3901534591322603,ok
MAGT1||V311G,1.7773637502342332,ok
ABCG8||E423D,0.3516747906456824,ok
ABCG8||P231T,0.5232487580028163,ok
CXCL16||A200V,-0.0266543291524806,ok
GAN||A51P,5.696552042516678,ok
GAN||C570Y,3.3435485501369286,ok
GAN||E169K,0.7697075653580221,ok
GAN||E486K,0.9057733943986308,ok
GAN||G368R,5.274590229839157,ok
GAN||I182N,2.51537590744992,ok
GAN||I423T,2.808304766225708,ok
GAN||I86F,2.348393128404324,ok
GAN||L309R,3.2164364658154,ok
GAN||L75H,2.893599187688994,ok
GAN||P315L,0.2972181155659265,ok
GAN||R15S,1.545280103153548,ok
GAN||R269Q,1.5939328531788888,ok
GAN||Y299C,1.706064509179225,ok
TP63||D351N,0.5979307606781161,ok
TP63||I549T,2.601978390390328,ok
HRH4||S170L,-0.1379304489863136,ok
SEMA4A||D345H,0.0625807883498091,ok
SEMA4A||F350C,5.408140799149546,ok
SEMA4A||R713Q,0.4985254484261786,ok
SEMA4A||R723C,0.8204005737415482,ok
SEMA4A||R510Q,1.4096710065202414,ok
SEMA4A||P682S,-0.3715949822873443,ok
SEMA4A||A676V,-0.4123598985527998,ok
TMPRSS5||A317S,0.3699798120676745,ok
TUBB1||R318W,0.5303577387959668,ok
IKZF5||E135K,0.5147697851256194,ok
REEP1||A20E,0.3761250583393993,ok
REEP1||L107P,6.999114477854453,ok
REEP1||P19R,1.4564231112256036,ok
L2HGDH||G211V,3.52893431320018,ok
L2HGDH||G55D,2.277687616387054,ok
L2HGDH||H98R,0.7955503506412772,ok
UGT1A10||I211T,1.2976850839687737,ok
UGT1A10||Q328R,3.143515528221703,ok
UGT1A10||R400C,2.410859379953947,ok
PROK2||C34Y,0.6973917861727033,ok
PROK2||G32R,-0.0959694896200058,ok
GPAM||E131G,1.309808596385495,ok
CYP4F12||V90I,0.5402639661774541,ok
SLC6A20||T199M,-0.3707196384141203,ok
KCNK9||G236R,-0.4731675689928538,ok
A4GALT||A219V,0.7523410254826798,ok
A4GALT||C96Y,4.445386213369873,ok
A4GALT||M183K,4.397877431181131,ok
A4GALT||S100L,3.8926267548788496,ok
A4GALT||A272V,0.0697774418767371,ok
MYOZ2||S48P,5.247711343706243,ok
SIX2||L43F,1.4662851347507946,ok
SIX2||P241L,-0.4814888002084505,ok
NOP10||R34W,-0.303180071355319,ok
ISYNA1||L343L,1.2542541935508458,ok
DISC1||R37W,-0.0491988916971741,ok
SLC7A10||E112D,1.005778388950526,ok
SLC22A11||E278K,1.7966933106528298,ok
PNPLA3||S453I,-1.18127445826863,ok
PNPLA3||Y220C,1.9260070748765783,ok
PNPLA3||S453R,-0.7489996992059816,ok
PNPLA3||E331G,2.262819591193746,ok
PNPO||R229W,1.5917716350691773,ok
PNPO||R95C,0.969887606532658,ok
PNPO||R95H,0.3557188014577861,ok
PNPO||R116Q,0.3893076092821568,ok
THAP1||F81L,1.2967009458993275,ok
RBM28||L351P,7.872461307743435,ok
HIF1AN||P41A,0.2962974284790703,ok
ERAP1||I276M,1.259879141940199,ok
NLGN3||R451C,1.9475754019973348,ok
AIPL1||M79T,3.1683978888280144,ok
AIPL1||R270H,1.4162264274564675,ok
AIPL1||R302L,-0.178633688515315,ok
NDUFAF4||L65P,6.036626107667454,ok
NDUFA13||K5N,0.0729737577070893,ok
IFT80||H105Q,1.932933641079368,ok
ZNF624||K135N,0.0108767652015367,ok
MAGEC2||D15N,0.0296823208038504,ok
MAGEC2||E269K,0.8792338476399355,ok
MAGEC2||G74V,0.9639113066783908,ok
MAGEC2||R287W,0.3107567789903959,ok
MAGEC2||S85I,0.1187469812222191,ok
PEMT||V175M,0.0611218102733063,ok
OPTC||E66G,0.9786164577747948,ok
OPTC||F162F,0.328516422184481,ok
GABBR1||G489S,0.2700330094389275,ok
B4GALT7||A186D,3.455472298440535,ok
FBLN5||G412E,9.162471371127726,ok
FBLN5||Q124P,4.267798946437649,ok
FBLN5||S227P,3.540343358867335,ok
FBLN5||V60L,0.2680024295480576,ok
PRKAG3||R225W,-0.17538925407709516,ok
SUN2||G671S,1.802230993945107,ok
TAC3||M90T,-0.043263200370551314,ok
DDX20||R693S,0.8933569959905915,ok
AMACR||L107P,6.542001993496518,ok
AMACR||S52P,4.576837561908906,ok
POLG2||G451E,0.5316441156721743,ok
EIF2B4||A390D,-0.03005852005002141,ok
EIF2B4||R306G,1.945652367423229,ok
CPA4||G303C,1.010336653651422,ok
TEKT2||A229V,0.9010748395609575,ok
CD207||A55V,-0.06964774540217655,ok
CD207||E114V,-0.09611585714992876,ok
CD207||R66Q,0.5630026578580263,ok
SALL4||H888R,0.9113695124414614,ok
SALL4||V754M,0.0026657979319677505,ok
HSPB8||K141E,0.2844526347342341,ok
HSPB8||T194T,0.01714951271878873,ok
SERPINA10||F145L,2.5932353730628654,ok
SERPINA10||Q384R,0.9783830248710601,ok
SERPINA10||S143Y,-0.9845517169001511,ok
DNAJC12||R178C,0.9521965057718753,ok
GJD2||S196S,0.368908961840293,ok
FZD4||M105V,0.5429116666571421,ok
FZD4||R417Q,0.8996874793763687,ok
FZD4||W335C,4.6446088837944925,ok
ALK||F1174L,2.1258997849493135,ok
ALK||G1202R,0.8815105039648926,ok
ALK||R1275Q,1.8142942782920572,ok
ALK||S1206Y,-0.2588237366157753,ok
ALK||T1151M,-0.25818334218095984,ok
ALK||D1529E,0.2984663111151803,ok
TBX20||A63T,0.11140840524389573,ok
TBX20||I121F,0.9028582912154104,ok
TBX20||I152M,2.2154768223561594,ok
TBX20||T262M,-0.5054768300996076,ok
SLC45A2||G198D,2.957430824297148,ok
SLC45A2||L361P,6.7742507053412915,ok
SLC45A2||P58A,-0.12774874566576333,ok
SLC45A2||T302S,0.2921082969175087,ok
HPS5||L624R,3.809049038343418,ok
ICK||R272Q,2.558488425981643,ok
CHMP2B||D148Y,-0.32748558473635225,ok
CHMP2B||N143S,1.1188249985899452,ok
CHMP2B||Q206H,-0.31622719175441294,ok
COLQ||D342E,0.8668855791901642,ok
NOD1||E266K,0.7383027400336206,ok
BCS1L||P99L,-0.2880804689756905,ok
BCS1L||Q302E,-0.18550266063536325,ok
BCS1L||R144Q,0.39462731556801967,ok
TLR6||T255I,-0.8995765201662509,ok
AXIN2||V539M,0.17405284981553248,ok
NDUFAF1||T207P,4.39901681477532,ok
ZDHHC9||P150S,0.5622453360773246,ok
ZDHHC9||R148W,0.19113642664007835,ok
SBDS||S143W,-0.5805217687055791,ok
SBDS||N8K,0.020760022359340713,ok
SBDS||R126T,0.3387631683825032,ok
FBXO7||R378G,1.4667778417846762,ok
NEU2||R41Q,2.347314620520431,ok
SAMHD1||D218H,1.6211105839981328,ok
SAMHD1||I515T,2.8165881959995067,ok
C15orf23||P26L,-1.0121066914334687,ok
C15orf23||P26S,-0.2929692542298218,ok
TBX22||G118C,3.479424585810281,ok
TBX22||R120W,-0.41127751430482695,ok
TBX22||R151L,-0.17649782610344555,ok
MMACHC||H122R,0.5793511248882427,ok
MMACHC||L116P,4.750447235906659,ok
MMACHC||L193P,10.350387087415397,ok
MMACHC||R206P,7.232669919992088,ok
ANGPTL3||D41N,0.5598544929972773,ok
ANGPTL3||L164F,0.30703979341951293,ok
ANGPTL3||Y417C,4.345962161807347,ok
LIPG||I239T,2.5611923759251765,ok
LIPG||M342V,0.46625297321869597,ok
LIPG||N396S,2.1164804237703425,ok
LIPG||T111I,-0.21407803596420527,ok
PSAT1||D100A,1.0193390648316503,ok
SLC25A15||E180K,1.9865440437168813,ok
SLC25A15||T32R,3.5465041787170786,ok
KCNE3||R83H,0.40454145388325813,ok
KCNE3||T4A,0.24935764860836485,ok
KCNE3||V17M,0.06266199595815758,ok
KCNE2||F60L,0.17626145102522695,ok
KCNE2||Q9E,0.1784806534925698,ok
KCNE2||V65M,-0.06058238940981675,ok
