KEY,Gene,Mutation_used,source,Mislocalized,fold,final_alphamissense_score,alphamissense_status,oof_stability_61,oof_stability_tmd_64,paired_alphamissense,in_TMD,dist_to_nearest_TMD,delta_membrane_insertion,tmd_group,prediction_delta_64_minus_61,predicted_positive,error_type,am_available,error_confidence
PPARG||V318M,PPARG,V318M,main,1,3,0.8189,original,0.039138008,0.011134927,True,0,0.0,0.0,outside_TMD,-0.028003081000000003,0,FN,True,0.988865073
NDP||I18K,NDP,I18K,main,1,2,0.3041,original,0.030074442,0.01265984,True,0,0.0,0.0,outside_TMD,-0.017414602,0,FN,True,0.98734016
PENK||G247D,PENK,G247D,main,1,2,0.154,original,0.03334305,0.03129427,True,0,0.0,0.0,outside_TMD,-0.00204878,0,FN,True,0.96870573
ADIPOQ||G15G,ADIPOQ,G15G,main,1,2,,not_applicable_synonymous,0.02475603,0.032630473,False,0,0.0,0.0,outside_TMD,0.007874443000000002,0,FN,False,0.967369527
CYP1A2||F186L,CYP1A2,F186L,main,1,3,0.8541,original,0.03465768,0.033737518,True,0,0.0,0.0,outside_TMD,-0.0009201620000000021,0,FN,True,0.966262482
PRODH||L289M,PRODH,L289M,main,1,1,0.0573,original,0.02010016,0.035646047,True,0,0.0,0.0,outside_TMD,0.015545887000000001,0,FN,True,0.964353953
AMHR2||H282Q,AMHR2,H282Q,main,1,1,0.4194,original,0.045459393,0.036025666,True,0,0.00884956,0.0,outside_TMD,-0.009433727000000003,0,FN,True,0.963974334
DNM2||E368K,DNM2,E368K,main,1,1,0.9869,original,0.06404635,0.036099777,True,0,0.0,0.0,outside_TMD,-0.027946573000000002,0,FN,True,0.963900223
MPG||R60C,MPG,R60C,main,1,3,0.1007,original,0.065488994,0.036248736,True,0,0.0,0.0,outside_TMD,-0.029240257999999998,0,FN,True,0.963751264
PNPLA3||S453I,PNPLA3,S453I,main,1,2,0.2014,original,0.04381563,0.03733239,True,0,0.00255102,0.0,outside_TMD,-0.006483240000000001,0,FN,True,0.96266761
BSND||V43I,BSND,V43I,main,1,4,0.068,original,0.12196755,0.04181197,True,1,1.0,-0.0230794,in_TMD,-0.08015558,0,FN,True,0.95818803
KEL||L597P,KEL,L597P,main,1,3,0.0434,original,0.094914906,0.042775847,True,0,0.00188324,0.0,outside_TMD,-0.052139058999999995,0,FN,True,0.957224153
CD3E||E189Q,CD3E,E189Q,main,1,0,0.6428,original,0.06452527,0.046205916,True,0,0.0263158,0.0,outside_TMD,-0.018319353999999996,0,FN,True,0.953794084
NDUFV1||C206G,NDUFV1,C206G,main,1,1,0.9795,original,0.031958863,0.04658142,True,0,0.0,0.0,outside_TMD,0.014622557000000001,0,FN,True,0.95341858
EDN3||A224T,EDN3,A224T,main,1,0,0.0942,original,0.054316718,0.05041595,True,0,0.0,0.0,outside_TMD,-0.003900767999999999,0,FN,True,0.94958405
GNPTAB||K4Q,GNPTAB,K4Q,main,1,1,0.8013,original,0.06846541,0.050820332,True,0,0.0526316,0.0,outside_TMD,-0.017645078,0,FN,True,0.949179668
INSR||W1227S,INSR,W1227S,main,1,0,0.9956,original,0.12702583,0.05215449,True,0,0.00401606,0.0,outside_TMD,-0.07487134000000001,0,FN,True,0.9478455100000001
AKT1||E267G,AKT1,E267G,main,1,3,0.1895,original,0.10295368,0.052823015,True,0,0.0,0.0,outside_TMD,-0.050130665000000005,0,FN,True,0.947176985
MC2R||H139Y,MC2R,H139Y,main,1,1,0.246,original,0.1576949,0.053569898,True,0,0.111111,0.0,outside_TMD,-0.104125002,0,FN,True,0.946430102
CPT1A||R123C,CPT1A,R123C,main,1,2,0.6734,original,0.041127216,0.054499827,True,0,0.5,0.0,outside_TMD,0.013372611,0,FN,True,0.945500173
AQP1||P38L,AQP1,P38L,main,1,0,0.3338,original,0.06657451,0.05550365,True,0,0.1,0.0,outside_TMD,-0.011070860000000002,0,FN,True,0.94449635
RGS2||R44H,RGS2,R44H,main,1,0,0.6221,original,0.13136573,0.05905687,True,0,0.0,0.0,outside_TMD,-0.07230886000000002,0,FN,True,0.94094313
HADHB||R61H,HADHB,R61H,main,1,3,0.9317,original,0.17627768,0.060822852,True,0,0.0,0.0,outside_TMD,-0.115454828,0,FN,True,0.939177148
PLP1||W163L,PLP1,W163L,main,1,3,0.9024,original,0.15182652,0.06116621,True,1,1.0,-0.0175274,in_TMD,-0.09066031,0,FN,True,0.93883379
AKT1||D44N,AKT1,D44N,main,1,3,0.0999,original,0.050767682,0.06329983,True,0,0.0,0.0,outside_TMD,0.012532148,0,FN,True,0.9367001699999999
SLC2A1||P485L,SLC2A1,P485L,main,1,0,0.1181,original,0.081672944,0.0643299,True,0,0.0277778,0.0,outside_TMD,-0.017343044000000002,0,FN,True,0.9356701000000001
EBP||G157S,EBP,G157S,main,1,2,0.4672,original,0.050863083,0.06576312,True,0,0.0588235,0.0,outside_TMD,0.014900036999999991,0,FN,True,0.93423688
TFAP2A||R254W,TFAP2A,R254W,main,1,0,0.9999,original,0.05630983,0.06845518,True,0,0.0,0.0,outside_TMD,0.012145350000000006,0,FN,True,0.93154482
FGF10||C106F,FGF10,C106F,main,1,0,0.8264,original,0.08692824,0.06919134,True,0,0.0,0.0,outside_TMD,-0.0177369,0,FN,True,0.93080866
CER1||R19W,CER1,R19W,main,1,1,0.0637,original,0.060921345,0.06987552,True,0,0.0,0.0,outside_TMD,0.008954174999999995,0,FN,True,0.93012448
EDNRB||V111E,EDNRB,V111E,main,0,4,0.9801,original,0.8694134,0.9248165,True,1,1.0,0.178152,in_TMD,0.05540310000000004,1,FP,True,0.9248165
SLC22A12||M430T,SLC22A12,M430T,main,1,3,0.1495,original,0.03790318,0.08002408,True,0,0.25,0.0,outside_TMD,0.042120899999999996,0,FN,True,0.91997592
CPN1||G178D,CPN1,G178D,main,1,4,0.343,original,0.07936759,0.08251027,True,0,0.0,0.0,outside_TMD,0.003142679999999995,0,FN,True,0.91748973
SLC22A12||T217M,SLC22A12,T217M,main,1,3,0.1605,original,0.05632419,0.08273911,True,0,0.333333,0.0,outside_TMD,0.02641492,0,FN,True,0.91726089
HMGCS2||V54M,HMGCS2,V54M,main,1,3,0.4737,original,0.05318895,0.08513259,True,0,0.0,0.0,outside_TMD,0.031943639999999995,0,FN,True,0.91486741
IL7R||C74Y,IL7R,C74Y,main,1,1,0.9342,original,0.06700931,0.08648311,True,0,0.00598802,0.0,outside_TMD,0.0194738,0,FN,True,0.91351689
B2M||A6V,B2M,A6V,main,1,0,0.1002,original,0.08987835,0.08662152,True,0,0.0,0.0,outside_TMD,-0.0032568300000000022,0,FN,True,0.91337848
TRAF3||D463N,TRAF3,D463N,main,1,2,0.9982,original,0.10469135,0.086717546,True,0,0.0,0.0,outside_TMD,-0.017973803999999996,0,FN,True,0.913282454
ELANE||A61V,ELANE,A61V,main,1,1,0.4296,original,0.14204474,0.08772438,True,0,0.0,0.0,outside_TMD,-0.05432036,0,FN,True,0.91227562
AHCY||A89V,AHCY,A89V,main,1,0,0.8824,original,0.056952138,0.087836884,True,0,0.0,0.0,outside_TMD,0.030884746000000005,0,FN,True,0.912163116
EFHC1||R221H,EFHC1,R221H,main,1,2,0.085,original,0.050019767,0.08944928,True,0,0.0,0.0,outside_TMD,0.039429513000000006,0,FN,True,0.91055072
IL7R||P132S,IL7R,P132S,main,1,1,0.9691,original,0.06858521,0.08961106,True,0,0.00917431,0.0,outside_TMD,0.021025850000000013,0,FN,True,0.91038894
NR0B1||N440I,NR0B1,N440I,main,1,2,0.7858,original,0.09043019,0.09016201,True,0,0.0,0.0,outside_TMD,-0.00026817999999999287,0,FN,True,0.90983799
TRAT1||E76K,TRAT1,E76K,main,1,3,0.3092,original,0.049295574,0.09291513,True,0,0.0204082,0.0,outside_TMD,0.043619556,0,FN,True,0.90708487
CYCS||G42S,CYCS,G42S,main,1,2,0.7866,original,0.19067664,0.09298207,True,0,0.0,0.0,outside_TMD,-0.09769457000000001,0,FN,True,0.90701793
EPHX1||H139R,EPHX1,H139R,main,1,1,0.0574,original,0.1288938,0.093464546,True,0,0.00840336,0.0,outside_TMD,-0.03542925400000001,0,FN,True,0.906535454
MAGEC2||G74V,MAGEC2,G74V,main,1,4,0.085,original,0.12929177,0.09498382,True,0,0.0,0.0,outside_TMD,-0.034307950000000004,0,FN,True,0.9050161800000001
IL12RB1||C186S,IL12RB1,C186S,main,1,3,0.9391,original,0.1990474,0.09566371,True,0,0.00277008,0.0,outside_TMD,-0.10338369000000001,0,FN,True,0.90433629
FSHR||T449I,FSHR,T449I,main,1,1,0.3599,original,0.16233915,0.09967102,True,1,1.0,-0.0516068,in_TMD,-0.06266812999999999,0,FN,True,0.9003289800000001
TIMM8A||C66W,TIMM8A,C66W,main,1,3,0.9969,original,0.22559929,0.099807456,True,0,0.0,0.0,outside_TMD,-0.125791834,0,FN,True,0.900192544
FECH||E178K,FECH,E178K,main,1,2,0.3713,original,0.10507697,0.100549705,True,0,0.0,0.0,outside_TMD,-0.0045272650000000025,0,FN,True,0.899450295
CTRC||M200V,CTRC,M200V,main,1,3,0.5016,original,0.204618,0.106643245,True,0,0.0,0.0,outside_TMD,-0.097974755,0,FN,True,0.893356755
ACTB||E364K,ACTB,E364K,main,1,1,0.9965,original,0.07042823,0.10969726,True,0,0.0,0.0,outside_TMD,0.03926903000000001,0,FN,True,0.89030274
AMHR2||R54C,AMHR2,R54C,main,1,1,0.1856,original,0.08557224,0.110140845,True,0,0.0103093,0.0,outside_TMD,0.024568605000000007,0,FN,True,0.889859155
KRT8||R341H,KRT8,R341H,main,1,0,0.4106,original,0.21099597,0.11046307,True,0,0.0,0.0,outside_TMD,-0.10053290000000001,0,FN,True,0.88953693
KRT6A||F174V,KRT6A,F174V,main,1,4,0.9925,original,0.20035036,0.11195886,True,0,0.0,0.0,outside_TMD,-0.08839150000000001,0,FN,True,0.88804114
CAPN3||T706K,CAPN3,T706K,main,1,3,0.6401,original,0.17194223,0.11210399,True,0,0.0,0.0,outside_TMD,-0.05983824,0,FN,True,0.88789601
CNGA3||P163L,CNGA3,P163L,main,1,0,0.4522,original,0.09815692,0.11416274,True,0,0.111111,0.0,outside_TMD,0.016005820000000004,0,FN,True,0.88583726
FABP1||T94A,FABP1,T94A,main,1,0,0.0736,original,0.06566865,0.11416289,True,0,0.0,0.0,outside_TMD,0.04849424000000001,0,FN,True,0.88583711
STXBP1||M443R,STXBP1,M443R,main,1,4,0.9914,original,0.22833471,0.11539252,True,0,0.0,0.0,outside_TMD,-0.11294219,0,FN,True,0.88460748
ICK||R272Q,ICK,R272Q,main,1,3,0.9866,original,0.24194732,0.11683691,True,0,0.0,0.0,outside_TMD,-0.12511041,0,FN,True,0.88316309
TUBA1A||R402L,TUBA1A,R402L,main,1,3,0.9993,original,0.17981881,0.11860338,True,0,0.0,0.0,outside_TMD,-0.06121543,0,FN,True,0.88139662
RP2||C86Y,RP2,C86Y,main,1,4,0.9866,original,0.14703336,0.12138426,True,0,0.0,0.0,outside_TMD,-0.025649100000000008,0,FN,True,0.87861574
SLC2A2||G318R,SLC2A2,G318R,main,0,3,0.9773,original,0.55121493,0.8765871,True,1,1.0,0.109545,in_TMD,0.32537216999999996,1,FP,True,0.8765871
CYP1A2||R456H,CYP1A2,R456H,main,1,3,0.4348,original,0.19157216,0.12355041,True,0,0.0,0.0,outside_TMD,-0.06802174999999999,0,FN,True,0.87644959
SMAD2||D304G,SMAD2,D304G,main,1,1,0.9994,original,0.08371803,0.12375969,True,0,0.0,0.0,outside_TMD,0.04004166000000001,0,FN,True,0.87624031
C15orf23||P26S,C15orf23,P26S,main,1,2,0.0744,original,0.07891342,0.12390636,True,0,0.0,0.0,outside_TMD,0.044992939999999995,0,FN,True,0.87609364
ACVRL1||M376R,ACVRL1,M376R,main,1,3,0.9942,original,0.15756544,0.12444978,True,0,0.00423729,0.0,outside_TMD,-0.033115660000000005,0,FN,True,0.87555022
ACVRL1||C344P,ACVRL1,C344P,main,1,3,0.9955,original,0.28933087,0.12935713,True,0,0.00490196,0.0,outside_TMD,-0.15997374000000003,0,FN,True,0.87064287
KRT2||I477N,KRT2,I477N,main,1,3,0.9924,original,0.28137282,0.1315434,True,0,0.0,0.0,outside_TMD,-0.14982942000000002,0,FN,True,0.8684566
NR0B1||R425T,NR0B1,R425T,main,1,2,0.5843,original,0.08327274,0.13431206,True,0,0.0,0.0,outside_TMD,0.05103932000000001,0,FN,True,0.8656879399999999
CRYGD||R15C,CRYGD,R15C,main,1,4,0.2403,original,0.10196512,0.13911448,True,0,0.0,0.0,outside_TMD,0.037149360000000006,0,FN,True,0.86088552
AKT1||R370C,AKT1,R370C,main,1,3,0.3239,original,0.0972943,0.14043722,True,0,0.0,0.0,outside_TMD,0.04314292,0,FN,True,0.85956278
DMD||D3187G,DMD,D3187G,main,1,0,0.9902,original,0.10886823,0.1406646,True,0,0.0,0.0,outside_TMD,0.031796370000000004,0,FN,True,0.8593354
SLURP1||W15R,SLURP1,W15R,main,1,2,0.4639,original,0.095511355,0.14109716,True,0,0.0,0.0,outside_TMD,0.04558580499999999,0,FN,True,0.8589028400000001
EBP||L18P,EBP,L18P,main,1,2,0.56,original,0.2270509,0.14221548,True,0,0.0833333,0.0,outside_TMD,-0.08483542,0,FN,True,0.85778452
CRYGD||E107A,CRYGD,E107A,main,1,4,0.3107,original,0.20153521,0.1423772,True,0,0.0,0.0,outside_TMD,-0.05915800999999998,0,FN,True,0.8576228
FSHR||A419T,FSHR,A419T,main,1,1,0.2759,original,0.21983105,0.14328471,True,1,1.0,0.00875259,in_TMD,-0.07654633999999999,0,FN,True,0.85671529
SMARCA2||D1546E,SMARCA2,D1546E,main,1,4,0.0626,original,0.09132216,0.1434491,True,0,0.0,0.0,outside_TMD,0.05212694,0,FN,True,0.8565509
SEMA4A||F350C,SEMA4A,F350C,main,1,3,0.9704,original,0.22022925,0.1488027,True,0,0.00298507,0.0,outside_TMD,-0.07142654999999998,0,FN,True,0.8511972999999999
VKORC1||R98W,VKORC1,R98W,main,1,3,0.0982,original,0.104717165,0.14995967,True,0,0.25,0.0,outside_TMD,0.04524250499999999,0,FN,True,0.85004033
GGCX||W157R,GGCX,W157R,main,1,1,0.9982,original,0.08665371,0.15005545,True,0,0.166667,0.0,outside_TMD,0.06340174000000001,0,FN,True,0.84994455
IL2RG||S108P,IL2RG,S108P,main,1,0,0.447,original,0.22215767,0.15443943,True,0,0.00641026,0.0,outside_TMD,-0.06771824000000001,0,FN,True,0.84556057
FBLN5||V60L,FBLN5,V60L,main,1,2,0.6276,original,0.09729041,0.15565974,True,0,0.0,0.0,outside_TMD,0.05836933,0,FN,True,0.8443402600000001
GGCX||L394R,GGCX,L394R,main,1,1,0.9652,original,0.2020304,0.1596215,True,0,0.0555556,0.0,outside_TMD,-0.0424089,0,FN,True,0.8403785
TUBB2B||S172P,TUBB2B,S172P,main,1,4,0.9968,original,0.20841356,0.16141409,True,0,0.0,0.0,outside_TMD,-0.04699946999999999,0,FN,True,0.8385859099999999
TFAP2A||G262E,TFAP2A,G262E,main,1,0,1.0,original,0.18095711,0.1641737,True,0,0.0,0.0,outside_TMD,-0.01678341,0,FN,True,0.8358263
VKORC1||V45A,VKORC1,V45A,main,1,3,0.2819,original,0.053861722,0.16489442,True,0,0.0588235,0.0,outside_TMD,0.11103269800000001,0,FN,True,0.83510558
NEU2||R41Q,NEU2,R41Q,main,1,4,0.6312,original,0.12095918,0.16615763,True,0,0.0,0.0,outside_TMD,0.04519845,0,FN,True,0.8338423699999999
DCX||L43S,DCX,L43S,main,1,3,0.9995,original,0.075206496,0.16624518,True,0,0.0,0.0,outside_TMD,0.091038684,0,FN,True,0.83375482
ANG||Q36L,ANG,Q36L,main,1,4,0.4797,original,0.16183421,0.1676121,True,0,0.0,0.0,outside_TMD,0.005777890000000008,0,FN,True,0.8323879
DCX||S47R,DCX,S47R,main,1,3,0.993,original,0.37484258,0.17161745,True,0,0.0,0.0,outside_TMD,-0.20322512999999998,0,FN,True,0.8283825499999999
RFXANK||D121V,RFXANK,D121V,main,1,2,0.9955,original,0.20978028,0.17179044,True,0,0.0,0.0,outside_TMD,-0.037989840000000025,0,FN,True,0.82820956
SLC5A5||G93R,SLC5A5,G93R,main,1,2,0.9937,original,0.07801539,0.17299727,True,1,1.0,0.136186,in_TMD,0.09498188,0,FN,True,0.82700273
IL7R||L55Q,IL7R,L55Q,main,1,1,0.9659,original,0.1814754,0.17984074,True,0,0.00537634,0.0,outside_TMD,-0.00163466000000001,0,FN,True,0.8201592600000001
RLBP1||M226K,RLBP1,M226K,main,1,3,0.9645,original,0.27488804,0.18051879,True,0,0.0,0.0,outside_TMD,-0.09436924999999999,0,FN,True,0.81948121
SPOP||E47A,SPOP,E47A,main,1,2,0.8487,original,0.24768043,0.18917748,True,0,0.0,0.0,outside_TMD,-0.05850295,0,FN,True,0.81082252
HIST1H1E||A60D,HIST1H1E,A60D,main,1,3,0.9949,original,0.29405963,0.19122146,True,0,0.0,0.0,outside_TMD,-0.10283817,0,FN,True,0.80877854
RPS19||R62W,RPS19,R62W,main,1,2,0.9764,original,0.40314558,0.1966281,True,0,0.0,0.0,outside_TMD,-0.20651748,0,FN,True,0.8033719
FLT4||P1114L,FLT4,P1114L,main,1,0,0.953,original,0.25269967,0.19867237,True,0,0.0031348,0.0,outside_TMD,-0.0540273,0,FN,True,0.8013276300000001
SLC2A2||W444R,SLC2A2,W444R,main,0,3,0.946,original,0.40592465,0.8013024,True,1,1.0,0.226815,in_TMD,0.39537775,1,FP,True,0.8013024
PLP1||P15L,PLP1,P15L,main,1,3,0.9891,original,0.08867027,0.20015003,True,1,1.0,-0.0852642,in_TMD,0.11147976000000001,0,FN,True,0.79984997
CRYBB1||S228P,CRYBB1,S228P,main,1,1,0.97,original,0.2303625,0.20446706,True,0,0.0,0.0,outside_TMD,-0.025895439999999992,0,FN,True,0.79553294
UROD||Y182C,UROD,Y182C,main,1,3,0.3792,original,0.19101565,0.20512412,True,0,0.0,0.0,outside_TMD,0.014108469999999984,0,FN,True,0.79487588
ALK||R1275Q,ALK,R1275Q,main,1,0,0.9906,original,0.32295316,0.20514913,True,0,0.00460829,0.0,outside_TMD,-0.11780403,0,FN,True,0.79485087
ACVRL1||G48E,ACVRL1,G48E,main,1,3,0.8967,original,0.17589238,0.20583117,True,0,0.0138889,0.0,outside_TMD,0.02993879000000002,0,FN,True,0.79416883
FLT4||H1035R,FLT4,H1035R,main,1,0,0.9981,original,0.21406588,0.2068874,True,0,0.00416667,0.0,outside_TMD,-0.007178479999999987,0,FN,True,0.7931126
RHOA||T175M,RHOA,T175M,main,1,0,0.9388,original,0.23594926,0.20775774,True,0,0.0,0.0,outside_TMD,-0.028191519999999998,0,FN,True,0.79224226
SPOP||E50K,SPOP,E50K,main,1,2,0.967,original,0.13649847,0.21254636,True,0,0.0,0.0,outside_TMD,0.07604788999999998,0,FN,True,0.7874536400000001
FAM196A||Q46R,FAM196A,Q46R,main,1,3,0.8588,original,0.10986709,0.21469747,True,0,0.0,0.0,outside_TMD,0.10483038,0,FN,True,0.78530253
CLRN1||S105P,CLRN1,S105P,main,1,4,0.4697,original,0.3173619,0.21743393,True,1,1.0,0.0575732,in_TMD,-0.09992796999999998,0,FN,True,0.78256607
FGFR2||S267F,FGFR2,S267F,main,1,3,0.8573,original,0.14359893,0.22084276,True,0,0.00892857,0.0,outside_TMD,0.07724382999999999,0,FN,True,0.77915724
KRT6A||A463P,KRT6A,A463P,main,1,4,0.9962,original,0.28212884,0.2212846,True,0,0.0,0.0,outside_TMD,-0.060844239999999994,0,FN,True,0.7787154000000001
MVK||N301T,MVK,N301T,main,1,0,0.8202,original,0.1846522,0.22213419,True,0,0.0,0.0,outside_TMD,0.03748199000000002,0,FN,True,0.77786581
RPS19||V15F,RPS19,V15F,main,1,2,0.9802,original,0.2665203,0.22272031,True,0,0.0,0.0,outside_TMD,-0.04379998999999998,0,FN,True,0.77727969
RPL11||L20H,RPL11,L20H,main,1,2,0.9977,original,0.3560968,0.22344634,True,0,0.0,0.0,outside_TMD,-0.13265046,0,FN,True,0.77655366
STAG2||P572S,STAG2,P572S,main,1,1,0.9712,original,0.30971903,0.22402121,True,0,0.0,0.0,outside_TMD,-0.08569782000000001,0,FN,True,0.77597879
CLRN1||C40G,CLRN1,C40G,main,1,4,0.9086,original,0.39697787,0.22432376,True,0,0.0769231,0.0,outside_TMD,-0.17265411,0,FN,True,0.77567624
BSND||G47R,BSND,G47R,main,0,4,0.9738,original,0.7153547,0.77316064,True,1,1.0,0.109545,in_TMD,0.057805939999999945,1,FP,True,0.77316064
FGF10||I156R,FGF10,I156R,main,1,0,0.9827,original,0.2784481,0.22811939,True,0,0.0,0.0,outside_TMD,-0.05032870999999997,0,FN,True,0.77188061
STK11||L67P,STK11,L67P,main,1,3,0.9996,original,0.23562892,0.23460974,True,0,0.0,0.0,outside_TMD,-0.0010191799999999807,0,FN,True,0.76539026
RPS19||R101H,RPS19,R101H,main,1,2,0.9394,original,0.23340975,0.23512965,True,0,0.0,0.0,outside_TMD,0.0017198999999999964,0,FN,True,0.76487035
ARHGEF9||G55A,ARHGEF9,G55A,main,1,2,0.8096,original,0.3826353,0.2405299,True,0,0.0,0.0,outside_TMD,-0.14210540000000002,0,FN,True,0.7594701
BTK||I56T,BTK,I56T,main,1,3,0.856,original,0.50800407,0.24593697,True,0,0.0,0.0,outside_TMD,-0.2620671,0,FN,True,0.75406303
G6PC3||G262R,G6PC3,G262R,main,0,3,0.9857,original,0.39685127,0.7528236,True,1,1.0,0.148109,in_TMD,0.35597233000000006,1,FP,True,0.7528236
AQP2||T126M,AQP2,T126M,main,1,1,0.2441,original,0.22299416,0.24724443,True,0,0.333333,0.0,outside_TMD,0.02425026999999999,0,FN,True,0.75275557
UCP2||L175V,UCP2,L175V,main,0,4,0.7458,original,0.5584606,0.7522104,True,1,1.0,0.00322571,in_TMD,0.19374979999999997,1,FP,True,0.7522104
BTK||K430E,BTK,K430E,main,0,3,0.9998,original,0.83976185,0.7516585,True,0,0.0,0.0,outside_TMD,-0.08810335000000002,1,FP,True,0.7516585
GAN||A51P,GAN,A51P,main,0,0,0.9965,original,0.8306663,0.7506865,True,0,0.0,0.0,outside_TMD,-0.07997979999999993,1,FP,True,0.7506865
ETHE1||Y38C,ETHE1,Y38C,main,1,0,0.8669,original,0.3196137,0.25075793,True,0,0.0,0.0,outside_TMD,-0.06885576999999998,0,FN,True,0.74924207
CAV3||D28E,CAV3,D28E,main,1,3,0.9908,original,0.22158362,0.25248793,True,0,0.0,0.0,outside_TMD,0.030904310000000018,0,FN,True,0.74751207
ACVRL1||V380G,ACVRL1,V380G,main,1,3,0.9171,original,0.12218488,0.2532631,True,0,0.00416667,0.0,outside_TMD,0.13107822000000002,0,FN,True,0.7467368999999999
MLC1||G130R,MLC1,G130R,main,1,2,0.9825,original,0.19365267,0.25341493,True,1,1.0,0.0336897,in_TMD,0.059762259999999984,0,FN,True,0.7465850700000001
MLC1||A275D,MLC1,A275D,main,1,2,0.9762,original,0.1875495,0.25470525,True,1,1.0,0.0842419,in_TMD,0.06715574999999999,0,FN,True,0.74529475
KRT13||L115P,KRT13,L115P,main,1,2,0.9984,original,0.31015292,0.25573975,True,0,0.0,0.0,outside_TMD,-0.05441317000000001,0,FN,True,0.74426025
SCO2||L151P,SCO2,L151P,main,0,4,0.9048,original,0.5676613,0.7434031,True,0,0.0135135,0.0,outside_TMD,0.17574179999999995,1,FP,True,0.7434031
MCFD2||D81Y,MCFD2,D81Y,main,1,3,0.99,original,0.6552447,0.25660223,True,0,0.0,0.0,outside_TMD,-0.39864247,0,FN,True,0.7433977700000001
AQP2||G64R,AQP2,G64R,main,1,1,0.9303,original,0.18313387,0.25717655,True,0,0.166667,0.0,outside_TMD,0.07404268,0,FN,True,0.7428234499999999
LZTR1||V456G,LZTR1,V456G,main,1,3,0.8063,original,0.48409444,0.25995508,True,0,0.0,0.0,outside_TMD,-0.22413936,0,FN,True,0.74004492
PEX7||H110R,PEX7,H110R,main,0,4,0.9662,original,0.77759725,0.7382249,True,0,0.0,0.0,outside_TMD,-0.039372350000000056,1,FP,True,0.7382249
RBM28||L351P,RBM28,L351P,main,0,4,0.9686,original,0.8071711,0.73701423,True,0,0.0,0.0,outside_TMD,-0.07015687000000004,1,FP,True,0.73701423
PTH||C18R,PTH,C18R,main,1,1,0.7132,original,0.3842233,0.26376587,True,0,0.0,0.0,outside_TMD,-0.12045742999999998,0,FN,True,0.7362341299999999
ALK||F1174L,ALK,F1174L,main,1,0,0.9997,original,0.2806356,0.2648341,True,0,0.00862069,0.0,outside_TMD,-0.01580149999999997,0,FN,True,0.7351658999999999
HADHB||H379R,HADHB,H379R,main,1,3,0.9968,original,0.40492323,0.2681643,True,0,0.0,0.0,outside_TMD,-0.13675893,0,FN,True,0.7318357
GABRG2||K328M,GABRG2,K328M,main,1,4,0.9446,original,0.2677469,0.2707882,True,0,0.142857,0.0,outside_TMD,0.003041299999999969,0,FN,True,0.7292118000000001
BEST1||R218G,BEST1,R218G,main,0,3,0.9599,original,0.57511526,0.72778857,True,0,0.047619,0.0,outside_TMD,0.15267330999999995,1,FP,True,0.72778857
XPO1||R553C,XPO1,R553C,main,0,0,0.9945,original,0.6678276,0.7199207,True,0,0.0,0.0,outside_TMD,0.0520931,1,FP,True,0.7199207
SLC9A3R1||R153Q,SLC9A3R1,R153Q,main,0,1,0.5088,original,0.4942658,0.71881586,True,0,0.0,0.0,outside_TMD,0.22455006,1,FP,True,0.71881586
FHL1||C153Y,FHL1,C153Y,main,0,4,0.9977,original,0.7870771,0.71525484,True,0,0.0,0.0,outside_TMD,-0.07182226000000003,1,FP,True,0.71525484
PAFAH1B1||F31S,PAFAH1B1,F31S,main,0,2,0.9985,original,0.6715854,0.70942014,True,0,0.0,0.0,outside_TMD,0.03783473999999998,1,FP,True,0.70942014
SLC4A1||G455E,SLC4A1,G455E,main,0,1,0.9206,original,0.50184447,0.7086168,True,1,1.0,0.0355207,in_TMD,0.20677233000000006,1,FP,True,0.7086168
STAT1||L600P,STAT1,L600P,main,0,1,0.9998,original,0.80748254,0.69378245,True,0,0.0,0.0,outside_TMD,-0.11370008999999992,1,FP,True,0.69378245
GK||C262R,GK,C262R,main,0,2,0.986,original,0.5270368,0.69278973,True,0,0.00369004,0.0,outside_TMD,0.16575293000000002,1,FP,True,0.69278973
BTK||V64F,BTK,V64F,main,0,3,0.9933,original,0.676855,0.6834175,True,0,0.0,0.0,outside_TMD,0.006562500000000027,1,FP,True,0.6834175
FXN||R165C,FXN,R165C,main,0,0,0.8613,original,0.56749153,0.6820404,True,0,0.0,0.0,outside_TMD,0.11454887000000002,1,FP,True,0.6820404
MFSD8||R233G,MFSD8,R233G,main,0,3,0.2231,original,0.529914,0.68136966,True,0,0.5,0.0,outside_TMD,0.15145566,1,FP,True,0.68136966
NR1I2||R98C,NR1I2,R98C,main,0,3,0.9862,original,0.7402252,0.67214537,True,0,0.0,0.0,outside_TMD,-0.06807983000000006,1,FP,True,0.67214537
CRYGD||G61C,CRYGD,G61C,main,0,4,0.8468,original,0.608779,0.66974205,True,0,0.0,0.0,outside_TMD,0.06096305000000002,1,FP,True,0.66974205
CHRNA4||T261I,CHRNA4,T261I,main,0,4,0.9459,original,0.35382512,0.665799,True,1,1.0,-0.0894696,in_TMD,0.31197388000000004,1,FP,True,0.665799
EFEMP1||R345W,EFEMP1,R345W,main,0,1,0.3567,original,0.48674014,0.6639168,True,0,0.0,0.0,outside_TMD,0.17717665999999999,1,FP,True,0.6639168
ANGPTL3||D41N,ANGPTL3,D41N,main,0,1,0.4972,original,0.54019034,0.6633354,True,0,0.0,0.0,outside_TMD,0.12314506000000003,1,FP,True,0.6633354
DYM||C542R,DYM,C542R,main,0,0,0.997,original,0.77441293,0.65647465,True,0,0.0,0.0,outside_TMD,-0.11793827999999995,1,FP,True,0.65647465
PTCH1||T230P,PTCH1,T230P,main,0,2,0.9187,original,0.2943445,0.6547847,True,0,0.00877193,0.0,outside_TMD,0.3604402,1,FP,True,0.6547847
BEST1||R92C,BEST1,R92C,main,0,3,0.934,original,0.6122575,0.65435594,True,0,0.0909091,0.0,outside_TMD,0.04209843999999996,1,FP,True,0.65435594
SLC29A3||G437R,SLC29A3,G437R,main,0,3,0.9613,original,0.19575343,0.65127,True,0,0.5,0.0,outside_TMD,0.45551657,1,FP,True,0.65127
KCNV2||G459D,KCNV2,G459D,main,0,3,0.9895,original,0.5601397,0.6463529,True,0,0.0714286,0.0,outside_TMD,0.08621319999999999,1,FP,True,0.6463529
HAL||R322P,HAL,R322P,main,0,4,0.9829,original,0.6255313,0.643255,True,0,0.0,0.0,outside_TMD,0.01772370000000001,1,FP,True,0.643255
CRYGC||R91W,CRYGC,R91W,additional_benign,0,3,0.2392,retrieved,0.4046602,0.64011115,True,0,0.0,0.0,outside_TMD,0.23545094999999994,1,FP,True,0.64011115
SLC26A2||N425D,SLC26A2,N425D,main,0,4,0.9275,original,0.42181298,0.63998026,True,1,1.0,0.0728166,in_TMD,0.21816727999999996,1,FP,True,0.63998026
OR2T33||R120S,OR2T33,R120S,main,0,4,0.6173,original,0.42143416,0.6318073,True,0,0.333333,0.0,outside_TMD,0.21037313999999996,1,FP,True,0.6318073
SLC28A2||F355S,SLC28A2,F355S,main,0,1,0.3982,original,0.558244,0.6240192,True,1,1.0,0.0159425,in_TMD,0.06577520000000003,1,FP,True,0.6240192
HNMT||T105I,HNMT,T105I,main,0,4,0.1935,original,0.42683375,0.622234,True,0,0.0,0.0,outside_TMD,0.19540024999999994,1,FP,True,0.622234
RRM2B||W64R,RRM2B,W64R,main,0,1,0.999,original,0.6355314,0.6215208,True,0,0.0,0.0,outside_TMD,-0.014010599999999984,1,FP,True,0.6215208
CHRNG||R86C,CHRNG,R86C,main,0,2,0.9126,original,0.6304031,0.620709,True,0,0.00641026,0.0,outside_TMD,-0.009694100000000039,1,FP,True,0.620709
STAR||M144R,STAR,M144R,main,0,0,0.8129,original,0.55535954,0.6177128,True,0,0.0,0.0,outside_TMD,0.062353259999999966,1,FP,True,0.6177128
SLC2A2||V197I,SLC2A2,V197I,main,0,3,0.2132,original,0.28729272,0.6169593,True,1,1.0,-0.0226645,in_TMD,0.32966658,1,FP,True,0.6169593
KCNJ1||K45E,KCNJ1,K45E,main,0,2,0.9605,original,0.44747156,0.6147518,True,0,0.0294118,0.0,outside_TMD,0.16728023999999997,1,FP,True,0.6147518
SLC7A9||V330M,SLC7A9,V330M,main,0,0,0.7324,original,0.37212935,0.6142123,True,0,0.166667,0.0,outside_TMD,0.24208295000000002,1,FP,True,0.6142123
ALG12||F142V,ALG12,F142V,main,0,4,0.8085,original,0.31627637,0.6123797,True,1,1.0,0.000129715,in_TMD,0.29610333,1,FP,True,0.6123797
KPNA3||V154G,KPNA3,V154G,main,0,0,0.9428,original,0.67346084,0.6058998,True,0,0.0,0.0,outside_TMD,-0.06756103999999996,1,FP,True,0.6058998
PHKG2||G189E,PHKG2,G189E,main,0,2,0.9992,original,0.60264003,0.60488135,True,0,0.0,0.0,outside_TMD,0.002241319999999991,1,FP,True,0.60488135
ARSI||P228L,ARSI,P228L,main,0,0,0.7727,original,0.6274292,0.60097307,True,0,0.0,0.0,outside_TMD,-0.026456130000000022,1,FP,True,0.60097307
REN||S135Y,REN,S135Y,main,0,0,0.9476,original,0.63478386,0.59627527,True,0,0.0,0.0,outside_TMD,-0.038508589999999954,1,FP,True,0.59627527
TGFBR2||L308P,TGFBR2,L308P,main,0,3,0.9988,original,0.48928595,0.5962394,True,0,0.00819672,0.0,outside_TMD,0.10695344999999995,1,FP,True,0.5962394
FAS||E256G,FAS,E256G,main,0,0,0.6568,original,0.475049,0.5890665,True,0,0.0149254,0.0,outside_TMD,0.11401750000000005,1,FP,True,0.5890665
MMAA||L89P,MMAA,L89P,main,0,3,0.9196,original,0.5098682,0.5882114,True,0,0.0,0.0,outside_TMD,0.07834320000000006,1,FP,True,0.5882114
UQCRQ||S45F,UQCRQ,S45F,main,0,2,0.5226,original,0.27399263,0.58812535,True,1,1.0,-0.0309419,in_TMD,0.31413272,1,FP,True,0.58812535
SDHB||C186Y,SDHB,C186Y,main,0,4,0.998,original,0.62539953,0.58799934,True,0,0.0,0.0,outside_TMD,-0.037400190000000055,1,FP,True,0.58799934
CLCNKB||A61D,CLCNKB,A61D,main,0,2,0.9589,original,0.23272441,0.587543,True,1,1.0,0.139399,in_TMD,0.35481859000000004,1,FP,True,0.587543
ISX||R86C,ISX,R86C,main,0,4,0.7511,original,0.5442028,0.58276546,True,0,0.0,0.0,outside_TMD,0.03856265999999997,1,FP,True,0.58276546
CHRNG||V107G,CHRNG,V107G,main,0,2,0.8089,original,0.57026553,0.579648,True,0,0.00740741,0.0,outside_TMD,0.009382470000000032,1,FP,True,0.579648
SFTPC||C189G,SFTPC,C189G,main,0,2,0.8101,original,0.6352967,0.579104,True,0,0.0,0.0,outside_TMD,-0.056192700000000095,1,FP,True,0.579104
TAT||R119W,TAT,R119W,main,0,4,0.9541,original,0.56368774,0.5788018,True,0,0.0,0.0,outside_TMD,0.01511406000000004,1,FP,True,0.5788018
CSRP3||L44P,CSRP3,L44P,main,0,3,0.9987,original,0.7200777,0.57582057,True,0,0.0,0.0,outside_TMD,-0.14425713000000007,1,FP,True,0.57582057
SLC45A2||G198D,SLC45A2,G198D,main,0,1,0.9392,original,0.41985512,0.572247,True,1,1.0,0.185889,in_TMD,0.15239187999999992,1,FP,True,0.572247
DARS2||Y629C,DARS2,Y629C,main,0,2,0.3635,original,0.5104422,0.5714887,True,0,0.0,0.0,outside_TMD,0.061046500000000004,1,FP,True,0.5714887
BEST1||Y85H,BEST1,Y85H,main,0,3,0.9861,original,0.37255841,0.5681176,True,0,0.25,0.0,outside_TMD,0.19555919,1,FP,True,0.5681176
GABRG2||R177G,GABRG2,R177G,main,0,4,0.902,original,0.34808445,0.56465834,True,0,0.01,0.0,outside_TMD,0.21657389000000005,1,FP,True,0.56465834
AQP4||D184E,AQP4,D184E,main,0,2,0.8031,original,0.49884027,0.56454426,True,0,0.5,0.0,outside_TMD,0.06570399000000005,1,FP,True,0.56454426
OR2T33||L60P,OR2T33,L60P,main,0,4,0.3889,original,0.5111328,0.56449133,True,1,1.0,0.105049,in_TMD,0.053358529999999904,1,FP,True,0.56449133
CHRND||I79K,CHRND,I79K,main,0,2,0.888,original,0.3318957,0.56338644,True,0,0.00595238,0.0,outside_TMD,0.23149074000000003,1,FP,True,0.56338644
FCGR3A||L102H,FCGR3A,L102H,main,0,4,0.9456,original,0.57132375,0.5631317,True,0,0.00925926,0.0,outside_TMD,-0.008192050000000006,1,FP,True,0.5631317
ABAT||R220K,ABAT,R220K,main,0,3,0.9622,original,0.4299782,0.5623575,True,0,0.0,0.0,outside_TMD,0.13237929999999998,1,FP,True,0.5623575
ACADS||R46W,ACADS,R46W,main,0,0,0.3507,original,0.53311205,0.56186396,True,0,0.0,0.0,outside_TMD,0.028751910000000103,1,FP,True,0.56186396
CYP27B1||D164N,CYP27B1,D164N,main,0,1,0.5525,original,0.46622798,0.56148016,True,0,0.0,0.0,outside_TMD,0.09525218000000002,1,FP,True,0.56148016
SPOP||K101I,SPOP,K101I,main,0,2,0.9854,original,0.48861802,0.5603204,True,0,0.0,0.0,outside_TMD,0.07170238000000007,1,FP,True,0.5603204
COX10||D336V,COX10,D336V,main,0,1,0.9961,original,0.6444535,0.55679375,True,0,0.125,0.0,outside_TMD,-0.08765975000000004,1,FP,True,0.55679375
HLCS||V547G,HLCS,V547G,main,0,3,0.3962,original,0.49710587,0.5566276,True,0,0.0,0.0,outside_TMD,0.059521729999999995,1,FP,True,0.5566276
PHKG2||H145Y,PHKG2,H145Y,main,0,2,0.9746,original,0.68855697,0.5558009,True,0,0.0,0.0,outside_TMD,-0.13275607,1,FP,True,0.5558009
SNCA||A30P,SNCA,A30P,main,0,0,0.9916,original,0.40713975,0.55070597,True,0,0.0,0.0,outside_TMD,0.14356621999999997,1,FP,True,0.55070597
PNPO||R95C,PNPO,R95C,main,0,0,0.8758,original,0.3164196,0.55002326,True,0,0.0,0.0,outside_TMD,0.23360366,1,FP,True,0.55002326
OR2G6||W149C,OR2G6,W149C,main,0,3,0.5239,original,0.18815157,0.5495195,True,1,1.0,0.0123137,in_TMD,0.36136793000000006,1,FP,True,0.5495195
EDNRB||W276C,EDNRB,W276C,main,0,4,0.9417,original,0.28871527,0.54841447,True,1,1.0,0.00412576,in_TMD,0.25969919999999996,1,FP,True,0.54841447
HMBS||D61N,HMBS,D61N,main,0,2,0.9876,original,0.6141401,0.5477366,True,0,0.0,0.0,outside_TMD,-0.06640349999999995,1,FP,True,0.5477366
SQSTM1||S399P,SQSTM1,S399P,main,0,0,0.9758,original,0.8048531,0.5471987,True,0,0.0,0.0,outside_TMD,-0.25765439999999995,1,FP,True,0.5471987
STK11||W239C,STK11,W239C,main,0,3,0.9993,original,0.7101806,0.5453285,True,0,0.0,0.0,outside_TMD,-0.16485210000000006,1,FP,True,0.5453285
EIF2B2||G200A,EIF2B2,G200A,main,0,4,0.8601,original,0.64769596,0.5433616,True,0,0.0,0.0,outside_TMD,-0.10433435999999996,1,FP,True,0.5433616
ALG12||R311C,ALG12,R311C,main,0,4,0.5678,original,0.31968522,0.54296327,True,0,0.5,0.0,outside_TMD,0.22327805,1,FP,True,0.54296327
SLC47A1||D328A,SLC47A1,D328A,main,0,4,0.2031,original,0.35312867,0.5424507,True,0,0.1,0.0,outside_TMD,0.18932202999999997,1,FP,True,0.5424507
MAGT1||V311G,MAGT1,V311G,main,0,2,0.1843,original,0.5080274,0.54194474,True,1,1.0,0.0835634,in_TMD,0.03391734000000002,1,FP,True,0.54194474
SCO1||P174L,SCO1,P174L,main,0,1,0.897,original,0.39641988,0.54021555,True,0,0.015625,0.0,outside_TMD,0.14379567,1,FP,True,0.54021555
DGUOK||S107P,DGUOK,S107P,main,0,0,0.9333,original,0.5258842,0.53889424,True,0,0.0,0.0,outside_TMD,0.013010039999999945,1,FP,True,0.53889424
EIF2B2||E213G,EIF2B2,E213G,main,0,4,0.4426,original,0.44527894,0.5378595,True,0,0.0,0.0,outside_TMD,0.09258056000000003,1,FP,True,0.5378595
REEP1||A20E,REEP1,A20E,main,0,1,0.9995,original,0.46867064,0.5359933,True,1,1.0,0.0470558,in_TMD,0.06732265999999998,1,FP,True,0.5359933
DDB2||K244E,DDB2,K244E,main,0,2,0.9449,original,0.41074872,0.5351272,True,0,0.0,0.0,outside_TMD,0.12437848000000001,1,FP,True,0.5351272
CHRND||Q288E,CHRND,Q288E,main,0,2,0.1828,original,0.3655349,0.53336865,True,1,1.0,0.0242098,in_TMD,0.16783375,1,FP,True,0.53336865
G6PC||G222R,G6PC,G222R,main,0,2,0.9035,original,0.41114646,0.53330445,True,1,1.0,0.136186,in_TMD,0.12215799000000005,1,FP,True,0.53330445
PPP2R1A||R258H,PPP2R1A,R258H,main,0,1,0.9995,original,0.3885528,0.529509,True,0,0.0,0.0,outside_TMD,0.14095620000000003,1,FP,True,0.529509
PRKAG3||R225W,PRKAG3,R225W,main,0,0,0.8344,original,0.29824212,0.5263695,True,0,0.0,0.0,outside_TMD,0.22812738000000005,1,FP,True,0.5263695
OR2T33||P285L,OR2T33,P285L,main,0,4,0.356,original,0.35104874,0.52352816,True,1,1.0,-0.154937,in_TMD,0.17247942,1,FP,True,0.52352816
SURF1||L203P,SURF1,L203P,main,0,2,0.9517,original,0.46857962,0.5230208,True,0,0.0138889,0.0,outside_TMD,0.05444117999999998,1,FP,True,0.5230208
CETP||L168P,CETP,L168P,main,0,4,0.4961,original,0.40383634,0.52295876,True,0,0.0,0.0,outside_TMD,0.11912241999999995,1,FP,True,0.52295876
HSD17B4||S153L,HSD17B4,S153L,main,0,2,0.5583,original,0.35524112,0.52108705,True,0,0.0,0.0,outside_TMD,0.16584592999999997,1,FP,True,0.52108705
GNRHR||Y284C,GNRHR,Y284C,main,0,4,0.5857,original,0.28929013,0.520698,True,1,1.0,0.00534495,in_TMD,0.23140787000000002,1,FP,True,0.520698
MFAP4||Y55S,MFAP4,Y55S,main,0,1,0.8604,original,0.4868779,0.51959276,True,0,0.0,0.0,outside_TMD,0.03271486000000001,1,FP,True,0.51959276
CHRNA4||S284L,CHRNA4,S284L,main,0,4,0.939,original,0.44444087,0.5150063,True,1,1.0,-0.132896,in_TMD,0.07056543000000004,1,FP,True,0.5150063
REEP1||L107P,REEP1,L107P,main,0,1,0.9982,original,0.39116752,0.51499015,True,0,0.0322581,0.0,outside_TMD,0.12382263000000004,1,FP,True,0.51499015
EDNRB||M132I,EDNRB,M132I,main,0,4,0.999,original,0.6072435,0.5134723,True,0,0.142857,0.0,outside_TMD,-0.09377120000000005,1,FP,True,0.5134723
HPGD||A140P,HPGD,A140P,main,0,0,0.9709,original,0.60544086,0.5102579,True,0,0.0,0.0,outside_TMD,-0.09518295999999993,1,FP,True,0.5102579
FCGR3A||L102R,FCGR3A,L102R,main,0,4,0.8557,original,0.42755184,0.5079383,True,0,0.00925926,0.0,outside_TMD,0.08038645999999994,1,FP,True,0.5079383
MFSD8||T294K,MFSD8,T294K,main,0,3,0.7812,original,0.37615302,0.50763077,True,0,0.125,0.0,outside_TMD,0.13147775,1,FP,True,0.50763077
WISP3||S334P,WISP3,S334P,main,0,3,0.9544,original,0.6458556,0.50751907,True,0,0.0,0.0,outside_TMD,-0.13833653,1,FP,True,0.50751907
HK1||L529S,HK1,L529S,main,0,0,0.9987,original,0.46686718,0.50554776,True,0,0.0,0.0,outside_TMD,0.03868058000000002,1,FP,True,0.50554776
SLC10A2||T262M,SLC10A2,T262M,main,0,2,0.7232,original,0.62024015,0.50310767,True,0,0.0555556,0.0,outside_TMD,-0.11713247999999998,1,FP,True,0.50310767
GDI1||R423P,GDI1,R423P,main,0,4,0.9969,original,0.7970644,0.50229216,True,0,0.0,0.0,outside_TMD,-0.29477224,1,FP,True,0.50229216
HCCS||R217C,HCCS,R217C,main,0,1,0.955,original,0.38806948,0.5008668,True,0,0.0,0.0,outside_TMD,0.11279731999999992,1,FP,True,0.5008668
ZDHHC9||R148W,ZDHHC9,R148W,main,0,3,0.9995,original,0.26321265,0.5006568,True,0,0.027027,0.0,outside_TMD,0.23744415000000002,1,FP,True,0.5006568
SLC25A15||T32R,SLC25A15,T32R,main,0,4,0.9312,original,0.3215405,0.49491143,True,0,0.125,0.0,outside_TMD,0.17337092999999998,1,FP,True,0.49491143
SFTPC||P30L,SFTPC,P30L,main,0,2,0.2958,original,0.39177436,0.49413455,True,0,0.0,0.0,outside_TMD,0.10236019000000002,1,FP,True,0.49413455
THRB||L330S,THRB,L330S,main,0,0,0.9995,original,0.5963485,0.4908565,True,0,0.0,0.0,outside_TMD,-0.10549199999999997,1,FP,True,0.4908565
PDHB||C306R,PDHB,C306R,main,0,2,0.9692,original,0.583657,0.48957688,True,0,0.0,0.0,outside_TMD,-0.09408011999999999,1,FP,True,0.48957688
PNPO||R95H,PNPO,R95H,main,0,0,0.9122,original,0.3896003,0.48922208,True,0,0.0,0.0,outside_TMD,0.09962178,1,FP,True,0.48922208
PRKAR1A||A213D,PRKAR1A,A213D,main,0,4,0.9993,original,0.6420088,0.4875397,True,0,0.0,0.0,outside_TMD,-0.15446910000000003,1,FP,True,0.4875397
TPO||A53P,TPO,A53P,main,0,4,0.9122,original,0.6761881,0.48739386,True,0,0.00125786,0.0,outside_TMD,-0.18879423999999995,1,FP,True,0.48739386
KCNA1||F414C,KCNA1,F414C,main,0,4,0.9961,original,0.30423573,0.487235,True,1,1.0,0.0021943,in_TMD,0.18299927,1,FP,True,0.487235
SLC29A3||T449R,SLC29A3,T449R,main,0,3,0.7395,original,0.25479212,0.48618597,True,0,0.142857,0.0,outside_TMD,0.23139385,1,FP,True,0.48618597
DKC1||R158W,DKC1,R158W,main,0,3,0.8868,original,0.37444398,0.48527858,True,0,0.0,0.0,outside_TMD,0.1108346,1,FP,True,0.48527858
ERBB2||R897Q,ERBB2,R897Q,main,0,4,0.8093,original,0.2611606,0.48274523,True,0,0.0044843,0.0,outside_TMD,0.22158463,1,FP,True,0.48274523
TULP1||R482W,TULP1,R482W,main,0,3,0.9668,original,0.49802384,0.48085225,True,0,0.0,0.0,outside_TMD,-0.017171590000000014,1,FP,True,0.48085225
SPOP||F133S,SPOP,F133S,main,0,2,0.9994,original,0.6630986,0.48065367,True,0,0.0,0.0,outside_TMD,-0.18244493,1,FP,True,0.48065367
HPD||Y160C,HPD,Y160C,main,0,1,0.4546,original,0.44980666,0.478755,True,0,0.0,0.0,outside_TMD,0.02894833999999996,1,FP,True,0.478755
PCCA||A75P,PCCA,A75P,main,0,1,0.9789,original,0.4335579,0.47691473,True,0,0.0,0.0,outside_TMD,0.04335683000000001,1,FP,True,0.47691473
HRAS||K117R,HRAS,K117R,main,0,1,0.8782,original,0.41009596,0.47662848,True,0,0.0,0.0,outside_TMD,0.06653252000000004,1,FP,True,0.47662848
IDH1||R132H,IDH1,R132H,main,0,0,0.992,original,0.47762898,0.47469142,True,0,0.0,0.0,outside_TMD,-0.0029375600000000057,1,FP,True,0.47469142
SLC29A3||M116R,SLC29A3,M116R,main,0,3,0.7022,original,0.32692748,0.47397143,True,1,1.0,0.213286,in_TMD,0.14704395000000003,1,FP,True,0.47397143
PTCH1||G110R,PTCH1,G110R,main,0,2,0.9973,original,0.36585146,0.47365457,True,1,1.0,0.161588,in_TMD,0.10780310999999998,1,FP,True,0.47365457
CHRNA4||L290V,CHRNA4,L290V,main,0,4,0.9208,original,0.4295085,0.47343072,True,1,1.0,0.00607649,in_TMD,0.04392222000000001,1,FP,True,0.47343072
SCO2||E140K,SCO2,E140K,main,0,4,0.8444,original,0.41570124,0.47341004,True,0,0.015873,0.0,outside_TMD,0.05770879999999995,1,FP,True,0.47341004
SLC29A3||G427S,SLC29A3,G427S,main,0,3,0.7657,original,0.23187077,0.47240037,True,1,1.0,0.00781535,in_TMD,0.2405296,1,FP,True,0.47240037
TPM2||Q147P,TPM2,Q147P,main,0,4,0.9934,original,0.5026457,0.47147396,True,0,0.0,0.0,outside_TMD,-0.031171739999999948,1,FP,True,0.47147396
CYBB||C244S,CYBB,C244S,main,0,3,0.9973,original,0.3616883,0.4708602,True,0,0.0434783,0.0,outside_TMD,0.10917189999999999,1,FP,True,0.4708602
AMHR2||R504C,AMHR2,R504C,main,0,1,0.5038,original,0.3855635,0.4705329,True,0,0.00298507,0.0,outside_TMD,0.08496939999999997,1,FP,True,0.4705329
ASPA||E285A,ASPA,E285A,main,0,1,0.9876,original,0.44528386,0.46675497,True,0,0.0,0.0,outside_TMD,0.021471110000000015,1,FP,True,0.46675497
SMPD1||D51V,SMPD1,D51V,main,0,2,0.1872,original,0.40642875,0.46592495,True,0,0.0,0.0,outside_TMD,0.0594962,1,FP,True,0.46592495
FXN||L106S,FXN,L106S,main,0,0,0.9794,original,0.5419198,0.46340257,True,0,0.0,0.0,outside_TMD,-0.07851722999999994,1,FP,True,0.46340257
TPP1||P544S,TPP1,P544S,main,0,0,0.5983,original,0.3089131,0.46307454,True,0,0.0,0.0,outside_TMD,0.15416143999999998,1,FP,True,0.46307454
TBX22||R151L,TBX22,R151L,main,0,0,0.7028,original,0.58139306,0.46276593,True,0,0.0,0.0,outside_TMD,-0.11862713000000003,1,FP,True,0.46276593
PNPLA3||Y220C,PNPLA3,Y220C,additional_benign,0,2,0.2177,retrieved,0.3495542,0.46269348,True,0,0.00628931,0.0,outside_TMD,0.11313928000000001,1,FP,True,0.46269348
SLC2A3||F88S,SLC2A3,F88S,main,0,2,0.7919,original,0.20681421,0.46195146,True,0,0.25,0.0,outside_TMD,0.25513725,1,FP,True,0.46195146
PAFAH1B1||S167P,PAFAH1B1,S167P,main,0,2,0.9996,original,0.5671919,0.46192095,True,0,0.0,0.0,outside_TMD,-0.10527094999999997,1,FP,True,0.46192095
TLR2||R753Q,TLR2,R753Q,main,0,2,0.2459,original,0.49025738,0.45881417,True,0,0.00689655,0.0,outside_TMD,-0.03144321,1,FP,True,0.45881417
HRH4||S170L,HRH4,S170L,main,0,1,0.1024,original,0.4185059,0.45690635,True,0,0.25,0.0,outside_TMD,0.03840045000000003,1,FP,True,0.45690635
WNT4||E216G,WNT4,E216G,main,0,4,0.929,original,0.19374661,0.45464748,True,0,0.0,0.0,outside_TMD,0.26090086999999995,1,FP,True,0.45464748
ALG12||T67M,ALG12,T67M,main,0,4,0.7175,original,0.11548294,0.45394933,True,0,0.5,0.0,outside_TMD,0.33846639,1,FP,True,0.45394933
CD44||R46P,CD44,R46P,main,0,2,0.8689,original,0.37821713,0.45381153,True,0,0.00165289,0.0,outside_TMD,0.0755944,1,FP,True,0.45381153
CHST6||Y358D,CHST6,Y358D,main,0,3,0.9496,original,0.38952917,0.45292786,True,0,0.003003,0.0,outside_TMD,0.06339869000000004,1,FP,True,0.45292786
STS||W372R,STS,W372R,main,0,3,0.9377,original,0.32145563,0.45279896,True,0,0.00719424,0.0,outside_TMD,0.13134332999999998,1,FP,True,0.45279896
LBR||N547D,LBR,N547D,main,0,3,0.9251,original,0.25809625,0.4520473,True,0,0.0666667,0.0,outside_TMD,0.19395104999999996,1,FP,True,0.4520473
FOXD4||W148R,FOXD4,W148R,main,0,1,0.8934,original,0.52794856,0.45145684,True,0,0.0,0.0,outside_TMD,-0.07649171999999999,1,FP,True,0.45145684
CFHR5||M514R,CFHR5,M514R,main,0,0,0.2858,original,0.518432,0.4513858,True,0,0.0,0.0,outside_TMD,-0.0670462,1,FP,True,0.4513858
PDHA1||R88C,PDHA1,R88C,main,0,3,0.9493,original,0.6403965,0.45024654,True,0,0.0,0.0,outside_TMD,-0.19014996000000006,1,FP,True,0.45024654
REG3A||P109S,REG3A,P109S,main,0,4,0.3716,original,0.40285474,0.4494418,True,0,0.0,0.0,outside_TMD,0.04658706000000001,1,FP,True,0.4494418
NDUFAF1||T207P,NDUFAF1,T207P,main,0,1,0.9269,original,0.41281903,0.44877484,True,0,0.0,0.0,outside_TMD,0.03595581000000003,1,FP,True,0.44877484
SUOX||W450R,SUOX,W450R,main,0,4,0.9675,original,0.5745307,0.44685268,True,0,0.0,0.0,outside_TMD,-0.12767801999999995,1,FP,True,0.44685268
SLC10A2||L243P,SLC10A2,L243P,main,0,2,0.7958,original,0.355288,0.4462158,True,1,1.0,0.0692878,in_TMD,0.0909278,1,FP,True,0.4462158
EGFR||A289V,EGFR,A289V,main,0,2,0.8289,original,0.5519371,0.44607234,True,0,0.0027933,0.0,outside_TMD,-0.10586475999999995,1,FP,True,0.44607234
OR2G6||N294Y,OR2G6,N294Y,main,0,3,0.5499,original,0.35393387,0.44601998,True,0,0.333333,0.0,outside_TMD,0.09208611,1,FP,True,0.44601998
KCNJ10||G77R,KCNJ10,G77R,main,0,2,0.991,original,0.2100191,0.44470975,True,1,1.0,0.109017,in_TMD,0.23469065000000003,1,FP,True,0.44470975
ITGB2||C590R,ITGB2,C590R,main,0,2,0.9966,original,0.49093476,0.4446665,True,0,0.00892857,0.0,outside_TMD,-0.046268260000000005,1,FP,True,0.4446665
AMT||R320H,AMT,R320H,main,0,4,0.7683,original,0.3981349,0.44465148,True,0,0.0,0.0,outside_TMD,0.046516579999999974,1,FP,True,0.44465148
TMEM43||S358L,TMEM43,S358L,main,0,1,0.6497,original,0.23138487,0.4437119,True,1,1.0,-0.102879,in_TMD,0.21232703,1,FP,True,0.4437119
FGF10||R80S,FGF10,R80S,main,0,0,0.9995,original,0.3901144,0.44284698,True,0,0.0,0.0,outside_TMD,0.05273258000000003,1,FP,True,0.44284698
CDC73||L64P,CDC73,L64P,main,0,0,0.9996,original,0.6411608,0.4426188,True,0,0.0,0.0,outside_TMD,-0.198542,1,FP,True,0.4426188
GTF2H5||L21P,GTF2H5,L21P,main,0,1,0.9938,original,0.160087,0.44216484,True,0,0.0,0.0,outside_TMD,0.28207784,1,FP,True,0.44216484
PRODH||R453C,PRODH,R453C,additional_benign,0,1,,no_annotation_url,0.60439044,0.44179207,False,0,0.0,0.0,outside_TMD,-0.16259837,1,FP,False,0.44179207
UGT1A10||Q328R,UGT1A10,Q328R,main,0,0,0.8203,original,0.51741976,0.44172525,True,0,0.00621118,0.0,outside_TMD,-0.07569450999999999,1,FP,True,0.44172525
GPR141||E267K,GPR141,E267K,main,0,4,0.8674,original,0.4336808,0.43995985,True,0,0.5,0.0,outside_TMD,0.006279050000000008,1,FP,True,0.43995985
NHLRC1||P366L,NHLRC1,P366L,main,0,1,0.5874,original,0.27052346,0.439019,True,0,0.0,0.0,outside_TMD,0.16849554,1,FP,True,0.439019
TULP1||R420P,TULP1,R420P,main,0,3,0.9713,original,0.3716698,0.43896148,True,0,0.0,0.0,outside_TMD,0.06729168000000002,1,FP,True,0.43896148
MFSD8||G52R,MFSD8,G52R,main,0,3,0.8809,original,0.27905738,0.43838316,True,1,1.0,0.143802,in_TMD,0.15932577999999997,1,FP,True,0.43838316
CA4||R219S,CA4,R219S,main,0,4,0.9521,original,0.46232653,0.43818188,True,0,0.0,0.0,outside_TMD,-0.02414464999999999,1,FP,True,0.43818188
FZD4||W335C,FZD4,W335C,main,0,1,0.9996,original,0.32486746,0.43817618,True,0,0.333333,0.0,outside_TMD,0.11330872000000003,1,FP,True,0.43817618
FUT1||L164H,FUT1,L164H,main,0,0,0.8839,original,0.27387178,0.43782583,True,0,0.00714286,0.0,outside_TMD,0.16395405000000002,1,FP,True,0.43782583
CPT1A||E360G,CPT1A,E360G,main,0,2,0.8158,original,0.3197358,0.43770713,True,0,0.0041841,0.0,outside_TMD,0.11797132999999999,1,FP,True,0.43770713
HSD17B10||R130C,HSD17B10,R130C,main,0,3,0.337,original,0.46137244,0.4376071,True,0,0.0,0.0,outside_TMD,-0.023765339999999968,1,FP,True,0.4376071
RBP4||G93D,RBP4,G93D,main,0,0,0.9962,original,0.4985807,0.4371285,True,0,0.0,0.0,outside_TMD,-0.06145220000000001,1,FP,True,0.4371285
FHL1||W122S,FHL1,W122S,main,0,4,0.9944,original,0.43843177,0.436479,True,0,0.0,0.0,outside_TMD,-0.0019527699999999926,1,FP,True,0.436479
TTR||V50M,TTR,V50M,main,0,2,0.3508,original,0.32165995,0.43280423,True,0,0.0,0.0,outside_TMD,0.11114428000000004,1,FP,True,0.43280423
IFT80||H105Q,IFT80,H105Q,main,0,4,0.9661,original,0.44399688,0.43278047,True,0,0.0,0.0,outside_TMD,-0.01121641000000001,1,FP,True,0.43278047
PC||A610T,PC,A610T,main,0,0,0.9847,original,0.5748817,0.43273795,True,0,0.0,0.0,outside_TMD,-0.14214375000000007,1,FP,True,0.43273795
BRAF||G596R,BRAF,G596R,main,0,0,0.9999,original,0.5495226,0.43103334,True,0,0.0,0.0,outside_TMD,-0.11848925999999999,1,FP,True,0.43103334
DCX||R178C,DCX,R178C,main,0,3,0.9197,original,0.29009378,0.43098342,True,0,0.0,0.0,outside_TMD,0.14088963999999998,1,FP,True,0.43098342
KLKB1||C548Y,KLKB1,C548Y,main,0,4,0.9757,original,0.42253485,0.43084317,True,0,0.0,0.0,outside_TMD,0.00830831999999998,1,FP,True,0.43084317
MAP2K1||E203K,MAP2K1,E203K,main,0,4,0.9941,original,0.6005586,0.43035927,True,0,0.0,0.0,outside_TMD,-0.17019933000000004,1,FP,True,0.43035927
MCOLN1||F465L,MCOLN1,F465L,main,0,4,0.9987,original,0.32598543,0.42892715,True,0,0.0555556,0.0,outside_TMD,0.10294171999999996,1,FP,True,0.42892715
HBB||A116D,HBB,A116D,main,0,0,0.9746,original,0.47591317,0.42845815,True,0,0.0,0.0,outside_TMD,-0.047455020000000014,1,FP,True,0.42845815
OTX2||R89G,OTX2,R89G,main,0,3,0.9998,original,0.45961338,0.42586523,True,0,0.0,0.0,outside_TMD,-0.03374815000000003,1,FP,True,0.42586523
FBXW7||R465C,FBXW7,R465C,main,0,1,0.9999,original,0.29218987,0.42574322,True,0,0.0,0.0,outside_TMD,0.13355334999999996,1,FP,True,0.42574322
TAT||R433W,TAT,R433W,main,0,4,0.9569,original,0.29180017,0.4246128,True,0,0.0,0.0,outside_TMD,0.13281263,1,FP,True,0.4246128
ALDH4A1||S352L,ALDH4A1,S352L,main,0,2,0.8652,original,0.6550158,0.42225933,True,0,0.0,0.0,outside_TMD,-0.23275647000000005,1,FP,True,0.42225933
TPMT||A80P,TPMT,A80P,main,0,2,0.8779,original,0.29517066,0.4196484,True,0,0.0,0.0,outside_TMD,0.12447774,1,FP,True,0.4196484
SOD1||G38R,SOD1,G38R,main,0,4,0.8643,original,0.27488846,0.4195367,True,0,0.0,0.0,outside_TMD,0.14464823999999998,1,FP,True,0.4195367
UBE3A||R506C,UBE3A,R506C,main,0,1,0.9924,original,0.4197163,0.41640753,True,0,0.0,0.0,outside_TMD,-0.003308769999999961,1,FP,True,0.41640753
NIPA1||A100T,NIPA1,A100T,main,0,3,0.7739,original,0.22134404,0.4137627,True,1,1.0,0.0320429,in_TMD,0.19241866,1,FP,True,0.4137627
HADHA||V282D,HADHA,V282D,main,0,1,0.9622,original,0.27702934,0.4120701,True,0,0.0,0.0,outside_TMD,0.13504075999999998,1,FP,True,0.4120701
A4GALT||M183K,A4GALT,M183K,main,0,4,0.8767,original,0.2725023,0.41118824,True,0,0.0070922,0.0,outside_TMD,0.13868594,1,FP,True,0.41118824
CFP||R100W,CFP,R100W,main,0,1,0.2886,original,0.39296308,0.41102928,True,0,0.0,0.0,outside_TMD,0.018066199999999977,1,FP,True,0.41102928
OPTN||E50K,OPTN,E50K,main,0,0,0.6668,original,0.31600958,0.4090652,True,0,0.0,0.0,outside_TMD,0.09305562,1,FP,True,0.4090652
ACADS||W177R,ACADS,W177R,main,0,0,0.9863,original,0.4719527,0.4090354,True,0,0.0,0.0,outside_TMD,-0.06291730000000001,1,FP,True,0.4090354
MLH1||G244D,MLH1,G244D,main,0,1,0.9978,original,0.57171464,0.40790322,True,0,0.0,0.0,outside_TMD,-0.16381142000000004,1,FP,True,0.40790322
GDAP1||R310Q,GDAP1,R310Q,main,0,4,0.4419,original,0.29347628,0.4078771,True,1,1.0,-0.0054832,in_TMD,0.11440082000000001,1,FP,True,0.4078771
EIF2B1||V183F,EIF2B1,V183F,main,0,4,0.7221,original,0.3329787,0.40655264,True,0,0.0,0.0,outside_TMD,0.07357394,1,FP,True,0.40655264
ETFA||T266M,ETFA,T266M,main,0,3,0.9931,original,0.4183057,0.40534365,True,0,0.0,0.0,outside_TMD,-0.012962050000000003,1,FP,True,0.40534365
GPC3||W296R,GPC3,W296R,main,0,4,0.9991,original,0.54274094,0.40491384,True,0,0.0,0.0,outside_TMD,-0.13782709999999992,1,FP,True,0.40491384
PIK3CA||D1045V,PIK3CA,D1045V,main,0,2,0.7576,original,0.4278966,0.4048216,True,0,0.0,0.0,outside_TMD,-0.023075000000000012,1,FP,True,0.4048216
RAG2||M285R,RAG2,M285R,main,0,1,0.6027,original,0.32464823,0.4026851,True,0,0.0,0.0,outside_TMD,0.07803687000000004,1,FP,True,0.4026851
HLCS||L237P,HLCS,L237P,main,0,3,0.9473,original,0.54707456,0.40248328,True,0,0.0,0.0,outside_TMD,-0.14459128,1,FP,True,0.40248328
ADORA3||I248L,ADORA3,I248L,main,0,1,0.1266,original,0.5211133,0.4008702,True,1,1.0,0.00194961,in_TMD,-0.12024309999999999,1,FP,True,0.4008702
PSEN2||N141I,PSEN2,N141I,main,0,3,0.9759,original,0.1383107,0.4005304,True,1,1.0,-0.0660477,in_TMD,0.2622197,1,FP,True,0.4005304
FZD4||M105V,FZD4,M105V,main,0,1,0.8498,original,0.29234916,0.40015158,True,0,0.00917431,0.0,outside_TMD,0.10780242000000001,1,FP,True,0.40015158
GNMT||H177N,GNMT,H177N,main,0,2,0.9177,original,0.4556904,0.4000911,True,0,0.0,0.0,outside_TMD,-0.05559930000000002,1,FP,True,0.4000911
SLC2A1||R212H,SLC2A1,R212H,main,0,0,0.9218,original,0.5463549,0.39906242,True,0,0.142857,0.0,outside_TMD,-0.14729248,1,FP,True,0.39906242
SLC19A3||G23V,SLC19A3,G23V,main,0,4,0.9018,original,0.36874464,0.3986058,True,1,1.0,-0.0530954,in_TMD,0.029861159999999998,1,FP,True,0.3986058
CYP3A4||R130Q,CYP3A4,R130Q,main,0,4,0.8872,original,0.40439495,0.39806125,True,0,0.00917431,0.0,outside_TMD,-0.006333699999999998,1,FP,True,0.39806125
MST1||R689C,MST1,R689C,main,0,4,0.254,original,0.20194411,0.39803305,True,0,0.0,0.0,outside_TMD,0.19608894,1,FP,True,0.39803305
FGFR2||Y328C,FGFR2,Y328C,main,0,3,0.2616,original,0.40204608,0.39768037,True,0,0.0196078,0.0,outside_TMD,-0.004365709999999967,1,FP,True,0.39768037
ITK||R335W,ITK,R335W,main,0,1,0.9043,original,0.3518538,0.39762425,True,0,0.0,0.0,outside_TMD,0.04577045000000002,1,FP,True,0.39762425
TAT||L273P,TAT,L273P,main,0,4,0.9931,original,0.46663004,0.39585084,True,0,0.0,0.0,outside_TMD,-0.07077920000000004,1,FP,True,0.39585084
UROS||L237P,UROS,L237P,main,0,2,0.8837,original,0.44519585,0.39420646,True,0,0.0,0.0,outside_TMD,-0.05098939000000002,1,FP,True,0.39420646
NR3C1||V571A,NR3C1,V571A,main,0,4,0.9694,original,0.4436424,0.39369088,True,0,0.0,0.0,outside_TMD,-0.04995151999999997,1,FP,True,0.39369088
SLC22A2||T199I,SLC22A2,T199I,main,0,2,0.3309,original,0.13158351,0.39356682,True,0,0.5,0.0,outside_TMD,0.26198330999999997,1,FP,True,0.39356682
LHX4||R84C,LHX4,R84C,main,0,3,0.9661,original,0.35053843,0.39110065,True,0,0.0,0.0,outside_TMD,0.04056221999999998,1,FP,True,0.39110065
SCN1B||C121W,SCN1B,C121W,main,0,3,0.9996,original,0.16840765,0.3901748,True,0,0.0263158,0.0,outside_TMD,0.22176715,1,FP,True,0.3901748
KRAS||D33E,KRAS,D33E,main,0,2,0.9955,original,0.290173,0.3899056,True,0,0.0,0.0,outside_TMD,0.0997326,1,FP,True,0.3899056
PGAM2||R90W,PGAM2,R90W,main,0,4,0.9938,original,0.5039064,0.38925186,True,0,0.0,0.0,outside_TMD,-0.11465453999999997,1,FP,True,0.38925186
ACVR1||G356D,ACVR1,G356D,main,0,0,0.9992,original,0.34502482,0.38918504,True,0,0.00473934,0.0,outside_TMD,0.04416021999999997,1,FP,True,0.38918504
PNPO||R229W,PNPO,R229W,main,0,0,0.9303,original,0.29609653,0.38899374,True,0,0.0,0.0,outside_TMD,0.09289720999999995,1,FP,True,0.38899374
CD79B||G137S,CD79B,G137S,main,0,4,0.3775,original,0.22226311,0.38794386,True,0,0.0416667,0.0,outside_TMD,0.16568074999999996,1,FP,True,0.38794386
HABP2||G534E,HABP2,G534E,main,0,2,0.8104,original,0.49788728,0.38784543,True,0,0.0,0.0,outside_TMD,-0.11004185,1,FP,True,0.38784543
SLC35C1||T308R,SLC35C1,T308R,main,0,0,0.9811,original,0.59738,0.38767838,True,0,0.0434783,0.0,outside_TMD,-0.20970162000000003,1,FP,True,0.38767838
STK11||W308C,STK11,W308C,main,0,3,0.996,original,0.5615553,0.38704434,True,0,0.0,0.0,outside_TMD,-0.17451096,1,FP,True,0.38704434
WIPI1||P139S,WIPI1,P139S,main,0,2,0.3879,original,0.31409028,0.38659203,True,0,0.0,0.0,outside_TMD,0.07250174999999998,1,FP,True,0.38659203
TMPRSS3||R109W,TMPRSS3,R109W,main,0,4,0.4053,original,0.29756173,0.3864463,True,0,0.0243902,0.0,outside_TMD,0.08888457,1,FP,True,0.3864463
AVPR2||N55D,AVPR2,N55D,main,0,4,0.8804,original,0.34961766,0.38605198,True,1,1.0,0.0663516,in_TMD,0.03643432000000002,1,FP,True,0.38605198
KCNE1||D76N,KCNE1,D76N,main,0,1,0.569,original,0.58689153,0.38527104,True,0,0.0909091,0.0,outside_TMD,-0.20162049000000004,1,FP,True,0.38527104
GNAT1||Q200E,GNAT1,Q200E,main,0,2,0.9314,original,0.41540644,0.3847372,True,0,0.0,0.0,outside_TMD,-0.030669239999999987,1,FP,True,0.3847372
PLOD3||N223S,PLOD3,N223S,main,0,4,0.3383,original,0.3352985,0.38470706,True,0,0.0,0.0,outside_TMD,0.04940855999999999,1,FP,True,0.38470706
EXT1||G339D,EXT1,G339D,main,0,4,0.9997,original,0.54665834,0.38415548,True,0,0.00320513,0.0,outside_TMD,-0.16250286000000003,1,FP,True,0.38415548
KCNQ2||A196V,KCNQ2,A196V,main,0,4,0.748,original,0.3233375,0.380012,True,0,0.5,0.0,outside_TMD,0.05667450000000002,1,FP,True,0.380012
ANTXR2||V394A,ANTXR2,V394A,main,0,4,0.9871,original,0.3927673,0.37911054,True,0,0.0185185,0.0,outside_TMD,-0.01365675999999999,1,FP,True,0.37911054
EYA1||Y527N,EYA1,Y527N,main,0,1,0.9962,original,0.3613433,0.37821665,True,0,0.0,0.0,outside_TMD,0.01687335000000001,1,FP,True,0.37821665
HNF4A||M373R,HNF4A,M373R,main,0,3,0.9924,original,0.42647198,0.37815988,True,0,0.0,0.0,outside_TMD,-0.04831209999999997,1,FP,True,0.37815988
RPE65||E148D,RPE65,E148D,main,0,0,0.98,original,0.28458652,0.37810907,True,0,0.0,0.0,outside_TMD,0.09352254999999998,1,FP,True,0.37810907
BRAF||K601E,BRAF,K601E,main,0,0,0.9991,original,0.27773342,0.37714648,True,0,0.0,0.0,outside_TMD,0.09941306,1,FP,True,0.37714648
UGT1A10||R400C,UGT1A10,R400C,main,0,0,0.7649,original,0.5338944,0.37712464,True,0,0.011236,0.0,outside_TMD,-0.15676975999999998,1,FP,True,0.37712464
DGUOK||D255Y,DGUOK,D255Y,main,0,0,0.2227,original,0.46635845,0.37600842,True,0,0.0,0.0,outside_TMD,-0.09035002999999997,1,FP,True,0.37600842
FPR1||C126W,FPR1,C126W,main,0,2,0.7224,original,0.35900295,0.37424228,True,0,0.166667,0.0,outside_TMD,0.015239329999999995,1,FP,True,0.37424228
SLC45A2||L361P,SLC45A2,L361P,main,0,1,0.5025,original,0.15666692,0.37404424,True,0,0.142857,0.0,outside_TMD,0.21737731999999999,1,FP,True,0.37404424
MSR1||S41Y,MSR1,S41Y,main,0,2,0.1697,original,0.14862685,0.3737344,True,0,0.0909091,0.0,outside_TMD,0.22510755000000002,1,FP,True,0.3737344
CHIT1||E74K,CHIT1,E74K,main,0,4,0.0717,original,0.3607479,0.3731027,True,0,0.0,0.0,outside_TMD,0.012354799999999999,1,FP,True,0.3731027
TNFRSF11B||C87Y,TNFRSF11B,C87Y,main,0,0,0.977,original,0.5433079,0.37141585,True,0,0.0,0.0,outside_TMD,-0.17189204999999996,1,FP,True,0.37141585
F11||L360P,F11,L360P,main,0,4,0.5882,original,0.25204927,0.37104303,True,0,0.0,0.0,outside_TMD,0.11899376,1,FP,True,0.37104303
PCCB||R165W,PCCB,R165W,main,0,1,0.9833,original,0.4384236,0.37058946,True,0,0.0,0.0,outside_TMD,-0.06783414000000004,1,FP,True,0.37058946
RPS6KA3||I189K,RPS6KA3,I189K,main,0,4,0.9996,original,0.534696,0.36998078,True,0,0.0,0.0,outside_TMD,-0.16471521999999994,1,FP,True,0.36998078
GCKR||R518Q,GCKR,R518Q,main,0,2,0.3374,original,0.25182897,0.36888245,True,0,0.0,0.0,outside_TMD,0.11705347999999999,1,FP,True,0.36888245
SDHB||L87S,SDHB,L87S,main,0,4,0.9962,original,0.23868638,0.3677874,True,0,0.0,0.0,outside_TMD,0.12910101999999998,1,FP,True,0.3677874
NIPA1||G106R,NIPA1,G106R,main,0,3,0.9849,original,0.22358005,0.36723462,True,1,1.0,0.0602012,in_TMD,0.14365457,1,FP,True,0.36723462
WBSCR17||D348N,WBSCR17,D348N,main,0,1,0.2526,original,0.35282722,0.36580902,True,0,0.00310559,0.0,outside_TMD,0.012981799999999988,1,FP,True,0.36580902
TINF2||L287P,TINF2,L287P,main,0,4,0.5279,original,0.18176204,0.36543116,True,0,0.0,0.0,outside_TMD,0.18366911999999996,1,FP,True,0.36543116
TCF4||R578P,TCF4,R578P,main,0,2,0.9999,original,0.41397095,0.3654037,True,0,0.0,0.0,outside_TMD,-0.048567250000000006,1,FP,True,0.3654037
DRD2||P319P,DRD2,P319P,main,0,1,,not_applicable_synonymous,0.2813223,0.36531726,False,0,0.0178571,0.0,outside_TMD,0.08399495999999995,1,FP,False,0.36531726
PPP2R1A||S143F,PPP2R1A,S143F,main,0,1,0.9958,original,0.5163599,0.36501154,True,0,0.0,0.0,outside_TMD,-0.15134835999999996,1,FP,True,0.36501154
FBXW7||S462Y,FBXW7,S462Y,main,0,1,0.9997,original,0.29236,0.36408898,True,0,0.0,0.0,outside_TMD,0.07172898,1,FP,True,0.36408898
AK2||R186C,AK2,R186C,main,0,4,0.9795,original,0.64697564,0.3637617,True,0,0.0,0.0,outside_TMD,-0.28321393999999994,1,FP,True,0.3637617
HEXA||L484P,HEXA,L484P,main,0,3,0.9909,original,0.5934257,0.3632743,True,0,0.0,0.0,outside_TMD,-0.23015139999999995,1,FP,True,0.3632743
MAT1A||R199C,MAT1A,R199C,main,0,0,0.1964,original,0.39313576,0.36247903,True,0,0.0,0.0,outside_TMD,-0.03065673000000002,1,FP,True,0.36247903
INS||G84R,INS,G84R,main,0,4,0.121,original,0.22802025,0.36061776,True,0,0.0,0.0,outside_TMD,0.13259751,1,FP,True,0.36061776
FMO2||R238Q,FMO2,R238Q,main,0,3,0.3435,original,0.4074295,0.36038047,True,0,0.003663,0.0,outside_TMD,-0.04704902999999999,1,FP,True,0.36038047
CHST6||H249P,CHST6,H249P,main,0,3,0.8563,original,0.3273549,0.36006668,True,0,0.00446429,0.0,outside_TMD,0.03271177999999997,1,FP,True,0.36006668
SLC22A11||E278K,SLC22A11,E278K,main,0,3,0.6607,original,0.2551624,0.35994372,True,0,0.5,0.0,outside_TMD,0.10478132000000001,1,FP,True,0.35994372
HFE||Q283P,HFE,Q283P,main,0,0,0.7311,original,0.36486703,0.35971248,True,0,0.04,0.0,outside_TMD,-0.00515454999999998,1,FP,True,0.35971248
GABRD||R220C,GABRD,R220C,main,0,3,0.1423,original,0.23717391,0.35834646,True,0,0.030303,0.0,outside_TMD,0.12117254999999999,1,FP,True,0.35834646
KCNJ13||R162W,KCNJ13,R162W,main,0,1,0.5164,original,0.26330057,0.35791102,True,0,0.166667,0.0,outside_TMD,0.09461045000000001,1,FP,True,0.35791102
CHRND||L42P,CHRND,L42P,main,0,2,0.8738,original,0.212043,0.35669115,True,0,0.00487805,0.0,outside_TMD,0.14464815,1,FP,True,0.35669115
CYBB||P415H,CYBB,P415H,main,0,3,0.9994,original,0.31333655,0.356136,True,0,0.00763359,0.0,outside_TMD,0.04279945000000002,1,FP,True,0.356136
PLG||C784G,PLG,C784G,main,0,2,0.9224,original,0.3705526,0.35587358,True,0,0.0,0.0,outside_TMD,-0.014679019999999987,1,FP,True,0.35587358
FBLN5||Q124P,FBLN5,Q124P,main,0,2,0.9535,original,0.4952597,0.35556537,True,0,0.0,0.0,outside_TMD,-0.13969433000000003,1,FP,True,0.35556537
CRYGC||R168W,CRYGC,R168W,main,0,3,0.4055,original,0.5524482,0.35548016,True,0,0.0,0.0,outside_TMD,-0.19696803999999996,1,FP,True,0.35548016
PRODH||D426N,PRODH,D426N,main,0,1,0.4417,original,0.3705903,0.35538796,True,0,0.0,0.0,outside_TMD,-0.015202339999999981,1,FP,True,0.35538796
NEU1||L91R,NEU1,L91R,main,0,4,0.9058,original,0.28070015,0.35447252,True,0,0.0,0.0,outside_TMD,0.07377237000000003,1,FP,True,0.35447252
GAN||E169K,GAN,E169K,main,0,0,0.9977,original,0.3191655,0.35437617,True,0,0.0,0.0,outside_TMD,0.03521067,1,FP,True,0.35437617
INSL3||R102C,INSL3,R102C,main,0,2,0.2792,original,0.22029835,0.3540466,True,0,0.0,0.0,outside_TMD,0.13374824999999999,1,FP,True,0.3540466
COX10||N204K,COX10,N204K,main,0,1,0.9976,original,0.47961295,0.35285464,True,0,0.0909091,0.0,outside_TMD,-0.12675830999999999,1,FP,True,0.35285464
YARS||E196K,YARS,E196K,main,0,0,0.7318,original,0.56478184,0.35251784,True,0,0.0,0.0,outside_TMD,-0.21226399999999995,1,FP,True,0.35251784
SETX||L1976R,SETX,L1976R,main,0,2,0.9913,original,0.43346298,0.35243705,True,0,0.0,0.0,outside_TMD,-0.08102593000000002,1,FP,True,0.35243705
CAT||R354H,CAT,R354H,main,0,1,0.9517,original,0.3173856,0.351462,True,0,0.0,0.0,outside_TMD,0.03407640000000001,1,FP,True,0.351462
CLCN2||G715E,CLCN2,G715E,main,0,0,0.1147,original,0.16485395,0.35078317,True,0,0.00595238,0.0,outside_TMD,0.18592921999999998,1,FP,True,0.35078317
KCNJ10||R65P,KCNJ10,R65P,main,0,2,0.7934,original,0.37054604,0.3504657,True,1,1.0,-0.00723131,in_TMD,-0.02008034000000003,1,FP,True,0.3504657
BRAF||V600E,BRAF,V600E,main,0,0,0.9927,original,0.60476714,0.34975618,True,0,0.0,0.0,outside_TMD,-0.25501095999999995,1,FP,True,0.34975618
GGCX||D31N,GGCX,D31N,additional_benign,0,1,0.0841,retrieved,0.50295424,0.34930813,True,0,0.0285714,0.0,outside_TMD,-0.15364611,1,FP,True,0.34930813
RPS6KA3||N544K,RPS6KA3,N544K,main,0,4,0.9998,original,0.41772246,0.34881648,True,0,0.0,0.0,outside_TMD,-0.06890598000000003,1,FP,True,0.34881648
CLCNKB||R438H,CLCNKB,R438H,main,0,2,0.7438,original,0.15151839,0.34735253,True,1,1.0,-0.0141066,in_TMD,0.19583414,1,FP,True,0.34735253
SPOP||K134N,SPOP,K134N,main,0,2,0.9986,original,0.39512202,0.34566408,True,0,0.0,0.0,outside_TMD,-0.049457940000000034,1,FP,True,0.34566408
BTK||R307T,BTK,R307T,main,0,3,0.9998,original,0.4713153,0.34550497,True,0,0.0,0.0,outside_TMD,-0.12581032999999997,1,FP,True,0.34550497
TP63||D351N,TP63,D351N,main,0,2,0.9999,original,0.36912918,0.3448403,True,0,0.0,0.0,outside_TMD,-0.024288880000000013,1,FP,True,0.3448403
GALT||R272H,GALT,R272H,main,0,4,0.3804,original,0.2951497,0.34424603,True,0,0.0,0.0,outside_TMD,0.049096329999999966,1,FP,True,0.34424603
GDF5||C400Y,GDF5,C400Y,main,0,0,0.9995,original,0.4895793,0.34422535,True,0,0.0,0.0,outside_TMD,-0.14535395,1,FP,True,0.34422535
GABRA6||P345S,GABRA6,P345S,main,0,3,0.0732,original,0.10936335,0.34289485,True,0,0.047619,0.0,outside_TMD,0.23353149999999998,1,FP,True,0.34289485
SERPINA10||F145L,SERPINA10,F145L,main,0,1,0.7205,original,0.27246016,0.34277412,True,0,0.0,0.0,outside_TMD,0.07031396000000001,1,FP,True,0.34277412
HBB||L32P,HBB,L32P,main,0,0,0.993,original,0.65269303,0.34264705,True,0,0.0,0.0,outside_TMD,-0.31004598,1,FP,True,0.34264705
RP2||L253R,RP2,L253R,main,0,4,0.8944,original,0.6053436,0.34073505,True,0,0.0,0.0,outside_TMD,-0.26460855,1,FP,True,0.34073505
ASS1||V345G,ASS1,V345G,main,0,3,0.8276,original,0.40242207,0.34009287,True,0,0.0,0.0,outside_TMD,-0.06232920000000003,1,FP,True,0.34009287
FMO3||L360P,FMO3,L360P,main,0,3,0.0879,original,0.31121096,0.33851728,True,0,0.00662252,0.0,outside_TMD,0.027306319999999995,1,FP,True,0.33851728
IDH3B||L132P,IDH3B,L132P,main,0,1,0.9914,original,0.54552734,0.3384007,True,0,0.0,0.0,outside_TMD,-0.20712664000000003,1,FP,True,0.3384007
GAN||C570Y,GAN,C570Y,main,0,0,0.9879,original,0.5965484,0.33721808,True,0,0.0,0.0,outside_TMD,-0.25933032,1,FP,True,0.33721808
B2M||Y30H,B2M,Y30H,main,0,0,0.9686,original,0.23406704,0.33711368,True,0,0.0,0.0,outside_TMD,0.10304664000000002,1,FP,True,0.33711368
DGUOK||R142K,DGUOK,R142K,main,0,0,0.8481,original,0.19453391,0.3363138,True,0,0.0,0.0,outside_TMD,0.14177989,1,FP,True,0.3363138
KCNJ1||R311Q,KCNJ1,R311Q,main,0,2,0.8286,original,0.18681602,0.3356531,True,0,0.00740741,0.0,outside_TMD,0.14883707999999998,1,FP,True,0.3356531
RET||M918T,RET,M918T,main,0,1,0.968,original,0.43273047,0.3355563,True,0,0.00381679,0.0,outside_TMD,-0.09717417,1,FP,True,0.3355563
PTEN||F90S,PTEN,F90S,main,0,1,0.9992,original,0.28158006,0.33491394,True,0,0.0,0.0,outside_TMD,0.05333388,1,FP,True,0.33491394
EDNRB||F292L,EDNRB,F292L,main,0,4,0.9851,original,0.305991,0.33415338,True,1,1.0,-0.00677803,in_TMD,0.028162379999999987,1,FP,True,0.33415338
IDH2||R172M,IDH2,R172M,main,0,4,0.9998,original,0.47684783,0.33300605,True,0,0.0,0.0,outside_TMD,-0.14384177999999997,1,FP,True,0.33300605
KCNK9||G236R,KCNK9,G236R,main,0,0,0.9999,original,0.19262259,0.33269835,True,1,1.0,0.0602012,in_TMD,0.14007575999999997,1,FP,True,0.33269835
BAAT||M76V,BAAT,M76V,main,0,0,0.2783,original,0.29004735,0.33200303,True,0,0.0,0.0,outside_TMD,0.041955679999999995,1,FP,True,0.33200303
KCNJ11||R201H,KCNJ11,R201H,main,0,4,0.9545,original,0.14987844,0.33151197,True,0,0.0322581,0.0,outside_TMD,0.18163353,1,FP,True,0.33151197
MPI||S102L,MPI,S102L,main,0,4,0.9057,original,0.46180916,0.32986644,True,0,0.0,0.0,outside_TMD,-0.13194272,1,FP,True,0.32986644
FGFR2||E565G,FGFR2,E565G,main,0,3,0.9823,original,0.30956602,0.3285643,True,0,0.00595238,0.0,outside_TMD,0.01899827999999998,1,FP,True,0.3285643
D2HGDH||D375Y,D2HGDH,D375Y,main,0,2,0.553,original,0.30837607,0.3283958,True,0,0.0,0.0,outside_TMD,0.020019730000000013,1,FP,True,0.3283958
PGK1||C316R,PGK1,C316R,main,0,1,0.9905,original,0.41275206,0.32772928,True,0,0.0,0.0,outside_TMD,-0.08502277999999996,1,FP,True,0.32772928
ITGB2||S138P,ITGB2,S138P,main,0,2,0.998,original,0.49835622,0.327658,True,0,0.00177305,0.0,outside_TMD,-0.17069822,1,FP,True,0.327658
PRKAR1A||G289W,PRKAR1A,G289W,main,0,4,0.9981,original,0.39412668,0.3272677,True,0,0.0,0.0,outside_TMD,-0.06685898000000001,1,FP,True,0.3272677
RFXANK||R179C,RFXANK,R179C,additional_benign,0,2,0.1976,retrieved,0.19656813,0.32409018,True,0,0.0,0.0,outside_TMD,0.12752205,1,FP,True,0.32409018
TBL1XR1||R166Q,TBL1XR1,R166Q,main,0,1,0.1591,original,0.3569965,0.32373816,True,0,0.0,0.0,outside_TMD,-0.03325834,1,FP,True,0.32373816
NPC2||S67P,NPC2,S67P,main,0,1,0.9751,original,0.4205215,0.32326669,True,0,0.0,0.0,outside_TMD,-0.09725480999999997,1,FP,True,0.32326669
SURF1||Y274D,SURF1,Y274D,main,0,2,0.9389,original,0.20540503,0.32317427,True,1,1.0,0.0635178,in_TMD,0.11776924,1,FP,True,0.32317427
GABRA6||G212R,GABRA6,G212R,main,0,3,0.4149,original,0.18505847,0.32304958,True,0,0.030303,0.0,outside_TMD,0.13799111,1,FP,True,0.32304958
PVRL1||V360G,PVRL1,V360G,main,0,3,0.3111,original,0.20295092,0.32277417,True,1,1.0,0.0434906,in_TMD,0.11982325000000002,1,FP,True,0.32277417
WISP3||C145Y,WISP3,C145Y,main,0,3,0.9826,original,0.39956552,0.32267234,True,0,0.0,0.0,outside_TMD,-0.07689318,1,FP,True,0.32267234
CPT1A||G709E,CPT1A,G709E,main,0,2,0.9807,original,0.31511503,0.3223686,True,0,0.00170068,0.0,outside_TMD,0.007253569999999987,1,FP,True,0.3223686
EGFR||T790M,EGFR,T790M,main,0,2,0.966,original,0.17972678,0.32218462,True,0,0.00813008,0.0,outside_TMD,0.14245783999999997,1,FP,True,0.32218462
GAN||I182N,GAN,I182N,main,0,0,0.9762,original,0.5101357,0.32209378,True,0,0.0,0.0,outside_TMD,-0.18804191999999997,1,FP,True,0.32209378
PEPD||G448R,PEPD,G448R,main,0,4,0.9795,original,0.34093696,0.32165202,True,0,0.0,0.0,outside_TMD,-0.019284940000000028,1,FP,True,0.32165202
RAPSN||A189V,RAPSN,A189V,main,0,0,0.9569,original,0.27317777,0.32159802,True,0,0.0,0.0,outside_TMD,0.04842025,1,FP,True,0.32159802
GIF||S46L,GIF,S46L,main,0,1,0.1506,original,0.30633298,0.3215215,True,0,0.0,0.0,outside_TMD,0.015188520000000039,1,FP,True,0.3215215
CRYGD||V126M,CRYGD,V126M,additional_benign,0,4,0.6559,retrieved,0.3459036,0.3213424,True,0,0.0,0.0,outside_TMD,-0.024561200000000005,1,FP,True,0.3213424
GK||D446V,GK,D446V,main,0,2,0.9782,original,0.17890304,0.3203077,True,0,0.0114943,0.0,outside_TMD,0.14140465999999996,1,FP,True,0.3203077
OTC||G197E,OTC,G197E,main,0,1,0.9894,original,0.38274652,0.31981865,True,0,0.0,0.0,outside_TMD,-0.06292787,1,FP,True,0.31981865
NDP||C128R,NDP,C128R,main,0,2,0.9951,original,0.4443435,0.319004,True,0,0.0,0.0,outside_TMD,-0.1253395,1,FP,True,0.319004
CRYAA||R116C,CRYAA,R116C,main,0,4,0.9965,original,0.38314238,0.31833544,True,0,0.0,0.0,outside_TMD,-0.06480693999999998,1,FP,True,0.31833544
IDH2||G137E,IDH2,G137E,main,0,4,0.9981,original,0.1994758,0.3182371,True,0,0.0,0.0,outside_TMD,0.11876129999999999,1,FP,True,0.3182371
GCNT2||G350E,GCNT2,G350E,main,0,3,0.9434,original,0.45229658,0.3176216,True,0,0.00304878,0.0,outside_TMD,-0.13467498,1,FP,True,0.3176216
RPS6KA3||R667S,RPS6KA3,R667S,main,0,4,0.9997,original,0.44761974,0.31761256,True,0,0.0,0.0,outside_TMD,-0.13000718,1,FP,True,0.31761256
FSHR||N191I,FSHR,N191I,main,0,1,0.5709,original,0.357098,0.31653157,True,0,0.00564972,0.0,outside_TMD,-0.04056643000000004,1,FP,True,0.31653157
EFHC1||T508R,EFHC1,T508R,main,0,2,0.4961,original,0.4161191,0.3161604,True,0,0.0,0.0,outside_TMD,-0.09995870000000001,1,FP,True,0.3161604
BRIP1||P47A,BRIP1,P47A,main,0,4,0.7248,original,0.47525176,0.31578082,True,0,0.0,0.0,outside_TMD,-0.15947094,1,FP,True,0.31578082
THRB||Q374K,THRB,Q374K,main,0,0,0.9924,original,0.48589438,0.3150978,True,0,0.0,0.0,outside_TMD,-0.17079658000000003,1,FP,True,0.3150978
TPM3||M9R,TPM3,M9R,main,0,3,0.9492,original,0.3304367,0.31479713,True,0,0.0,0.0,outside_TMD,-0.015639570000000047,1,FP,True,0.31479713
SPINT2||Y163C,SPINT2,Y163C,main,0,2,0.9427,original,0.27794635,0.31312844,True,0,0.0277778,0.0,outside_TMD,0.03518209,1,FP,True,0.31312844
GATA1||D218G,GATA1,D218G,main,0,3,0.9971,original,0.14818913,0.31309032,True,0,0.0,0.0,outside_TMD,0.16490118999999998,1,FP,True,0.31309032
FTL||H133P,FTL,H133P,main,0,1,0.6527,original,0.18763483,0.31184858,True,0,0.0,0.0,outside_TMD,0.12421374999999998,1,FP,True,0.31184858
PAFAH1B1||H149R,PAFAH1B1,H149R,main,0,2,0.9991,original,0.37529013,0.3117519,True,0,0.0,0.0,outside_TMD,-0.06353822999999997,1,FP,True,0.3117519
GNMT||L49P,GNMT,L49P,main,0,2,0.9821,original,0.4353245,0.30964237,True,0,0.0,0.0,outside_TMD,-0.12568213,1,FP,True,0.30964237
HTR3A||M257I,HTR3A,M257I,main,0,1,0.8433,original,0.36087298,0.3096378,True,1,1.0,-0.0296242,in_TMD,-0.05123517999999999,1,FP,True,0.3096378
PHEX||L206W,PHEX,L206W,main,0,0,0.7167,original,0.45519447,0.30897337,True,0,0.0060241,0.0,outside_TMD,-0.1462211,1,FP,True,0.30897337
SLC35C1||R147C,SLC35C1,R147C,main,0,0,0.8965,original,0.13078657,0.30867183,True,1,1.0,-0.154606,in_TMD,0.17788526,1,FP,True,0.30867183
GDAP1||L239F,GDAP1,L239F,main,0,4,0.9096,original,0.18827982,0.3083154,True,0,0.0185185,0.0,outside_TMD,0.12003558000000003,1,FP,True,0.3083154
BRAF||D594V,BRAF,D594V,main,0,0,1.0,original,0.2722323,0.30810368,True,0,0.0,0.0,outside_TMD,0.03587138000000001,1,FP,True,0.30810368
ZNF454||H462Y,ZNF454,H462Y,main,0,3,0.9742,original,0.34841043,0.30734146,True,0,0.0,0.0,outside_TMD,-0.04106896999999998,1,FP,True,0.30734146
PAFAH1B1||H277P,PAFAH1B1,H277P,main,0,2,0.9979,original,0.45027032,0.3067069,True,0,0.0,0.0,outside_TMD,-0.14356342,1,FP,True,0.3067069
BCKDHB||H206R,BCKDHB,H206R,main,0,2,0.9194,original,0.33237788,0.30652705,True,0,0.0,0.0,outside_TMD,-0.02585082999999999,1,FP,True,0.30652705
RPS6KA3||E260D,RPS6KA3,E260D,main,0,4,0.9981,original,0.23433305,0.30648515,True,0,0.0,0.0,outside_TMD,0.0721521,1,FP,True,0.30648515
TGFBR2||R254H,TGFBR2,R254H,main,0,3,0.9289,original,0.3212442,0.3063587,True,0,0.0147059,0.0,outside_TMD,-0.014885499999999996,1,FP,True,0.3063587
SCARB2||G462E,SCARB2,G462E,additional_benign,0,0,0.0858,retrieved,0.11874814,0.3048856,True,0,0.25,0.0,outside_TMD,0.18613745999999998,1,FP,True,0.3048856
NRAS||Q61K,NRAS,Q61K,main,0,3,0.9853,original,0.3280177,0.30485877,True,0,0.0,0.0,outside_TMD,-0.023158930000000022,1,FP,True,0.30485877
EPB42||A112T,EPB42,A112T,main,0,0,0.1438,original,0.16044213,0.30461636,True,0,0.0,0.0,outside_TMD,0.14417423,1,FP,True,0.30461636
CFH||R127L,CFH,R127L,main,0,3,0.9413,original,0.32481766,0.30431676,True,0,0.0,0.0,outside_TMD,-0.02050089999999999,1,FP,True,0.30431676
MMP13||F75S,MMP13,F75S,main,0,3,0.8955,original,0.37292737,0.30425203,True,0,0.0,0.0,outside_TMD,-0.06867533999999997,1,FP,True,0.30425203
NDP||Y44C,NDP,Y44C,main,0,2,0.9809,original,0.21552387,0.30414617,True,0,0.0,0.0,outside_TMD,0.08862229999999999,1,FP,True,0.30414617
IDH2||R172K,IDH2,R172K,main,0,4,0.9944,original,0.17864342,0.30388707,True,0,0.0,0.0,outside_TMD,0.12524364999999998,1,FP,True,0.30388707
SERPINC1||R79C,SERPINC1,R79C,main,0,1,0.8094,original,0.31139478,0.30380732,True,0,0.0,0.0,outside_TMD,-0.00758745999999999,1,FP,True,0.30380732
LIPC||T405M,LIPC,T405M,main,0,2,0.1076,original,0.39408737,0.3037324,True,0,0.0,0.0,outside_TMD,-0.09035496999999998,1,FP,True,0.3037324
RPS6KA3||G75V,RPS6KA3,G75V,main,0,4,0.9992,original,0.4549772,0.30353215,True,0,0.0,0.0,outside_TMD,-0.15144505000000003,1,FP,True,0.30353215
GPIHBP1||Q115P,GPIHBP1,Q115P,main,0,1,0.3777,original,0.21621524,0.30346763,True,0,0.0,0.0,outside_TMD,0.08725238999999999,1,FP,True,0.30346763
TP53||P152L,TP53,P152L,main,0,1,0.3559,original,0.35201094,0.30338526,True,0,0.0,0.0,outside_TMD,-0.048625680000000004,1,FP,True,0.30338526
PEX13||I326T,PEX13,I326T,main,0,3,0.9532,original,0.32440186,0.30337018,True,0,0.0136986,0.0,outside_TMD,-0.021031679999999997,1,FP,True,0.30337018
BSND||G284D,BSND,G284D,main,0,4,0.0925,original,0.20523778,0.30249056,True,0,0.00431034,0.0,outside_TMD,0.09725278000000001,1,FP,True,0.30249056
VAPB||D162E,VAPB,D162E,additional_benign,0,2,0.1583,retrieved,0.5042025,0.30237538,True,0,0.016129,0.0,outside_TMD,-0.20182711999999997,1,FP,True,0.30237538
SGK1||A48G,SGK1,A48G,main,0,1,0.1407,original,0.2622423,0.3021345,True,0,0.0,0.0,outside_TMD,0.03989219999999999,1,FP,True,0.3021345
SDHA||A524V,SDHA,A524V,main,0,2,0.9532,original,0.4589359,0.3020994,True,0,0.0,0.0,outside_TMD,-0.1568365,1,FP,True,0.3020994
RNASEH2C||R69W,RNASEH2C,R69W,main,0,3,0.1392,original,0.38274258,0.3015621,True,0,0.0,0.0,outside_TMD,-0.08118048,1,FP,True,0.3015621
RHOA||G62E,RHOA,G62E,main,0,0,0.9999,original,0.21207878,0.3014796,True,0,0.0,0.0,outside_TMD,0.08940082000000002,1,FP,True,0.3014796
GNMT||N141S,GNMT,N141S,main,0,2,0.6418,original,0.2257532,0.30109015,True,0,0.0,0.0,outside_TMD,0.07533695000000001,1,FP,True,0.30109015
PCBD1||C82R,PCBD1,C82R,main,0,4,0.8179,original,0.16073841,0.3006084,True,0,0.0,0.0,outside_TMD,0.13986999,1,FP,True,0.3006084
RDH12||C285Y,RDH12,C285Y,main,0,3,0.9178,original,0.3139478,0.3000081,True,0,0.0,0.0,outside_TMD,-0.0139397,1,FP,True,0.3000081
AKR1D1||P133R,AKR1D1,P133R,main,0,0,0.6462,original,0.23060197,0.29807588,True,0,0.0,0.0,outside_TMD,0.06747391000000003,1,FP,True,0.29807588
AMACR||L107P,AMACR,L107P,main,0,2,0.9171,original,0.40984383,0.29723126,True,0,0.0,0.0,outside_TMD,-0.11261257000000002,1,FP,True,0.29723126
NCF2||R77Q,NCF2,R77Q,main,0,0,0.3639,original,0.30659372,0.29653713,True,0,0.0,0.0,outside_TMD,-0.010056590000000032,1,FP,True,0.29653713
RPS6KA3||F68C,RPS6KA3,F68C,main,0,4,0.999,original,0.4095683,0.29416913,True,0,0.0,0.0,outside_TMD,-0.11539917,1,FP,True,0.29416913
MBL2||R52C,MBL2,R52C,main,0,0,0.2356,original,0.5463055,0.29403153,True,0,0.0,0.0,outside_TMD,-0.25227397,1,FP,True,0.29403153
POU4F3||L223P,POU4F3,L223P,main,0,3,0.9994,original,0.26271337,0.29394293,True,0,0.0,0.0,outside_TMD,0.03122955999999999,1,FP,True,0.29394293
EXT2||I380T,EXT2,I380T,main,0,1,0.4787,original,0.3510071,0.29366177,True,0,0.00298507,0.0,outside_TMD,-0.05734533000000003,1,FP,True,0.29366177
SALL4||H888R,SALL4,H888R,main,0,1,0.9989,original,0.30568385,0.2935443,True,0,0.0,0.0,outside_TMD,-0.012139549999999999,1,FP,True,0.2935443
MID1||P151L,MID1,P151L,main,0,2,0.9844,original,0.44778472,0.29350206,True,0,0.0,0.0,outside_TMD,-0.15428266000000002,1,FP,True,0.29350206
TIMP3||G190C,TIMP3,G190C,main,0,1,0.9039,original,0.31877834,0.29109627,True,0,0.0,0.0,outside_TMD,-0.027682070000000003,1,FP,True,0.29109627
LIPA||Q85R,LIPA,Q85R,main,0,4,0.8091,original,0.4668859,0.29099903,True,0,0.0,0.0,outside_TMD,-0.17588687000000003,1,FP,True,0.29099903
BCS1L||P99L,BCS1L,P99L,main,0,4,0.8127,original,0.20971447,0.29074997,True,0,0.0147059,0.0,outside_TMD,0.08103550000000004,1,FP,True,0.29074997
STS||S341L,STS,S341L,main,0,3,0.8841,original,0.119528644,0.29033828,True,0,0.00925926,0.0,outside_TMD,0.170809636,1,FP,True,0.29033828
HERPUD2||P46L,HERPUD2,P46L,main,0,2,0.9266,original,0.12624833,0.28991842,True,0,0.00389105,0.0,outside_TMD,0.16367009000000002,1,FP,True,0.28991842
MMAA||R359Q,MMAA,R359Q,main,0,3,0.5937,original,0.5755298,0.28964955,True,0,0.0,0.0,outside_TMD,-0.28588025,1,FP,True,0.28964955
FECH||V362G,FECH,V362G,main,0,2,0.2989,original,0.33524603,0.28958264,True,0,0.0,0.0,outside_TMD,-0.04566338999999997,1,FP,True,0.28958264
RP2||R118H,RP2,R118H,main,0,4,0.9581,original,0.19254458,0.28952986,True,0,0.0,0.0,outside_TMD,0.09698528000000003,1,FP,True,0.28952986
SFTPA2||A91P,SFTPA2,A91P,main,0,1,0.046,original,0.31110367,0.2891116,True,0,0.0,0.0,outside_TMD,-0.021992069999999975,1,FP,True,0.2891116
BMP15||R76C,BMP15,R76C,main,0,1,0.2353,original,0.17943639,0.28907865,True,0,0.0,0.0,outside_TMD,0.10964225999999999,1,FP,True,0.28907865
FUT7||R110Q,FUT7,R110Q,main,0,4,0.2235,original,0.14231592,0.288893,True,0,0.0133333,0.0,outside_TMD,0.14657708,1,FP,True,0.288893
EGFR||L858R,EGFR,L858R,main,0,2,0.9968,original,0.27788004,0.28867924,True,0,0.0052356,0.0,outside_TMD,0.010799200000000009,1,FP,True,0.28867924
CUL4B||R572C,CUL4B,R572C,main,0,3,0.9967,original,0.2966319,0.28815112,True,0,0.0,0.0,outside_TMD,-0.008480780000000021,1,FP,True,0.28815112
TBX22||R120W,TBX22,R120W,main,0,0,0.4848,original,0.22802894,0.28801742,True,0,0.0,0.0,outside_TMD,0.05998848000000001,1,FP,True,0.28801742
KRAS||A59G,KRAS,A59G,main,0,2,0.9813,original,0.28812432,0.2877145,True,0,0.0,0.0,outside_TMD,-0.0004098200000000052,1,FP,True,0.2877145
SLURP1||C77R,SLURP1,C77R,main,0,2,0.9755,original,0.31504264,0.2871757,True,0,0.0,0.0,outside_TMD,-0.027866940000000007,1,FP,True,0.2871757
TNFRSF13B||P205L,TNFRSF13B,P205L,main,0,4,0.0737,original,0.30943364,0.28710583,True,0,0.05,0.0,outside_TMD,-0.022327810000000003,1,FP,True,0.28710583
KRT18||G340R,KRT18,G340R,main,0,2,0.5881,original,0.27498487,0.28709963,True,0,0.0,0.0,outside_TMD,0.012114760000000002,1,FP,True,0.28709963
GLE1||I684T,GLE1,I684T,main,0,1,0.7334,original,0.36560354,0.28581825,True,0,0.0,0.0,outside_TMD,-0.07978529000000001,1,FP,True,0.28581825
CYBB||R54G,CYBB,R54G,main,0,3,0.9942,original,0.40300453,0.28573337,True,1,1.0,-0.0826932,in_TMD,-0.11727116000000004,1,FP,True,0.28573337
RPE65||G104D,RPE65,G104D,main,0,0,0.9989,original,0.3824423,0.28488854,True,0,0.0,0.0,outside_TMD,-0.09755375999999999,1,FP,True,0.28488854
RAG2||T77N,RAG2,T77N,main,0,1,0.2052,original,0.3160532,0.28471732,True,0,0.0,0.0,outside_TMD,-0.03133587999999998,1,FP,True,0.28471732
SCO2||S225F,SCO2,S225F,main,0,4,0.9374,original,0.22933248,0.2842523,True,0,0.00675676,0.0,outside_TMD,0.05491982000000001,1,FP,True,0.2842523
F11||V516M,F11,V516M,main,0,4,0.4246,original,0.44972596,0.28407356,True,0,0.0,0.0,outside_TMD,-0.16565239999999998,1,FP,True,0.28407356
SBDS||S143W,SBDS,S143W,main,0,2,0.9206,original,0.37791887,0.28390187,True,0,0.0,0.0,outside_TMD,-0.09401700000000002,1,FP,True,0.28390187
GDF9||P374L,GDF9,P374L,main,0,4,0.9683,original,0.35853404,0.28376237,True,0,0.0,0.0,outside_TMD,-0.07477167000000001,1,FP,True,0.28376237
SFTPC||Y104H,SFTPC,Y104H,main,0,2,0.6037,original,0.5468246,0.2834663,True,0,0.0,0.0,outside_TMD,-0.2633583,1,FP,True,0.2834663
OMA1||P177S,OMA1,P177S,main,0,3,0.3204,original,0.3452523,0.2833601,True,0,0.05,0.0,outside_TMD,-0.06189220000000001,1,FP,True,0.2833601
SLC14A1||W171R,SLC14A1,W171R,additional_benign,0,4,0.826,retrieved,0.16470076,0.2831396,True,0,0.333333,0.0,outside_TMD,0.11843883999999999,1,FP,True,0.2831396
KCNA1||V174F,KCNA1,V174F,main,0,4,0.9731,original,0.19078214,0.28303674,True,1,1.0,-0.000731956,in_TMD,0.09225460000000002,1,FP,True,0.28303674
TRIM5||H43Y,TRIM5,H43Y,main,0,0,0.0836,original,0.5493492,0.2823443,True,0,0.0,0.0,outside_TMD,-0.2670049,1,FP,True,0.2823443
PGAM2||E89A,PGAM2,E89A,main,0,4,0.9992,original,0.34942085,0.2821476,True,0,0.0,0.0,outside_TMD,-0.06727325,1,FP,True,0.2821476
L2HGDH||H98R,L2HGDH,H98R,main,0,2,0.9759,original,0.26211518,0.28207168,True,0,0.0,0.0,outside_TMD,0.019956499999999988,1,FP,True,0.28207168
ISX||T87A,ISX,T87A,main,0,4,0.7631,original,0.19673346,0.2819085,True,0,0.0,0.0,outside_TMD,0.08517504000000001,1,FP,True,0.2819085
ASPA||M195R,ASPA,M195R,main,0,1,0.8687,original,0.4043771,0.2801324,True,0,0.0,0.0,outside_TMD,-0.12424469999999999,1,FP,True,0.2801324
PCBD1||E97K,PCBD1,E97K,main,0,4,0.9113,original,0.23430306,0.2800868,True,0,0.0,0.0,outside_TMD,0.04578374000000002,1,FP,True,0.2800868
PCCB||Y439C,PCCB,Y439C,main,0,1,0.8311,original,0.31896716,0.2793869,True,0,0.0,0.0,outside_TMD,-0.039580260000000034,1,FP,True,0.2793869
APOD||F56V,APOD,F56V,main,0,3,0.8603,original,0.3428969,0.2782647,True,0,0.0,0.0,outside_TMD,-0.06463220000000003,1,FP,True,0.2782647
